#ifdef __has_include
    #if __has_include("lvgl.h")
        #ifndef LV_LVGL_H_INCLUDE_SIMPLE
            #define LV_LVGL_H_INCLUDE_SIMPLE
        #endif
    #endif
#endif

#if defined(LV_LVGL_H_INCLUDE_SIMPLE)
    #include "lvgl.h"
#else
    #include "lvgl/lvgl.h"
#endif

#ifndef LV_ATTRIBUTE_MEM_ALIGN
#define LV_ATTRIBUTE_MEM_ALIGN
#endif

#ifndef LV_ATTRIBUTE_IMG_APP_ESPLORA
#define LV_ATTRIBUTE_IMG_APP_ESPLORA
#endif

/* Icona dell'app Esplora, 112x112: una cartella.
   Disegnata da strumenti/genera_icona_esplora.py, non da un programma di
   grafica, cosi' si puo' rigenerare cambiando due colori. Formato
   LV_IMG_CF_TRUE_COLOR_ALPHA (RGB565 little-endian + 1 byte di alpha), lo
   stesso di img_app_home: sfondo trasparente, sul tema scuro del launcher
   resta la sola sagoma. */
const LV_ATTRIBUTE_MEM_ALIGN LV_ATTRIBUTE_LARGE_CONST LV_ATTRIBUTE_IMG_APP_ESPLORA
uint8_t img_app_esplora_map[] = {
  0x00, 0x00, 0x00, 0x00, 0x00, 0x00, 0x00, 0x00, 0x00, 0x00, 0x00, 0x00,
  0x00, 0x00, 0x00, 0x00, 0x00, 0x00, 0x00, 0x00, 0x00, 0x00, 0x00, 0x00,
  0x00, 0x00, 0x00, 0x00, 0x00, 0x00, 0x00, 0x00, 0x00, 0x00, 0x00, 0x00,
  0x00, 0x00, 0x00, 0x00, 0x00, 0x00, 0x00, 0x00, 0x00, 0x00, 0x00, 0x00,
  0x00, 0x00, 0x00, 0x00, 0x00, 0x00, 0x00, 0x00, 0x00, 0x00, 0x00, 0x00,
  0x00, 0x00, 0x00, 0x00, 0x00, 0x00, 0x00, 0x00, 0x00, 0x00, 0x00, 0x00,
  0x00, 0x00, 0x00, 0x00, 0x00, 0x00, 0x00, 0x00, 0x00, 0x00, 0x00, 0x00,
  0x00, 0x00, 0x00, 0x00, 0x00, 0x00, 0x00, 0x00, 0x00, 0x00, 0x00, 0x00,
  0x00, 0x00, 0x00, 0x00, 0x00, 0x00, 0x00, 0x00, 0x00, 0x00, 0x00, 0x00,
  0x00, 0x00, 0x00, 0x00, 0x00, 0x00, 0x00, 0x00, 0x00, 0x00, 0x00, 0x00,
  0x00, 0x00, 0x00, 0x00, 0x00, 0x00, 0x00, 0x00, 0x00, 0x00, 0x00, 0x00,
  0x00, 0x00, 0x00, 0x00, 0x00, 0x00, 0x00, 0x00, 0x00, 0x00, 0x00, 0x00,
  0x00, 0x00, 0x00, 0x00, 0x00, 0x00, 0x00, 0x00, 0x00, 0x00, 0x00, 0x00,
  0x00, 0x00, 0x00, 0x00, 0x00, 0x00, 0x00, 0x00, 0x00, 0x00, 0x00, 0x00,
  0x00, 0x00, 0x00, 0x00, 0x00, 0x00, 0x00, 0x00, 0x00, 0x00, 0x00, 0x00,
  0x00, 0x00, 0x00, 0x00, 0x00, 0x00, 0x00, 0x00, 0x00, 0x00, 0x00, 0x00,
  0x00, 0x00, 0x00, 0x00, 0x00, 0x00, 0x00, 0x00, 0x00, 0x00, 0x00, 0x00,
  0x00, 0x00, 0x00, 0x00, 0x00, 0x00, 0x00, 0x00, 0x00, 0x00, 0x00, 0x00,
  0x00, 0x00, 0x00, 0x00, 0x00, 0x00, 0x00, 0x00, 0x00, 0x00, 0x00, 0x00,
  0x00, 0x00, 0x00, 0x00, 0x00, 0x00, 0x00, 0x00, 0x00, 0x00, 0x00, 0x00,
  0x00, 0x00, 0x00, 0x00, 0x00, 0x00, 0x00, 0x00, 0x00, 0x00, 0x00, 0x00,
  0x00, 0x00, 0x00, 0x00, 0x00, 0x00, 0x00, 0x00, 0x00, 0x00, 0x00, 0x00,
  0x00, 0x00, 0x00, 0x00, 0x00, 0x00, 0x00, 0x00, 0x00, 0x00, 0x00, 0x00,
  0x00, 0x00, 0x00, 0x00, 0x00, 0x00, 0x00, 0x00, 0x00, 0x00, 0x00, 0x00,
  0x00, 0x00, 0x00, 0x00, 0x00, 0x00, 0x00, 0x00, 0x00, 0x00, 0x00, 0x00,
  0x00, 0x00, 0x00, 0x00, 0x00, 0x00, 0x00, 0x00, 0x00, 0x00, 0x00, 0x00,
  0x00, 0x00, 0x00, 0x00, 0x00, 0x00, 0x00, 0x00, 0x00, 0x00, 0x00, 0x00,
  0x00, 0x00, 0x00, 0x00, 0x00, 0x00, 0x00, 0x00, 0x00, 0x00, 0x00, 0x00,
  0x00, 0x00, 0x00, 0x00, 0x00, 0x00, 0x00, 0x00, 0x00, 0x00, 0x00, 0x00,
  0x00, 0x00, 0x00, 0x00, 0x00, 0x00, 0x00, 0x00, 0x00, 0x00, 0x00, 0x00,
  0x00, 0x00, 0x00, 0x00, 0x00, 0x00, 0x00, 0x00, 0x00, 0x00, 0x00, 0x00,
  0x00, 0x00, 0x00, 0x00, 0x00, 0x00, 0x00, 0x00, 0x00, 0x00, 0x00, 0x00,
  0x00, 0x00, 0x00, 0x00, 0x00, 0x00, 0x00, 0x00, 0x00, 0x00, 0x00, 0x00,
  0x00, 0x00, 0x00, 0x00, 0x00, 0x00, 0x00, 0x00, 0x00, 0x00, 0x00, 0x00,
  0x00, 0x00, 0x00, 0x00, 0x00, 0x00, 0x00, 0x00, 0x00, 0x00, 0x00, 0x00,
  0x00, 0x00, 0x00, 0x00, 0x00, 0x00, 0x00, 0x00, 0x00, 0x00, 0x00, 0x00,
  0x00, 0x00, 0x00, 0x00, 0x00, 0x00, 0x00, 0x00, 0x00, 0x00, 0x00, 0x00,
  0x00, 0x00, 0x00, 0x00, 0x00, 0x00, 0x00, 0x00, 0x00, 0x00, 0x00, 0x00,
  0x00, 0x00, 0x00, 0x00, 0x00, 0x00, 0x00, 0x00, 0x00, 0x00, 0x00, 0x00,
  0x00, 0x00, 0x00, 0x00, 0x00, 0x00, 0x00, 0x00, 0x00, 0x00, 0x00, 0x00,
  0x00, 0x00, 0x00, 0x00, 0x00, 0x00, 0x00, 0x00, 0x00, 0x00, 0x00, 0x00,
  0x00, 0x00, 0x00, 0x00, 0x00, 0x00, 0x00, 0x00, 0x00, 0x00, 0x00, 0x00,
  0x00, 0x00, 0x00, 0x00, 0x00, 0x00, 0x00, 0x00, 0x00, 0x00, 0x00, 0x00,
  0x00, 0x00, 0x00, 0x00, 0x00, 0x00, 0x00, 0x00, 0x00, 0x00, 0x00, 0x00,
  0x00, 0x00, 0x00, 0x00, 0x00, 0x00, 0x00, 0x00, 0x00, 0x00, 0x00, 0x00,
  0x00, 0x00, 0x00, 0x00, 0x00, 0x00, 0x00, 0x00, 0x00, 0x00, 0x00, 0x00,
  0x00, 0x00, 0x00, 0x00, 0x00, 0x00, 0x00, 0x00, 0x00, 0x00, 0x00, 0x00,
  0x00, 0x00, 0x00, 0x00, 0x00, 0x00, 0x00, 0x00, 0x00, 0x00, 0x00, 0x00,
  0x00, 0x00, 0x00, 0x00, 0x00, 0x00, 0x00, 0x00, 0x00, 0x00, 0x00, 0x00,
  0x00, 0x00, 0x00, 0x00, 0x00, 0x00, 0x00, 0x00, 0x00, 0x00, 0x00, 0x00,
  0x00, 0x00, 0x00, 0x00, 0x00, 0x00, 0x00, 0x00, 0x00, 0x00, 0x00, 0x00,
  0x00, 0x00, 0x00, 0x00, 0x00, 0x00, 0x00, 0x00, 0x00, 0x00, 0x00, 0x00,
  0x00, 0x00, 0x00, 0x00, 0x00, 0x00, 0x00, 0x00, 0x00, 0x00, 0x00, 0x00,
  0x00, 0x00, 0x00, 0x00, 0x00, 0x00, 0x00, 0x00, 0x00, 0x00, 0x00, 0x00,
  0x00, 0x00, 0x00, 0x00, 0x00, 0x00, 0x00, 0x00, 0x00, 0x00, 0x00, 0x00,
  0x00, 0x00, 0x00, 0x00, 0x00, 0x00, 0x00, 0x00, 0x00, 0x00, 0x00, 0x00,
  0x00, 0x00, 0x00, 0x00, 0x00, 0x00, 0x00, 0x00, 0x00, 0x00, 0x00, 0x00,
  0x00, 0x00, 0x00, 0x00, 0x00, 0x00, 0x00, 0x00, 0x00, 0x00, 0x00, 0x00,
  0x00, 0x00, 0x00, 0x00, 0x00, 0x00, 0x00, 0x00, 0x00, 0x00, 0x00, 0x00,
  0x00, 0x00, 0x00, 0x00, 0x00, 0x00, 0x00, 0x00, 0x00, 0x00, 0x00, 0x00,
  0x00, 0x00, 0x00, 0x00, 0x00, 0x00, 0x00, 0x00, 0x00, 0x00, 0x00, 0x00,
  0x00, 0x00, 0x00, 0x00, 0x00, 0x00, 0x00, 0x00, 0x00, 0x00, 0x00, 0x00,
  0x00, 0x00, 0x00, 0x00, 0x00, 0x00, 0x00, 0x00, 0x00, 0x00, 0x00, 0x00,
  0x00, 0x00, 0x00, 0x00, 0x00, 0x00, 0x00, 0x00, 0x00, 0x00, 0x00, 0x00,
  0x00, 0x00, 0x00, 0x00, 0x00, 0x00, 0x00, 0x00, 0x00, 0x00, 0x00, 0x00,
  0x00, 0x00, 0x00, 0x00, 0x00, 0x00, 0x00, 0x00, 0x00, 0x00, 0x00, 0x00,
  0x00, 0x00, 0x00, 0x00, 0x00, 0x00, 0x00, 0x00, 0x00, 0x00, 0x00, 0x00,
  0x00, 0x00, 0x00, 0x00, 0x00, 0x00, 0x00, 0x00, 0x00, 0x00, 0x00, 0x00,
  0x00, 0x00, 0x00, 0x00, 0x00, 0x00, 0x00, 0x00, 0x00, 0x00, 0x00, 0x00,
  0x00, 0x00, 0x00, 0x00, 0x00, 0x00, 0x00, 0x00, 0x00, 0x00, 0x00, 0x00,
  0x00, 0x00, 0x00, 0x00, 0x00, 0x00, 0x00, 0x00, 0x00, 0x00, 0x00, 0x00,
  0x00, 0x00, 0x00, 0x00, 0x00, 0x00, 0x00, 0x00, 0x00, 0x00, 0x00, 0x00,
  0x00, 0x00, 0x00, 0x00, 0x00, 0x00, 0x00, 0x00, 0x00, 0x00, 0x00, 0x00,
  0x00, 0x00, 0x00, 0x00, 0x00, 0x00, 0x00, 0x00, 0x00, 0x00, 0x00, 0x00,
  0x00, 0x00, 0x00, 0x00, 0x00, 0x00, 0x00, 0x00, 0x00, 0x00, 0x00, 0x00,
  0x00, 0x00, 0x00, 0x00, 0x00, 0x00, 0x00, 0x00, 0x00, 0x00, 0x00, 0x00,
  0x00, 0x00, 0x00, 0x00, 0x00, 0x00, 0x00, 0x00, 0x00, 0x00, 0x00, 0x00,
  0x00, 0x00, 0x00, 0x00, 0x00, 0x00, 0x00, 0x00, 0x00, 0x00, 0x00, 0x00,
  0x00, 0x00, 0x00, 0x00, 0x00, 0x00, 0x00, 0x00, 0x00, 0x00, 0x00, 0x00,
  0x00, 0x00, 0x00, 0x00, 0x00, 0x00, 0x00, 0x00, 0x00, 0x00, 0x00, 0x00,
  0x00, 0x00, 0x00, 0x00, 0x00, 0x00, 0x00, 0x00, 0x00, 0x00, 0x00, 0x00,
  0x00, 0x00, 0x00, 0x00, 0x00, 0x00, 0x00, 0x00, 0x00, 0x00, 0x00, 0x00,
  0x00, 0x00, 0x00, 0x00, 0x00, 0x00, 0x00, 0x00, 0x00, 0x00, 0x00, 0x00,
  0x00, 0x00, 0x00, 0x00, 0x00, 0x00, 0x00, 0x00, 0x00, 0x00, 0x00, 0x00,
  0x00, 0x00, 0x00, 0x00, 0x00, 0x00, 0x00, 0x00, 0x00, 0x00, 0x00, 0x00,
  0x00, 0x00, 0x00, 0x00, 0x00, 0x00, 0x00, 0x00, 0x00, 0x00, 0x00, 0x00,
  0x00, 0x00, 0x00, 0x00, 0x00, 0x00, 0x00, 0x00, 0x00, 0x00, 0x00, 0x00,
  0x00, 0x00, 0x00, 0x00, 0x00, 0x00, 0x00, 0x00, 0x00, 0x00, 0x00, 0x00,
  0x00, 0x00, 0x00, 0x00, 0x00, 0x00, 0x00, 0x00, 0x00, 0x00, 0x00, 0x00,
  0x00, 0x00, 0x00, 0x00, 0x00, 0x00, 0x00, 0x00, 0x00, 0x00, 0x00, 0x00,
  0x00, 0x00, 0x00, 0x00, 0x00, 0x00, 0x00, 0x00, 0x00, 0x00, 0x00, 0x00,
  0x00, 0x00, 0x00, 0x00, 0x00, 0x00, 0x00, 0x00, 0x00, 0x00, 0x00, 0x00,
  0x00, 0x00, 0x00, 0x00, 0x00, 0x00, 0x00, 0x00, 0x00, 0x00, 0x00, 0x00,
  0x00, 0x00, 0x00, 0x00, 0x00, 0x00, 0x00, 0x00, 0x00, 0x00, 0x00, 0x00,
  0x00, 0x00, 0x00, 0x00, 0x00, 0x00, 0x00, 0x00, 0x00, 0x00, 0x00, 0x00,
  0x00, 0x00, 0x00, 0x00, 0x00, 0x00, 0x00, 0x00, 0x00, 0x00, 0x00, 0x00,
  0x00, 0x00, 0x00, 0x00, 0x00, 0x00, 0x00, 0x00, 0x00, 0x00, 0x00, 0x00,
  0x00, 0x00, 0x00, 0x00, 0x00, 0x00, 0x00, 0x00, 0x00, 0x00, 0x00, 0x00,
  0x00, 0x00, 0x00, 0x00, 0x00, 0x00, 0x00, 0x00, 0x00, 0x00, 0x00, 0x00,
  0x00, 0x00, 0x00, 0x00, 0x00, 0x00, 0x00, 0x00, 0x00, 0x00, 0x00, 0x00,
  0x00, 0x00, 0x00, 0x00, 0x00, 0x00, 0x00, 0x00, 0x00, 0x00, 0x00, 0x00,
  0x00, 0x00, 0x00, 0x00, 0x00, 0x00, 0x00, 0x00, 0x00, 0x00, 0x00, 0x00,
  0x00, 0x00, 0x00, 0x00, 0x00, 0x00, 0x00, 0x00, 0x00, 0x00, 0x00, 0x00,
  0x00, 0x00, 0x00, 0x00, 0x00, 0x00, 0x00, 0x00, 0x00, 0x00, 0x00, 0x00,
  0x00, 0x00, 0x00, 0x00, 0x00, 0x00, 0x00, 0x00, 0x00, 0x00, 0x00, 0x00,
  0x00, 0x00, 0x00, 0x00, 0x00, 0x00, 0x00, 0x00, 0x00, 0x00, 0x00, 0x00,
  0x00, 0x00, 0x00, 0x00, 0x00, 0x00, 0x00, 0x00, 0x00, 0x00, 0x00, 0x00,
  0x00, 0x00, 0x00, 0x00, 0x00, 0x00, 0x00, 0x00, 0x00, 0x00, 0x00, 0x00,
  0x00, 0x00, 0x00, 0x00, 0x00, 0x00, 0x00, 0x00, 0x00, 0x00, 0x00, 0x00,
  0x00, 0x00, 0x00, 0x00, 0x00, 0x00, 0x00, 0x00, 0x00, 0x00, 0x00, 0x00,
  0x00, 0x00, 0x00, 0x00, 0x00, 0x00, 0x00, 0x00, 0x00, 0x00, 0x00, 0x00,
  0x00, 0x00, 0x00, 0x00, 0x00, 0x00, 0x00, 0x00, 0x00, 0x00, 0x00, 0x00,
  0x00, 0x00, 0x00, 0x00, 0x00, 0x00, 0x00, 0x00, 0x00, 0x00, 0x00, 0x00,
  0x00, 0x00, 0x00, 0x00, 0x00, 0x00, 0x00, 0x00, 0x00, 0x00, 0x00, 0x00,
  0x00, 0x00, 0x00, 0x00, 0x00, 0x00, 0x00, 0x00, 0x00, 0x00, 0x00, 0x00,
  0x00, 0x00, 0x00, 0x00, 0x00, 0x00, 0x00, 0x00, 0x00, 0x00, 0x00, 0x00,
  0x00, 0x00, 0x00, 0x00, 0x00, 0x00, 0x00, 0x00, 0x00, 0x00, 0x00, 0x00,
  0x00, 0x00, 0x00, 0x00, 0x00, 0x00, 0x00, 0x00, 0x00, 0x00, 0x00, 0x00,
  0x00, 0x00, 0x00, 0x00, 0x00, 0x00, 0x00, 0x00, 0x00, 0x00, 0x00, 0x00,
  0x00, 0x00, 0x00, 0x00, 0x00, 0x00, 0x00, 0x00, 0x00, 0x00, 0x00, 0x00,
  0x00, 0x00, 0x00, 0x00, 0x00, 0x00, 0x00, 0x00, 0x00, 0x00, 0x00, 0x00,
  0x00, 0x00, 0x00, 0x00, 0x00, 0x00, 0x00, 0x00, 0x00, 0x00, 0x00, 0x00,
  0x00, 0x00, 0x00, 0x00, 0x00, 0x00, 0x00, 0x00, 0x00, 0x00, 0x00, 0x00,
  0x00, 0x00, 0x00, 0x00, 0x00, 0x00, 0x00, 0x00, 0x00, 0x00, 0x00, 0x00,
  0x00, 0x00, 0x00, 0x00, 0x00, 0x00, 0x00, 0x00, 0x00, 0x00, 0x00, 0x00,
  0x00, 0x00, 0x00, 0x00, 0x00, 0x00, 0x00, 0x00, 0x00, 0x00, 0x00, 0x00,
  0x00, 0x00, 0x00, 0x00, 0x00, 0x00, 0x00, 0x00, 0x00, 0x00, 0x00, 0x00,
  0x00, 0x00, 0x00, 0x00, 0x00, 0x00, 0x00, 0x00, 0x00, 0x00, 0x00, 0x00,
  0x00, 0x00, 0x00, 0x00, 0x00, 0x00, 0x00, 0x00, 0x00, 0x00, 0x00, 0x00,
  0x00, 0x00, 0x00, 0x00, 0x00, 0x00, 0x00, 0x00, 0x00, 0x00, 0x00, 0x00,
  0x00, 0x00, 0x00, 0x00, 0x00, 0x00, 0x00, 0x00, 0x00, 0x00, 0x00, 0x00,
  0x00, 0x00, 0x00, 0x00, 0x00, 0x00, 0x00, 0x00, 0x00, 0x00, 0x00, 0x00,
  0x00, 0x00, 0x00, 0x00, 0x00, 0x00, 0x00, 0x00, 0x00, 0x00, 0x00, 0x00,
  0x00, 0x00, 0x00, 0x00, 0x00, 0x00, 0x00, 0x00, 0x00, 0x00, 0x00, 0x00,
  0x00, 0x00, 0x00, 0x00, 0x00, 0x00, 0x00, 0x00, 0x00, 0x00, 0x00, 0x00,
  0x00, 0x00, 0x00, 0x00, 0x00, 0x00, 0x00, 0x00, 0x00, 0x00, 0x00, 0x00,
  0x00, 0x00, 0x00, 0x00, 0x00, 0x00, 0x00, 0x00, 0x00, 0x00, 0x00, 0x00,
  0x00, 0x00, 0x00, 0x00, 0x00, 0x00, 0x00, 0x00, 0x00, 0x00, 0x00, 0x00,
  0x00, 0x00, 0x00, 0x00, 0x00, 0x00, 0x00, 0x00, 0x00, 0x00, 0x00, 0x00,
  0x00, 0x00, 0x00, 0x00, 0x00, 0x00, 0x00, 0x00, 0x00, 0x00, 0x00, 0x00,
  0x00, 0x00, 0x00, 0x00, 0x00, 0x00, 0x00, 0x00, 0x00, 0x00, 0x00, 0x00,
  0x00, 0x00, 0x00, 0x00, 0x00, 0x00, 0x00, 0x00, 0x00, 0x00, 0x00, 0x00,
  0x00, 0x00, 0x00, 0x00, 0x00, 0x00, 0x00, 0x00, 0x00, 0x00, 0x00, 0x00,
  0x00, 0x00, 0x00, 0x00, 0x00, 0x00, 0x00, 0x00, 0x00, 0x00, 0x00, 0x00,
  0x00, 0x00, 0x00, 0x00, 0x00, 0x00, 0x00, 0x00, 0x00, 0x00, 0x00, 0x00,
  0x00, 0x00, 0x00, 0x00, 0x00, 0x00, 0x00, 0x00, 0x00, 0x00, 0x00, 0x00,
  0x00, 0x00, 0x00, 0x00, 0x00, 0x00, 0x00, 0x00, 0x00, 0x00, 0x00, 0x00,
  0x00, 0x00, 0x00, 0x00, 0x00, 0x00, 0x00, 0x00, 0x00, 0x00, 0x00, 0x00,
  0x00, 0x00, 0x00, 0x00, 0x00, 0x00, 0x00, 0x00, 0x00, 0x00, 0x00, 0x00,
  0x00, 0x00, 0x00, 0x00, 0x00, 0x00, 0x00, 0x00, 0x00, 0x00, 0x00, 0x00,
  0x00, 0x00, 0x00, 0x00, 0x00, 0x00, 0x00, 0x00, 0x00, 0x00, 0x00, 0x00,
  0x00, 0x00, 0x00, 0x00, 0x00, 0x00, 0x00, 0x00, 0x00, 0x00, 0x00, 0x00,
  0x00, 0x00, 0x00, 0x00, 0x00, 0x00, 0x00, 0x00, 0x00, 0x00, 0x00, 0x00,
  0x00, 0x00, 0x00, 0x00, 0x00, 0x00, 0x00, 0x00, 0x00, 0x00, 0x00, 0x00,
  0x00, 0x00, 0x00, 0x00, 0x00, 0x00, 0x00, 0x00, 0x00, 0x00, 0x00, 0x00,
  0x00, 0x00, 0x00, 0x00, 0x00, 0x00, 0x00, 0x00, 0x00, 0x00, 0x00, 0x00,
  0x00, 0x00, 0x00, 0x00, 0x00, 0x00, 0x00, 0x00, 0x00, 0x00, 0x00, 0x00,
  0x00, 0x00, 0x00, 0x00, 0x00, 0x00, 0x00, 0x00, 0x00, 0x00, 0x00, 0x00,
  0x00, 0x00, 0x00, 0x00, 0x00, 0x00, 0x00, 0x00, 0x00, 0x00, 0x00, 0x00,
  0x00, 0x00, 0x00, 0x00, 0x00, 0x00, 0x00, 0x00, 0x00, 0x00, 0x00, 0x00,
  0x00, 0x00, 0x00, 0x00, 0x00, 0x00, 0x00, 0x00, 0x00, 0x00, 0x00, 0x00,
  0x00, 0x00, 0x00, 0x00, 0x00, 0x00, 0x00, 0x00, 0x00, 0x00, 0x00, 0x00,
  0x00, 0x00, 0x00, 0x00, 0x00, 0x00, 0x00, 0x00, 0x00, 0x00, 0x00, 0x00,
  0x00, 0x00, 0x00, 0x00, 0x00, 0x00, 0x00, 0x00, 0x00, 0x00, 0x00, 0x00,
  0x00, 0x00, 0x00, 0x00, 0x00, 0x00, 0x00, 0x00, 0x00, 0x00, 0x00, 0x00,
  0x00, 0x00, 0x00, 0x00, 0x00, 0x00, 0x00, 0x00, 0x00, 0x00, 0x00, 0x00,
  0x00, 0x00, 0x00, 0x00, 0x00, 0x00, 0x00, 0x00, 0x00, 0x00, 0x00, 0x00,
  0x00, 0x00, 0x00, 0x00, 0x00, 0x00, 0x00, 0x00, 0x00, 0x00, 0x00, 0x00,
  0x00, 0x00, 0x00, 0x00, 0x00, 0x00, 0x00, 0x00, 0x00, 0x00, 0x00, 0x00,
  0x00, 0x00, 0x00, 0x00, 0x00, 0x00, 0x00, 0x00, 0x00, 0x00, 0x00, 0x00,
  0x00, 0x00, 0x00, 0x00, 0x00, 0x00, 0x00, 0x00, 0x00, 0x00, 0x00, 0x00,
  0x00, 0x00, 0x00, 0x00, 0x00, 0x00, 0x00, 0x00, 0x00, 0x00, 0x00, 0x00,
  0x00, 0x00, 0x00, 0x00, 0x00, 0x00, 0x00, 0x00, 0x00, 0x00, 0x00, 0x00,
  0x00, 0x00, 0x00, 0x00, 0x00, 0x00, 0x00, 0x00, 0x00, 0x00, 0x00, 0x00,
  0x00, 0x00, 0x00, 0x00, 0x00, 0x00, 0x00, 0x00, 0x00, 0x00, 0x00, 0x00,
  0x00, 0x00, 0x00, 0x00, 0x00, 0x00, 0x00, 0x00, 0x00, 0x00, 0x00, 0x00,
  0x00, 0x00, 0x00, 0x00, 0x00, 0x00, 0x00, 0x00, 0x00, 0x00, 0x00, 0x00,
  0x00, 0x00, 0x00, 0x00, 0x00, 0x00, 0x00, 0x00, 0x00, 0x00, 0x00, 0x00,
  0x00, 0x00, 0x00, 0x00, 0x00, 0x00, 0x00, 0x00, 0x00, 0x00, 0x00, 0x00,
  0x00, 0x00, 0x00, 0x00, 0x00, 0x00, 0x00, 0x00, 0x00, 0x00, 0x00, 0x00,
  0x00, 0x00, 0x00, 0x00, 0x00, 0x00, 0x00, 0x00, 0x00, 0x00, 0x00, 0x00,
  0x00, 0x00, 0x00, 0x00, 0x00, 0x00, 0x00, 0x00, 0x00, 0x00, 0x00, 0x00,
  0x00, 0x00, 0x00, 0x00, 0x00, 0x00, 0x00, 0x00, 0x00, 0x00, 0x00, 0x00,
  0x00, 0x00, 0x00, 0x00, 0x00, 0x00, 0x00, 0x00, 0x00, 0x00, 0x00, 0x00,
  0x00, 0x00, 0x00, 0x00, 0x00, 0x00, 0x00, 0x00, 0x00, 0x00, 0x00, 0x00,
  0x00, 0x00, 0x00, 0x00, 0x00, 0x00, 0x00, 0x00, 0x00, 0x00, 0x00, 0x00,
  0x00, 0x00, 0x00, 0x00, 0x00, 0x00, 0x00, 0x00, 0x00, 0x00, 0x00, 0x00,
  0x00, 0x00, 0x00, 0x00, 0x00, 0x00, 0x00, 0x00, 0x00, 0x00, 0x00, 0x00,
  0x00, 0x00, 0x00, 0x00, 0x00, 0x00, 0x00, 0x00, 0x00, 0x00, 0x00, 0x00,
  0x00, 0x00, 0x00, 0x00, 0x00, 0x00, 0x00, 0x00, 0x00, 0x00, 0x00, 0x00,
  0x00, 0x00, 0x00, 0x00, 0x00, 0x00, 0x00, 0x00, 0x00, 0x00, 0x00, 0x00,
  0x00, 0x00, 0x00, 0x00, 0x00, 0x00, 0x00, 0x00, 0x00, 0x00, 0x00, 0x00,
  0x00, 0x00, 0x00, 0x00, 0x00, 0x00, 0x00, 0x00, 0x00, 0x00, 0x00, 0x00,
  0x00, 0x00, 0x00, 0x00, 0x00, 0x00, 0x00, 0x00, 0x00, 0x00, 0x00, 0x00,
  0x00, 0x00, 0x00, 0x00, 0x00, 0x00, 0x00, 0x00, 0x00, 0x00, 0x00, 0x00,
  0x00, 0x00, 0x00, 0x00, 0x00, 0x00, 0x00, 0x00, 0x00, 0x00, 0x00, 0x00,
  0x00, 0x00, 0x00, 0x00, 0x00, 0x00, 0x00, 0x00, 0x00, 0x00, 0x00, 0x00,
  0x00, 0x00, 0x00, 0x00, 0x00, 0x00, 0x00, 0x00, 0x00, 0x00, 0x00, 0x00,
  0x00, 0x00, 0x00, 0x00, 0x00, 0x00, 0x00, 0x00, 0x00, 0x00, 0x00, 0x00,
  0x00, 0x00, 0x00, 0x00, 0x00, 0x00, 0x00, 0x00, 0x00, 0x00, 0x00, 0x00,
  0x00, 0x00, 0x00, 0x00, 0x00, 0x00, 0x00, 0x00, 0x00, 0x00, 0x00, 0x00,
  0x00, 0x00, 0x00, 0x00, 0x00, 0x00, 0x00, 0x00, 0x00, 0x00, 0x00, 0x00,
  0x00, 0x00, 0x00, 0x00, 0x00, 0x00, 0x00, 0x00, 0x00, 0x00, 0x00, 0x00,
  0x00, 0x00, 0x00, 0x00, 0x00, 0x00, 0x00, 0x00, 0x00, 0x00, 0x00, 0x00,
  0x00, 0x00, 0x00, 0x00, 0x00, 0x00, 0x00, 0x00, 0x00, 0x00, 0x00, 0x00,
  0x00, 0x00, 0x00, 0x00, 0x00, 0x00, 0x00, 0x00, 0x00, 0x00, 0x00, 0x00,
  0x00, 0x00, 0x00, 0x00, 0x00, 0x00, 0x00, 0x00, 0x00, 0x00, 0x00, 0x00,
  0x00, 0x00, 0x00, 0x00, 0x00, 0x00, 0x00, 0x00, 0x00, 0x00, 0x00, 0x00,
  0x00, 0x00, 0x00, 0x00, 0x00, 0x00, 0x00, 0x00, 0x00, 0x00, 0x00, 0x00,
  0x00, 0x00, 0x00, 0x00, 0x00, 0x00, 0x00, 0x00, 0x00, 0x00, 0x00, 0x00,
  0x00, 0x00, 0x00, 0x00, 0x00, 0x00, 0x00, 0x00, 0x00, 0x00, 0x00, 0x00,
  0x00, 0x00, 0x00, 0x00, 0x00, 0x00, 0x00, 0x00, 0x00, 0x00, 0x00, 0x00,
  0x00, 0x00, 0x00, 0x00, 0x00, 0x00, 0x00, 0x00, 0x00, 0x00, 0x00, 0x00,
  0x00, 0x00, 0x00, 0x00, 0x00, 0x00, 0x00, 0x00, 0x00, 0x00, 0x00, 0x00,
  0x00, 0x00, 0x00, 0x00, 0x00, 0x00, 0x00, 0x00, 0x00, 0x00, 0x00, 0x00,
  0x00, 0x00, 0x00, 0x00, 0x00, 0x00, 0x00, 0x00, 0x00, 0x00, 0x00, 0x00,
  0x00, 0x00, 0x00, 0x00, 0x00, 0x00, 0x00, 0x00, 0x00, 0x00, 0x00, 0x00,
  0x00, 0x00, 0x00, 0x00, 0x00, 0x00, 0x00, 0x00, 0x00, 0x00, 0x00, 0x00,
  0x00, 0x00, 0x00, 0x00, 0x00, 0x00, 0x00, 0x00, 0x00, 0x00, 0x00, 0x00,
  0x00, 0x00, 0x00, 0x00, 0x00, 0x00, 0x00, 0x00, 0x00, 0x00, 0x00, 0x00,
  0x00, 0x00, 0x00, 0x00, 0x00, 0x00, 0x00, 0x00, 0x00, 0x00, 0x00, 0x00,
  0x00, 0x00, 0x00, 0x00, 0x00, 0x00, 0x00, 0x00, 0x00, 0x00, 0x00, 0x00,
  0x00, 0x00, 0x00, 0x00, 0x00, 0x00, 0x00, 0x00, 0x00, 0x00, 0x00, 0x00,
  0x00, 0x00, 0x00, 0x00, 0x00, 0x00, 0x00, 0x00, 0x00, 0x00, 0x00, 0x00,
  0x00, 0x00, 0x00, 0x00, 0x00, 0x00, 0x00, 0x00, 0x00, 0x00, 0x00, 0x00,
  0x00, 0x00, 0x00, 0x00, 0x00, 0x00, 0x00, 0x00, 0x00, 0x00, 0x00, 0x00,
  0x00, 0x00, 0x00, 0x00, 0x00, 0x00, 0x00, 0x00, 0x00, 0x00, 0x00, 0x00,
  0x00, 0x00, 0x00, 0x00, 0x00, 0x00, 0x00, 0x00, 0x00, 0x00, 0x00, 0x00,
  0x00, 0x00, 0x00, 0x00, 0x00, 0x00, 0x00, 0x00, 0x00, 0x00, 0x00, 0x00,
  0x00, 0x00, 0x00, 0x00, 0x00, 0x00, 0x00, 0x00, 0x00, 0x00, 0x00, 0x00,
  0x00, 0x00, 0x00, 0x00, 0x00, 0x00, 0x00, 0x00, 0x00, 0x00, 0x00, 0x00,
  0x00, 0x00, 0x00, 0x00, 0x00, 0x00, 0x00, 0x00, 0x00, 0x00, 0x00, 0x00,
  0x00, 0x00, 0x00, 0x00, 0x00, 0x00, 0x00, 0x00, 0x00, 0x00, 0x00, 0x00,
  0x00, 0x00, 0x00, 0x00, 0x00, 0x00, 0x00, 0x00, 0x00, 0x00, 0x00, 0x00,
  0x00, 0x00, 0x00, 0x00, 0x00, 0x00, 0x00, 0x00, 0x00, 0x00, 0x00, 0x00,
  0x00, 0x00, 0x00, 0x00, 0x00, 0x00, 0x00, 0x00, 0x00, 0x00, 0x00, 0x00,
  0x00, 0x00, 0x00, 0x00, 0x00, 0x00, 0x00, 0x00, 0x00, 0x00, 0x00, 0x00,
  0x00, 0x00, 0x00, 0x00, 0x00, 0x00, 0x00, 0x00, 0x00, 0x00, 0x00, 0x00,
  0x00, 0x00, 0x00, 0x00, 0x00, 0x00, 0x00, 0x00, 0x00, 0x00, 0x00, 0x00,
  0x00, 0x00, 0x00, 0x00, 0x00, 0x00, 0x00, 0x00, 0x00, 0x00, 0x00, 0x00,
  0x00, 0x00, 0x00, 0x00, 0x00, 0x00, 0x00, 0x00, 0x00, 0x00, 0x00, 0x00,
  0x00, 0x00, 0x00, 0x00, 0x00, 0x00, 0x00, 0x00, 0x00, 0x00, 0x00, 0x00,
  0x00, 0x00, 0x00, 0x00, 0x00, 0x00, 0x00, 0x00, 0x00, 0x00, 0x00, 0x00,
  0x00, 0x00, 0x00, 0x00, 0x00, 0x00, 0x00, 0x00, 0x00, 0x00, 0x00, 0x00,
  0x00, 0x00, 0x00, 0x00, 0x00, 0x00, 0x00, 0x00, 0x00, 0x00, 0x00, 0x00,
  0x00, 0x00, 0x00, 0x00, 0x00, 0x00, 0x00, 0x00, 0x00, 0x00, 0x00, 0x00,
  0x00, 0x00, 0x00, 0x00, 0x00, 0x00, 0x00, 0x00, 0x00, 0x00, 0x00, 0x00,
  0x00, 0x00, 0x00, 0x00, 0x00, 0x00, 0x00, 0x00, 0x00, 0x00, 0x00, 0x00,
  0x00, 0x00, 0x00, 0x00, 0x00, 0x00, 0x00, 0x00, 0x00, 0x00, 0x00, 0x00,
  0x00, 0x00, 0x00, 0x00, 0x00, 0x00, 0x00, 0x00, 0x00, 0x00, 0x00, 0x00,
  0x00, 0x00, 0x00, 0x00, 0x00, 0x00, 0x00, 0x00, 0x00, 0x00, 0x00, 0x00,
  0x00, 0x00, 0x00, 0x00, 0x00, 0x00, 0x00, 0x00, 0x00, 0x00, 0x00, 0x00,
  0x00, 0x00, 0x00, 0x00, 0x00, 0x00, 0x00, 0x00, 0x00, 0x00, 0x00, 0x00,
  0x00, 0x00, 0x00, 0x00, 0x00, 0x00, 0x00, 0x00, 0x00, 0x00, 0x00, 0x00,
  0x00, 0x00, 0x00, 0x00, 0x00, 0x00, 0x00, 0x00, 0x00, 0x00, 0x00, 0x00,
  0x00, 0x00, 0x00, 0x00, 0x00, 0x00, 0x00, 0x00, 0x00, 0x00, 0x00, 0x00,
  0x00, 0x00, 0x00, 0x00, 0x00, 0x00, 0x00, 0x00, 0x00, 0x00, 0x00, 0x00,
  0x00, 0x00, 0x00, 0x00, 0x00, 0x00, 0x00, 0x00, 0x00, 0x00, 0x00, 0x00,
  0x00, 0x00, 0x00, 0x00, 0x00, 0x00, 0x00, 0x00, 0x00, 0x00, 0x00, 0x00,
  0x00, 0x00, 0x00, 0x00, 0x00, 0x00, 0x00, 0x00, 0x00, 0x00, 0x00, 0x00,
  0x00, 0x00, 0x00, 0x00, 0x00, 0x00, 0x00, 0x00, 0x00, 0x00, 0x00, 0x00,
  0x00, 0x00, 0x00, 0x00, 0x00, 0x00, 0x00, 0x00, 0x00, 0x00, 0x00, 0x00,
  0x00, 0x00, 0x00, 0x00, 0x00, 0x00, 0x00, 0x00, 0x00, 0x00, 0x00, 0x00,
  0x00, 0x00, 0x00, 0x00, 0x00, 0x00, 0x00, 0x00, 0x00, 0x00, 0x00, 0x00,
  0x00, 0x00, 0x00, 0x00, 0x00, 0x00, 0x00, 0x00, 0x00, 0x00, 0x00, 0x00,
  0x00, 0x00, 0x00, 0x00, 0x00, 0x00, 0x00, 0x00, 0x00, 0x00, 0x00, 0x00,
  0x00, 0x00, 0x00, 0x00, 0x00, 0x00, 0x00, 0x00, 0x00, 0x00, 0x00, 0x00,
  0x00, 0x00, 0x00, 0x00, 0x00, 0x00, 0x00, 0x00, 0x00, 0x00, 0x00, 0x00,
  0x00, 0x00, 0x00, 0x00, 0x00, 0x00, 0x00, 0x00, 0x00, 0x00, 0x00, 0x00,
  0x00, 0x00, 0x00, 0x00, 0x00, 0x00, 0x00, 0x00, 0x00, 0x00, 0x00, 0x00,
  0x00, 0x00, 0x00, 0x00, 0x00, 0x00, 0x00, 0x00, 0x00, 0x00, 0x00, 0x00,
  0x00, 0x00, 0x00, 0x00, 0x00, 0x00, 0x00, 0x00, 0x00, 0x00, 0x00, 0x00,
  0x00, 0x00, 0x00, 0x00, 0x00, 0x00, 0x00, 0x00, 0x00, 0x00, 0x00, 0x00,
  0x00, 0x00, 0x00, 0x00, 0x00, 0x00, 0x00, 0x00, 0x00, 0x00, 0x00, 0x00,
  0x00, 0x00, 0x00, 0x00, 0x00, 0x00, 0x00, 0x00, 0x00, 0x00, 0x00, 0x00,
  0x00, 0x00, 0x00, 0x00, 0x00, 0x00, 0x00, 0x00, 0x00, 0x00, 0x00, 0x00,
  0x00, 0x00, 0x00, 0x00, 0x00, 0x00, 0x00, 0x00, 0x00, 0x00, 0x00, 0x00,
  0x00, 0x00, 0x00, 0x00, 0x00, 0x00, 0x00, 0x00, 0x00, 0x00, 0x00, 0x00,
  0x00, 0x00, 0x00, 0x00, 0x00, 0x00, 0x00, 0x00, 0x00, 0x00, 0x00, 0x00,
  0x00, 0x00, 0x00, 0x00, 0x00, 0x00, 0x00, 0x00, 0x00, 0x00, 0x00, 0x00,
  0x00, 0x00, 0x00, 0x00, 0x00, 0x00, 0x00, 0x00, 0x00, 0x00, 0x00, 0x00,
  0x00, 0x00, 0x00, 0x00, 0x00, 0x00, 0x00, 0x00, 0x00, 0x00, 0x00, 0x00,
  0x00, 0x00, 0x00, 0x00, 0x00, 0x00, 0x00, 0x00, 0x00, 0x00, 0x00, 0x00,
  0x00, 0x00, 0x00, 0x00, 0x00, 0x00, 0x00, 0x00, 0x00, 0x00, 0x00, 0x00,
  0x00, 0x00, 0x00, 0x00, 0x00, 0x00, 0x00, 0x00, 0x00, 0x00, 0x00, 0x00,
  0x00, 0x00, 0x00, 0x00, 0x00, 0x00, 0x00, 0x00, 0x00, 0x00, 0x00, 0x00,
  0x00, 0x00, 0x00, 0x00, 0x00, 0x00, 0x00, 0x00, 0x00, 0x00, 0x00, 0x00,
  0x00, 0x00, 0x00, 0x00, 0x00, 0x00, 0x00, 0x00, 0x00, 0x00, 0x00, 0x00,
  0x00, 0x00, 0x00, 0x00, 0x00, 0x00, 0x00, 0x00, 0x00, 0x00, 0x00, 0x00,
  0x00, 0x00, 0x00, 0x00, 0x00, 0x00, 0x00, 0x00, 0x00, 0x00, 0x00, 0x00,
  0x00, 0x00, 0x00, 0x00, 0x00, 0x00, 0x00, 0x00, 0x00, 0x00, 0x00, 0x00,
  0x00, 0x00, 0x00, 0x00, 0x00, 0x00, 0x00, 0x00, 0x00, 0x00, 0x00, 0x00,
  0x00, 0x00, 0x00, 0x00, 0x00, 0x00, 0x00, 0x00, 0x00, 0x00, 0x00, 0x00,
  0x00, 0x00, 0x00, 0x00, 0x00, 0x00, 0x00, 0x00, 0x00, 0x00, 0x00, 0x00,
  0x00, 0x00, 0x00, 0x00, 0x00, 0x00, 0x00, 0x00, 0x00, 0x00, 0x00, 0x00,
  0x00, 0x00, 0x00, 0x00, 0x00, 0x00, 0x00, 0x00, 0x00, 0x00, 0x00, 0x00,
  0x00, 0x00, 0x00, 0x00, 0x00, 0x00, 0x00, 0x00, 0x00, 0x00, 0x00, 0x00,
  0x00, 0x00, 0x00, 0x00, 0x00, 0x00, 0x00, 0x00, 0x00, 0x00, 0x00, 0x00,
  0x00, 0x00, 0x00, 0x00, 0x00, 0x00, 0x00, 0x00, 0x00, 0x00, 0x00, 0x00,
  0x00, 0x00, 0x00, 0x00, 0x00, 0x00, 0x00, 0x00, 0x00, 0x00, 0x00, 0x00,
  0x00, 0x00, 0x00, 0x00, 0x00, 0x00, 0x00, 0x00, 0x00, 0x00, 0x00, 0x00,
  0x00, 0x00, 0x00, 0x00, 0x00, 0x00, 0x00, 0x00, 0x00, 0x00, 0x00, 0x00,
  0x00, 0x00, 0x00, 0x00, 0x00, 0x00, 0x00, 0x00, 0x00, 0x00, 0x00, 0x00,
  0x00, 0x00, 0x00, 0x00, 0x00, 0x00, 0x00, 0x00, 0x00, 0x00, 0x00, 0x00,
  0x00, 0x00, 0x00, 0x00, 0x00, 0x00, 0x00, 0x00, 0x00, 0x00, 0x00, 0x00,
  0x00, 0x00, 0x00, 0x00, 0x00, 0x00, 0x00, 0x00, 0x00, 0x00, 0x00, 0x00,
  0x00, 0x00, 0x00, 0x00, 0x00, 0x00, 0x00, 0x00, 0x00, 0x00, 0x00, 0x00,
  0x00, 0x00, 0x00, 0x00, 0x00, 0x00, 0x00, 0x00, 0x00, 0x00, 0x00, 0x00,
  0x00, 0x00, 0x00, 0x00, 0x00, 0x00, 0x00, 0x00, 0x00, 0x00, 0x00, 0x00,
  0x00, 0x00, 0x00, 0x00, 0x00, 0x00, 0x00, 0x00, 0x00, 0x00, 0x00, 0x00,
  0x00, 0x00, 0x00, 0x00, 0x00, 0x00, 0x00, 0x00, 0x00, 0x00, 0x00, 0x00,
  0x00, 0x00, 0x00, 0x00, 0x00, 0x00, 0x00, 0x00, 0x00, 0x00, 0x00, 0x00,
  0x00, 0x00, 0x00, 0x00, 0x00, 0x00, 0x00, 0x00, 0x00, 0x00, 0x00, 0x00,
  0x00, 0x00, 0x00, 0x00, 0x00, 0x00, 0x00, 0x00, 0x00, 0x00, 0x00, 0x00,
  0x00, 0x00, 0x00, 0x00, 0x00, 0x00, 0x00, 0x00, 0x00, 0x00, 0x00, 0x00,
  0x00, 0x00, 0x00, 0x00, 0x00, 0x00, 0x00, 0x00, 0x00, 0x00, 0x00, 0x00,
  0x00, 0x00, 0x00, 0x00, 0x00, 0x00, 0x00, 0x00, 0x00, 0x00, 0x00, 0x00,
  0x00, 0x00, 0x00, 0x00, 0x00, 0x00, 0x00, 0x00, 0x00, 0x00, 0x00, 0x00,
  0x00, 0x00, 0x00, 0x00, 0x00, 0x00, 0x00, 0x00, 0x00, 0x00, 0x00, 0x00,
  0x00, 0x00, 0x00, 0x00, 0x00, 0x00, 0x00, 0x00, 0x00, 0x00, 0x00, 0x00,
  0x00, 0x00, 0x00, 0x00, 0x00, 0x00, 0x00, 0x00, 0x00, 0x00, 0x00, 0x00,
  0x00, 0x00, 0x00, 0x00, 0x00, 0x00, 0x00, 0x00, 0x00, 0x00, 0x00, 0x00,
  0x00, 0x00, 0x00, 0x00, 0x00, 0x00, 0x00, 0x00, 0x00, 0x00, 0x00, 0x00,
  0x00, 0x00, 0x00, 0x00, 0x00, 0x00, 0x00, 0x00, 0x00, 0x00, 0x00, 0x00,
  0x00, 0x00, 0x00, 0x00, 0x00, 0x00, 0x00, 0x00, 0x00, 0x00, 0x00, 0x00,
  0x00, 0x00, 0x00, 0x00, 0x00, 0x00, 0x00, 0x00, 0x00, 0x00, 0x00, 0x00,
  0x00, 0x00, 0x00, 0x00, 0x00, 0x00, 0x00, 0x00, 0x00, 0x00, 0x00, 0x00,
  0x00, 0x00, 0x00, 0x00, 0x00, 0x00, 0x00, 0x00, 0x00, 0x00, 0x00, 0x00,
  0x00, 0x00, 0x00, 0x00, 0x00, 0x00, 0x00, 0x00, 0x00, 0x00, 0x00, 0x00,
  0x00, 0x00, 0x00, 0x00, 0x00, 0x00, 0x00, 0x00, 0x00, 0x00, 0x00, 0x00,
  0x00, 0x00, 0x00, 0x00, 0x00, 0x00, 0x00, 0x00, 0x00, 0x00, 0x00, 0x00,
  0x00, 0x00, 0x00, 0x00, 0x00, 0x00, 0x00, 0x00, 0x00, 0x00, 0x00, 0x00,
  0x00, 0x00, 0x00, 0x00, 0x00, 0x00, 0x00, 0x00, 0x00, 0x00, 0x00, 0x00,
  0x00, 0x00, 0x00, 0x00, 0x00, 0x00, 0x00, 0x00, 0x00, 0x00, 0x00, 0x00,
  0x00, 0x00, 0x00, 0x00, 0x00, 0x00, 0x00, 0x00, 0x00, 0x00, 0x00, 0x00,
  0x00, 0x00, 0x00, 0x00, 0x00, 0x00, 0x00, 0x00, 0x00, 0x00, 0x00, 0x00,
  0x00, 0x00, 0x00, 0x00, 0x00, 0x00, 0x00, 0x00, 0x00, 0x00, 0x00, 0x00,
  0x00, 0x00, 0x00, 0x00, 0x00, 0x00, 0x00, 0x00, 0x00, 0x00, 0x00, 0x00,
  0x00, 0x00, 0x00, 0x00, 0x00, 0x00, 0x00, 0x00, 0x00, 0x00, 0x00, 0x00,
  0x00, 0x00, 0x00, 0x00, 0x00, 0x00, 0x00, 0x00, 0x00, 0x00, 0x00, 0x00,
  0x00, 0x00, 0x00, 0x00, 0x00, 0x00, 0x00, 0x00, 0x00, 0x00, 0x00, 0x00,
  0x00, 0x00, 0x00, 0x00, 0x00, 0x00, 0x00, 0x00, 0x00, 0x00, 0x00, 0x00,
  0x00, 0x00, 0x00, 0x00, 0x00, 0x00, 0x00, 0x00, 0x00, 0x00, 0x00, 0x00,
  0x00, 0x00, 0x00, 0x00, 0x00, 0x00, 0x00, 0x00, 0x00, 0x00, 0x00, 0x00,
  0x00, 0x00, 0x00, 0x00, 0x00, 0x00, 0x00, 0x00, 0x00, 0x00, 0x00, 0x00,
  0x00, 0x00, 0x00, 0x00, 0x00, 0x00, 0x00, 0x00, 0x00, 0x00, 0x00, 0x00,
  0x00, 0x00, 0x00, 0x00, 0x00, 0x00, 0x00, 0x00, 0x00, 0x00, 0x00, 0x00,
  0x00, 0x00, 0x00, 0x00, 0x00, 0x00, 0x00, 0x00, 0x00, 0x00, 0x00, 0x00,
  0x00, 0x00, 0x00, 0x00, 0x00, 0x00, 0x00, 0x00, 0x00, 0x00, 0x00, 0x00,
  0x00, 0x00, 0x00, 0x00, 0x00, 0x00, 0x00, 0x00, 0x00, 0x00, 0x00, 0x00,
  0x00, 0x00, 0x00, 0x00, 0x00, 0x00, 0x00, 0x00, 0x00, 0x00, 0x00, 0x00,
  0x00, 0x00, 0x00, 0x00, 0x00, 0x00, 0x00, 0x00, 0x00, 0x00, 0x00, 0x00,
  0x00, 0x00, 0x00, 0x00, 0x00, 0x00, 0x00, 0x00, 0x00, 0x00, 0x00, 0x00,
  0x00, 0x00, 0x00, 0x00, 0x00, 0x00, 0x00, 0x00, 0x00, 0x00, 0x00, 0x00,
  0x00, 0x00, 0x00, 0x00, 0x00, 0x00, 0x00, 0x00, 0x00, 0x00, 0x00, 0x00,
  0x00, 0x00, 0x00, 0x00, 0x00, 0x00, 0x00, 0x00, 0x00, 0x00, 0x00, 0x00,
  0x00, 0x00, 0x00, 0x00, 0x00, 0x00, 0x00, 0x00, 0x00, 0x00, 0x00, 0x00,
  0x00, 0x00, 0x00, 0x00, 0x00, 0x00, 0x00, 0x00, 0x00, 0x00, 0x00, 0x00,
  0x00, 0x00, 0x00, 0x00, 0x00, 0x00, 0x00, 0x00, 0x00, 0x00, 0x00, 0x00,
  0x00, 0x00, 0x00, 0x00, 0x00, 0x00, 0x00, 0x00, 0x00, 0x00, 0x00, 0x00,
  0x00, 0x00, 0x00, 0x00, 0x00, 0x00, 0x00, 0x00, 0x00, 0x00, 0x00, 0x00,
  0x00, 0x00, 0x00, 0x00, 0x00, 0x00, 0x00, 0x00, 0x00, 0x00, 0x00, 0x00,
  0x00, 0x00, 0x00, 0x00, 0x00, 0x00, 0x00, 0x00, 0x00, 0x00, 0x00, 0x00,
  0x00, 0x00, 0x00, 0x00, 0x00, 0x00, 0x00, 0x00, 0x00, 0x00, 0x00, 0x00,
  0x00, 0x00, 0x00, 0x00, 0x00, 0x00, 0x00, 0x00, 0x00, 0x00, 0x00, 0x00,
  0x00, 0x00, 0x00, 0x00, 0x00, 0x00, 0x00, 0x00, 0x00, 0x00, 0x00, 0x00,
  0x00, 0x00, 0x00, 0x00, 0x00, 0x00, 0x00, 0x00, 0x00, 0x00, 0x00, 0x00,
  0x00, 0x00, 0x00, 0x00, 0x00, 0x00, 0x00, 0x00, 0x00, 0x00, 0x00, 0x00,
  0x00, 0x00, 0x00, 0x00, 0x00, 0x00, 0x00, 0x00, 0x00, 0x00, 0x00, 0x00,
  0x00, 0x00, 0x00, 0x00, 0x00, 0x00, 0x00, 0x00, 0x00, 0x00, 0x00, 0x00,
  0x00, 0x00, 0x00, 0x00, 0x00, 0x00, 0x00, 0x00, 0x00, 0x00, 0x00, 0x00,
  0x00, 0x00, 0x00, 0x00, 0x00, 0x00, 0x00, 0x00, 0x00, 0x00, 0x00, 0x00,
  0x00, 0x00, 0x00, 0x00, 0x00, 0x00, 0x00, 0x00, 0x00, 0x00, 0x00, 0x00,
  0x00, 0x00, 0x00, 0x00, 0x00, 0x00, 0x00, 0x00, 0x00, 0x00, 0x00, 0x00,
  0x00, 0x00, 0x00, 0x00, 0x00, 0x00, 0x00, 0x00, 0x00, 0x00, 0x00, 0x00,
  0x00, 0x00, 0x00, 0x00, 0x00, 0x00, 0x00, 0x00, 0x00, 0x00, 0x00, 0x00,
  0x00, 0x00, 0x00, 0x00, 0x00, 0x00, 0x00, 0x00, 0x00, 0x00, 0x00, 0x00,
  0x00, 0x00, 0x00, 0x00, 0x00, 0x00, 0x00, 0x00, 0x00, 0x00, 0x00, 0x00,
  0x00, 0x00, 0x00, 0x00, 0x00, 0x00, 0x00, 0x00, 0x00, 0x00, 0x00, 0x00,
  0x00, 0x00, 0x00, 0x00, 0x00, 0x00, 0x00, 0x00, 0x00, 0x00, 0x00, 0x00,
  0x00, 0x00, 0x00, 0x00, 0x00, 0x00, 0x00, 0x00, 0x00, 0x00, 0x00, 0x00,
  0x00, 0x00, 0x00, 0x00, 0x00, 0x00, 0x00, 0x00, 0x00, 0x00, 0x00, 0x00,
  0x00, 0x00, 0x00, 0x00, 0x00, 0x00, 0x00, 0x00, 0x00, 0x00, 0x00, 0x00,
  0x00, 0x00, 0x00, 0x00, 0x00, 0x00, 0x00, 0x00, 0x00, 0x00, 0x00, 0x00,
  0x00, 0x00, 0x00, 0x00, 0x00, 0x00, 0x00, 0x00, 0x00, 0x00, 0x00, 0x00,
  0x00, 0x00, 0x00, 0x00, 0x00, 0x00, 0x00, 0x00, 0x00, 0x00, 0x00, 0x00,
  0x00, 0x00, 0x00, 0x00, 0x00, 0x00, 0x00, 0x00, 0x00, 0x00, 0x00, 0x00,
  0x00, 0x00, 0x00, 0x00, 0x00, 0x00, 0x00, 0x00, 0x00, 0x00, 0x00, 0x00,
  0x00, 0x00, 0x00, 0x00, 0x00, 0x00, 0x00, 0x00, 0x00, 0x00, 0x00, 0x00,
  0x00, 0x00, 0x00, 0x00, 0x00, 0x00, 0x00, 0x00, 0x00, 0x00, 0x00, 0x00,
  0x00, 0x00, 0x00, 0x00, 0x00, 0x00, 0x00, 0x00, 0x00, 0x00, 0x00, 0x00,
  0x00, 0x00, 0x00, 0x00, 0x00, 0x00, 0x00, 0x00, 0x00, 0x00, 0x00, 0x00,
  0x00, 0x00, 0x00, 0x00, 0x00, 0x00, 0x00, 0x00, 0x00, 0x00, 0x00, 0x00,
  0x00, 0x00, 0x00, 0x00, 0x00, 0x00, 0x00, 0x00, 0x00, 0x00, 0x00, 0x00,
  0x00, 0x00, 0x00, 0x00, 0x00, 0x00, 0x00, 0x00, 0x00, 0x00, 0x00, 0x00,
  0x00, 0x00, 0x00, 0x00, 0x00, 0x00, 0x00, 0x00, 0x00, 0x00, 0x00, 0x00,
  0x00, 0x00, 0x00, 0x00, 0x00, 0x00, 0x00, 0x00, 0x00, 0x00, 0x00, 0x00,
  0x00, 0x00, 0x00, 0x00, 0x00, 0x00, 0x00, 0x00, 0x00, 0x00, 0x00, 0x00,
  0x00, 0x00, 0x00, 0x00, 0x00, 0x00, 0x00, 0x00, 0x00, 0x00, 0x00, 0x00,
  0x00, 0x00, 0x00, 0x00, 0x00, 0x00, 0x00, 0x00, 0x00, 0x00, 0x00, 0x00,
  0x00, 0x00, 0x00, 0x00, 0x00, 0x00, 0x00, 0x00, 0x00, 0x00, 0x00, 0x00,
  0x00, 0x00, 0x00, 0x00, 0x00, 0x00, 0x00, 0x00, 0x00, 0x00, 0x00, 0x00,
  0x00, 0x00, 0x00, 0x00, 0x00, 0x00, 0x00, 0x00, 0x00, 0x00, 0x00, 0x00,
  0x00, 0x00, 0x00, 0x00, 0x00, 0x00, 0x00, 0x00, 0x00, 0x00, 0x00, 0x00,
  0x00, 0x00, 0x00, 0x00, 0x00, 0x00, 0x00, 0x00, 0x00, 0x00, 0x00, 0x00,
  0x00, 0x00, 0x00, 0x00, 0x00, 0x00, 0x00, 0x00, 0x00, 0x00, 0x00, 0x00,
  0x00, 0x00, 0x00, 0x00, 0x00, 0x00, 0x00, 0x00, 0x00, 0x00, 0x00, 0x00,
  0x00, 0x00, 0x00, 0x00, 0x00, 0x00, 0x00, 0x00, 0x00, 0x00, 0x00, 0x00,
  0x00, 0x00, 0x00, 0x00, 0x00, 0x00, 0x00, 0x00, 0x00, 0x00, 0x00, 0x00,
  0x00, 0x00, 0x00, 0x00, 0x00, 0x00, 0x00, 0x00, 0x00, 0x00, 0x00, 0x00,
  0x00, 0x00, 0x00, 0x00, 0x00, 0x00, 0x00, 0x00, 0x00, 0x00, 0x00, 0x00,
  0x00, 0x00, 0x00, 0x00, 0x00, 0x00, 0x00, 0x00, 0x00, 0x00, 0x00, 0x00,
  0x00, 0x00, 0x00, 0x00, 0x00, 0x00, 0x00, 0x00, 0x00, 0x00, 0x00, 0x00,
  0x00, 0x00, 0x00, 0x00, 0x00, 0x00, 0x00, 0x00, 0x00, 0x00, 0x00, 0x00,
  0x00, 0x00, 0x00, 0x00, 0x00, 0x00, 0x00, 0x00, 0x00, 0x00, 0x00, 0x00,
  0x00, 0x00, 0x00, 0x00, 0x00, 0x00, 0x00, 0x00, 0x00, 0x00, 0x00, 0x00,
  0x00, 0x00, 0x00, 0x00, 0x00, 0x00, 0x00, 0x00, 0x00, 0x00, 0x00, 0x00,
  0x00, 0x00, 0x00, 0x00, 0x00, 0x00, 0x00, 0x00, 0x00, 0x00, 0x00, 0x00,
  0x00, 0x00, 0x00, 0x00, 0x00, 0x00, 0x00, 0x00, 0x00, 0x00, 0x00, 0x00,
  0x00, 0x00, 0x00, 0x00, 0x00, 0x00, 0x00, 0x00, 0x00, 0x00, 0x00, 0x00,
  0x00, 0x00, 0x00, 0x00, 0x00, 0x00, 0x00, 0x00, 0x00, 0x00, 0x00, 0x00,
  0x00, 0x00, 0x00, 0x00, 0x00, 0x00, 0x00, 0x00, 0x00, 0x00, 0x00, 0x00,
  0x00, 0x00, 0x00, 0x00, 0x00, 0x00, 0x00, 0x00, 0x00, 0x00, 0x00, 0x00,
  0x00, 0x00, 0x00, 0x00, 0x00, 0x00, 0x00, 0x00, 0x00, 0x00, 0x00, 0x00,
  0x00, 0x00, 0x00, 0x00, 0x00, 0x00, 0x00, 0x00, 0x00, 0x00, 0x00, 0x00,
  0x00, 0x00, 0x00, 0x00, 0x00, 0x00, 0x00, 0x00, 0x00, 0x00, 0x00, 0x00,
  0x00, 0x00, 0x00, 0x00, 0x00, 0x00, 0x00, 0x00, 0x00, 0x00, 0x00, 0x00,
  0x00, 0x00, 0x00, 0x00, 0x00, 0x00, 0x00, 0x00, 0x00, 0x00, 0x00, 0x00,
  0x00, 0x00, 0x00, 0x00, 0x00, 0x00, 0x00, 0x00, 0x00, 0x00, 0x00, 0x00,
  0x00, 0x00, 0x00, 0x00, 0x00, 0x00, 0x00, 0x00, 0x00, 0x00, 0x00, 0x00,
  0x00, 0x00, 0x00, 0x00, 0x00, 0x00, 0x00, 0x00, 0x00, 0x00, 0x00, 0x00,
  0x00, 0x00, 0x00, 0x00, 0x00, 0x00, 0x00, 0x00, 0x00, 0x00, 0x00, 0x00,
  0x00, 0x00, 0x00, 0x00, 0x00, 0x00, 0x00, 0x00, 0x00, 0x00, 0x00, 0x00,
  0x00, 0x00, 0x00, 0x00, 0x00, 0x00, 0x00, 0x00, 0x00, 0x00, 0x00, 0x00,
  0x00, 0x00, 0x00, 0x00, 0x00, 0x00, 0x00, 0x00, 0x00, 0x00, 0x00, 0x00,
  0x00, 0x00, 0x00, 0x00, 0x00, 0x00, 0x00, 0x00, 0x00, 0x00, 0x00, 0x00,
  0x00, 0x00, 0x00, 0x00, 0x00, 0x00, 0x00, 0x00, 0x00, 0x00, 0x00, 0x00,
  0x00, 0x00, 0x00, 0x00, 0x00, 0x00, 0x00, 0x00, 0x00, 0x00, 0x00, 0x00,
  0x00, 0x00, 0x00, 0x00, 0x00, 0x00, 0x00, 0x00, 0x00, 0x00, 0x00, 0x00,
  0x00, 0x00, 0x00, 0x00, 0x00, 0x00, 0x00, 0x00, 0x00, 0x00, 0x00, 0x00,
  0x00, 0x00, 0x00, 0x00, 0x00, 0x00, 0x00, 0x00, 0x00, 0x00, 0x00, 0x00,
  0x00, 0x00, 0x00, 0x00, 0x00, 0x00, 0x00, 0x00, 0x00, 0x00, 0x00, 0x00,
  0x00, 0x00, 0x00, 0x00, 0x00, 0x00, 0x00, 0x00, 0x00, 0x00, 0x00, 0x00,
  0x00, 0x00, 0x00, 0x00, 0x00, 0x00, 0x00, 0x00, 0x00, 0x00, 0x00, 0x00,
  0x00, 0x00, 0x00, 0x00, 0x00, 0x00, 0x00, 0x00, 0x00, 0x00, 0x00, 0x00,
  0x00, 0x00, 0x00, 0x00, 0x00, 0x00, 0x00, 0x00, 0x00, 0x00, 0x00, 0x00,
  0x00, 0x00, 0x00, 0x00, 0x00, 0x00, 0x00, 0x00, 0x00, 0x00, 0x00, 0x00,
  0x00, 0x00, 0x00, 0x00, 0x00, 0x00, 0x00, 0x00, 0x00, 0x00, 0x00, 0x00,
  0x00, 0x00, 0x00, 0x00, 0x00, 0x00, 0x00, 0x00, 0x00, 0x00, 0x00, 0x00,
  0x00, 0x00, 0x00, 0x00, 0x00, 0x00, 0x00, 0x00, 0x00, 0x00, 0x00, 0x00,
  0x00, 0x00, 0x00, 0x00, 0x00, 0x00, 0x00, 0x00, 0x00, 0x00, 0x00, 0x00,
  0x00, 0x00, 0x00, 0x00, 0x00, 0x00, 0x00, 0x00, 0x00, 0x00, 0x00, 0x00,
  0x00, 0x00, 0x00, 0x00, 0x00, 0x00, 0x00, 0x00, 0x00, 0x00, 0x00, 0x00,
  0x00, 0x00, 0x00, 0x00, 0x00, 0x00, 0x00, 0x00, 0x00, 0x00, 0x00, 0x00,
  0x00, 0x00, 0x00, 0x00, 0x00, 0x00, 0x00, 0x00, 0x00, 0x00, 0x00, 0x00,
  0x00, 0x00, 0x00, 0x00, 0x00, 0x00, 0x00, 0x00, 0x00, 0x00, 0x00, 0x00,
  0x00, 0x00, 0x00, 0x00, 0x00, 0x00, 0x00, 0x00, 0x00, 0x00, 0x00, 0x00,
  0x00, 0x00, 0x00, 0x00, 0x00, 0x00, 0x00, 0x00, 0x00, 0x00, 0x00, 0x00,
  0x00, 0x00, 0x00, 0x00, 0x00, 0x00, 0x00, 0x00, 0x00, 0x00, 0x00, 0x00,
  0x00, 0x00, 0x00, 0x00, 0x00, 0x00, 0x00, 0x00, 0x00, 0x00, 0x00, 0x00,
  0x00, 0x00, 0x00, 0x00, 0x00, 0x00, 0x00, 0x00, 0x00, 0x00, 0x00, 0x00,
  0x00, 0x00, 0x00, 0x00, 0x00, 0x00, 0x00, 0x00, 0x00, 0x00, 0x00, 0x00,
  0x00, 0x00, 0x00, 0x00, 0x00, 0x00, 0x00, 0x00, 0x00, 0x00, 0x00, 0x00,
  0x00, 0x00, 0x00, 0x00, 0x00, 0x00, 0x00, 0x00, 0x00, 0x00, 0x00, 0x00,
  0x00, 0x00, 0x00, 0x00, 0x00, 0x00, 0x00, 0x00, 0x00, 0x00, 0x00, 0x00,
  0x00, 0x00, 0x00, 0x00, 0x00, 0x00, 0x00, 0x00, 0x00, 0x00, 0x00, 0x00,
  0x00, 0x00, 0x00, 0x00, 0x00, 0x00, 0x00, 0x00, 0x00, 0x00, 0x00, 0x00,
  0x00, 0x00, 0x00, 0x00, 0x00, 0x00, 0x00, 0x00, 0x00, 0x00, 0x00, 0x00,
  0x00, 0x00, 0x00, 0x00, 0x00, 0x00, 0x00, 0x00, 0x00, 0x00, 0x00, 0x00,
  0x00, 0x00, 0x00, 0x00, 0x00, 0x00, 0x00, 0x00, 0x00, 0x00, 0x00, 0x00,
  0x00, 0x00, 0x00, 0x00, 0x00, 0x00, 0x00, 0x00, 0x00, 0x00, 0x00, 0x00,
  0x00, 0x00, 0x00, 0x00, 0x00, 0x00, 0x00, 0x00, 0x00, 0x00, 0x00, 0x00,
  0x00, 0x00, 0x00, 0x00, 0x00, 0x00, 0x00, 0x00, 0x00, 0x00, 0x00, 0x00,
  0x00, 0x00, 0x00, 0x00, 0x00, 0x00, 0x00, 0x00, 0x00, 0x00, 0x00, 0x00,
  0x00, 0x00, 0x00, 0x00, 0x00, 0x00, 0x00, 0x00, 0x00, 0x00, 0x00, 0x00,
  0x00, 0x00, 0x00, 0x00, 0x00, 0x00, 0x00, 0x00, 0x00, 0x00, 0x00, 0x00,
  0x00, 0x00, 0x00, 0x00, 0x00, 0x00, 0x00, 0x00, 0x00, 0x00, 0x00, 0x00,
  0x00, 0x00, 0x00, 0x00, 0x00, 0x00, 0x00, 0x00, 0x00, 0x00, 0x00, 0x00,
  0x00, 0x00, 0x00, 0x00, 0x00, 0x00, 0x00, 0x00, 0x00, 0x00, 0x00, 0x00,
  0x00, 0x00, 0x00, 0x00, 0x00, 0x00, 0x00, 0x00, 0x00, 0x00, 0x00, 0x00,
  0x00, 0x00, 0x00, 0x00, 0x00, 0x00, 0x00, 0x00, 0x00, 0x00, 0x00, 0x00,
  0x00, 0x00, 0x00, 0x00, 0x00, 0x00, 0x00, 0x00, 0x00, 0x00, 0x00, 0x00,
  0x00, 0x00, 0x00, 0x00, 0x00, 0x00, 0x00, 0x00, 0x00, 0x00, 0x00, 0x00,
  0x00, 0x00, 0x00, 0x00, 0x00, 0x00, 0x00, 0x00, 0x00, 0x00, 0x00, 0x00,
  0x00, 0x00, 0x00, 0x00, 0x00, 0x00, 0x00, 0x00, 0x00, 0x00, 0x00, 0x00,
  0x00, 0x00, 0x00, 0x00, 0x00, 0x00, 0x00, 0x00, 0x00, 0x00, 0x00, 0x00,
  0x00, 0x00, 0x00, 0x00, 0x00, 0x00, 0x00, 0x00, 0x00, 0x00, 0x00, 0x00,
  0x00, 0x00, 0x00, 0x00, 0x00, 0x00, 0x00, 0x00, 0x00, 0x00, 0x00, 0x00,
  0x00, 0x00, 0x00, 0x00, 0x00, 0x00, 0x00, 0x00, 0x00, 0x00, 0x00, 0x00,
  0x00, 0x00, 0x00, 0x00, 0x00, 0x00, 0x00, 0x00, 0x00, 0x00, 0x00, 0x00,
  0x00, 0x00, 0x00, 0x00, 0x00, 0x00, 0x00, 0x00, 0x00, 0x00, 0x00, 0x00,
  0x00, 0x00, 0x00, 0x00, 0x00, 0x00, 0x00, 0x00, 0x00, 0x00, 0x00, 0x00,
  0x00, 0x00, 0x00, 0x00, 0x00, 0x00, 0x00, 0x00, 0x00, 0x00, 0x00, 0x00,
  0x00, 0x00, 0x00, 0x00, 0x00, 0x00, 0x00, 0x00, 0x00, 0x00, 0x00, 0x00,
  0x00, 0x00, 0x00, 0x00, 0x00, 0x00, 0x00, 0x00, 0x00, 0x00, 0x00, 0x00,
  0x00, 0x00, 0x00, 0x00, 0x00, 0x00, 0x00, 0x00, 0x00, 0x00, 0x00, 0x00,
  0x00, 0x00, 0x00, 0x00, 0x00, 0x00, 0x00, 0x00, 0x00, 0x00, 0x00, 0x00,
  0x00, 0x00, 0x00, 0x00, 0x00, 0x00, 0x00, 0x00, 0x00, 0x00, 0x00, 0x00,
  0x00, 0x00, 0x00, 0x00, 0x00, 0x00, 0x00, 0x00, 0x00, 0x00, 0x00, 0x00,
  0x00, 0x00, 0x00, 0x00, 0x00, 0x00, 0x00, 0x00, 0x00, 0x00, 0x00, 0x00,
  0x00, 0x00, 0x00, 0x00, 0x00, 0x00, 0x00, 0x00, 0x00, 0x00, 0x00, 0x00,
  0x00, 0x00, 0x00, 0x00, 0x00, 0x00, 0x00, 0x00, 0x00, 0x00, 0x00, 0x00,
  0x00, 0x00, 0x00, 0x00, 0x00, 0x00, 0x00, 0x00, 0x00, 0x00, 0x00, 0x00,
  0x00, 0x00, 0x00, 0x00, 0x00, 0x00, 0x00, 0x00, 0x00, 0x00, 0x00, 0x00,
  0x00, 0x00, 0x00, 0x00, 0x00, 0x00, 0x00, 0x00, 0x00, 0x00, 0x00, 0x00,
  0x00, 0x00, 0x00, 0x00, 0x00, 0x00, 0x00, 0x00, 0x00, 0x00, 0x00, 0x00,
  0x00, 0x00, 0x00, 0x00, 0x00, 0x00, 0x00, 0x00, 0x00, 0x00, 0x00, 0x00,
  0x00, 0x00, 0x00, 0x00, 0x00, 0x00, 0x00, 0x00, 0x00, 0x00, 0x00, 0x00,
  0x00, 0x00, 0x00, 0x00, 0x00, 0x00, 0x00, 0x00, 0x00, 0x00, 0x00, 0x00,
  0x00, 0x00, 0x00, 0x00, 0x00, 0x00, 0x00, 0x00, 0x00, 0x00, 0x00, 0x00,
  0x00, 0x00, 0x00, 0x00, 0x00, 0x00, 0x00, 0x00, 0x00, 0x00, 0x00, 0x00,
  0x00, 0x00, 0x00, 0x00, 0x00, 0x00, 0x00, 0x00, 0x00, 0x00, 0x00, 0x00,
  0x00, 0x00, 0x00, 0x00, 0x00, 0x00, 0x00, 0x00, 0x00, 0x00, 0x00, 0x00,
  0x00, 0x00, 0x00, 0x00, 0x00, 0x00, 0x00, 0x00, 0x00, 0x00, 0x00, 0x00,
  0x00, 0x00, 0x00, 0x00, 0x00, 0x00, 0x00, 0x00, 0x00, 0x00, 0x00, 0x00,
  0x00, 0x00, 0x00, 0x00, 0x00, 0x00, 0x00, 0x00, 0x00, 0x00, 0x00, 0x00,
  0x00, 0x00, 0x00, 0x00, 0x00, 0x00, 0x00, 0x00, 0x00, 0x00, 0x00, 0x00,
  0x00, 0x00, 0x00, 0x00, 0x00, 0x00, 0x00, 0x00, 0x00, 0x00, 0x00, 0x00,
  0x00, 0x00, 0x00, 0x00, 0x00, 0x00, 0x00, 0x00, 0x00, 0x00, 0x00, 0x00,
  0x00, 0x00, 0x00, 0x00, 0x00, 0x00, 0x00, 0x00, 0x00, 0x00, 0x00, 0x00,
  0x00, 0x00, 0x00, 0x00, 0x00, 0x00, 0x00, 0x00, 0x00, 0x00, 0x00, 0x00,
  0x00, 0x00, 0x00, 0x00, 0x00, 0x00, 0x00, 0x00, 0x00, 0x00, 0x00, 0x00,
  0x00, 0x00, 0x00, 0x00, 0x00, 0x00, 0x00, 0x00, 0x00, 0x00, 0x00, 0x00,
  0x00, 0x00, 0x00, 0x00, 0x00, 0x00, 0x00, 0x00, 0x00, 0x00, 0x00, 0x00,
  0x00, 0x00, 0x00, 0x00, 0x00, 0x00, 0x00, 0x00, 0x00, 0x00, 0x00, 0x00,
  0x00, 0x00, 0x00, 0x00, 0x00, 0x00, 0x00, 0x00, 0x00, 0x00, 0x00, 0x00,
  0x00, 0x00, 0x00, 0x00, 0x00, 0x00, 0x00, 0x00, 0x00, 0x00, 0x00, 0x00,
  0x00, 0x00, 0x00, 0x00, 0x00, 0x00, 0x00, 0x00, 0x00, 0x00, 0x00, 0x00,
  0x00, 0x00, 0x00, 0x00, 0x00, 0x00, 0x00, 0x00, 0x00, 0x00, 0x00, 0x00,
  0x00, 0x00, 0x00, 0x00, 0x00, 0x00, 0x00, 0x00, 0x00, 0x00, 0x00, 0x00,
  0x00, 0x00, 0x00, 0x00, 0x00, 0x00, 0x00, 0x00, 0x00, 0x00, 0x00, 0x00,
  0x00, 0x00, 0x00, 0x00, 0x00, 0x00, 0x00, 0x00, 0x00, 0x00, 0x00, 0x00,
  0x00, 0x00, 0x00, 0x00, 0x00, 0x00, 0x00, 0x00, 0x00, 0x00, 0x00, 0x00,
  0x00, 0x00, 0x00, 0x00, 0x00, 0x00, 0x00, 0x00, 0x00, 0x00, 0x00, 0x00,
  0x00, 0x00, 0x00, 0x00, 0x00, 0x00, 0x00, 0x00, 0x00, 0x00, 0x00, 0x00,
  0x00, 0x00, 0x00, 0x00, 0x00, 0x00, 0x00, 0x00, 0x00, 0x00, 0x00, 0x00,
  0x00, 0x00, 0x00, 0x00, 0x00, 0x00, 0x00, 0x00, 0x00, 0x00, 0x00, 0x00,
  0x00, 0x00, 0x00, 0x00, 0x00, 0x00, 0x00, 0x00, 0x00, 0x00, 0x00, 0x00,
  0x00, 0x00, 0x00, 0x00, 0x00, 0x00, 0x00, 0x00, 0x00, 0x00, 0x00, 0x00,
  0x00, 0x00, 0x00, 0x00, 0x00, 0x00, 0x00, 0x00, 0x00, 0x00, 0x00, 0x00,
  0x00, 0x00, 0x00, 0x00, 0x00, 0x00, 0x00, 0x00, 0x00, 0x00, 0x00, 0x00,
  0x00, 0x00, 0x00, 0x00, 0x00, 0x00, 0x00, 0x00, 0x00, 0x00, 0x00, 0x00,
  0x00, 0x00, 0x00, 0x00, 0x00, 0x00, 0x00, 0x00, 0x00, 0x00, 0x00, 0x00,
  0x00, 0x00, 0x00, 0x00, 0x00, 0x00, 0x00, 0x00, 0x00, 0x00, 0x00, 0x00,
  0x00, 0x00, 0x00, 0x00, 0x00, 0x00, 0x00, 0x00, 0x00, 0x00, 0x00, 0x00,
  0x00, 0x00, 0x00, 0x00, 0x00, 0x00, 0x00, 0x00, 0x00, 0x00, 0x00, 0x00,
  0x00, 0x00, 0x00, 0x00, 0x00, 0x00, 0x00, 0x00, 0x00, 0x00, 0x00, 0x00,
  0x00, 0x00, 0x00, 0x00, 0x00, 0x00, 0x00, 0x00, 0x00, 0x00, 0x00, 0x00,
  0x00, 0x00, 0x00, 0x00, 0x00, 0x00, 0x00, 0x00, 0x00, 0x00, 0x00, 0x00,
  0x00, 0x00, 0x00, 0x00, 0x00, 0x00, 0x00, 0x00, 0x00, 0x00, 0x00, 0x00,
  0x00, 0x00, 0x00, 0x00, 0x00, 0x00, 0x00, 0x00, 0x00, 0x00, 0x00, 0x00,
  0x00, 0x00, 0x00, 0x00, 0x00, 0x00, 0x00, 0x00, 0x00, 0x00, 0x00, 0x00,
  0x00, 0x00, 0x00, 0x00, 0x00, 0x00, 0x00, 0x00, 0x00, 0x00, 0x00, 0x00,
  0x00, 0x00, 0x00, 0x00, 0x00, 0x00, 0x00, 0x00, 0x00, 0x00, 0x00, 0x00,
  0x00, 0x00, 0x00, 0x00, 0x00, 0x00, 0x00, 0x00, 0x00, 0x00, 0x00, 0x00,
  0x00, 0x00, 0x00, 0x00, 0x00, 0x00, 0x00, 0x00, 0x00, 0x00, 0x00, 0x00,
  0x00, 0x00, 0x00, 0x00, 0x00, 0x00, 0x00, 0x00, 0x00, 0x00, 0x00, 0x00,
  0x00, 0x00, 0x00, 0x00, 0x00, 0x00, 0x00, 0x00, 0x00, 0x00, 0x00, 0x00,
  0x00, 0x00, 0x00, 0x00, 0x00, 0x00, 0x00, 0x00, 0x00, 0x00, 0x00, 0x00,
  0x00, 0x00, 0x00, 0x00, 0x00, 0x00, 0x00, 0x00, 0x00, 0x00, 0x00, 0x00,
  0x00, 0x00, 0x00, 0x00, 0x00, 0x00, 0x00, 0x00, 0x00, 0x00, 0x00, 0x00,
  0x00, 0x00, 0x00, 0x00, 0x00, 0x00, 0x00, 0x00, 0x00, 0x00, 0x00, 0x00,
  0x00, 0x00, 0x00, 0x00, 0x00, 0x00, 0x00, 0x00, 0x00, 0x00, 0x00, 0x00,
  0x00, 0x00, 0x00, 0x00, 0x00, 0x00, 0x00, 0x00, 0x00, 0x00, 0x00, 0x00,
  0x00, 0x00, 0x00, 0x00, 0x00, 0x00, 0x00, 0x00, 0x00, 0x00, 0x00, 0x00,
  0x00, 0x00, 0x00, 0x00, 0x00, 0x00, 0x00, 0x00, 0x00, 0x00, 0x00, 0x00,
  0x00, 0x00, 0x00, 0x00, 0x00, 0x00, 0x00, 0x00, 0x00, 0x00, 0x00, 0x00,
  0x00, 0x00, 0x00, 0x00, 0x00, 0x00, 0x00, 0x00, 0x00, 0x00, 0x00, 0x00,
  0x00, 0x00, 0x00, 0x00, 0x00, 0x00, 0x00, 0x00, 0x00, 0x00, 0x00, 0x00,
  0x00, 0x00, 0x00, 0x00, 0x00, 0x00, 0x00, 0x00, 0x00, 0x00, 0x00, 0x00,
  0x00, 0x00, 0x00, 0x00, 0x00, 0x00, 0x00, 0x00, 0x00, 0x00, 0x00, 0x00,
  0x00, 0x00, 0x00, 0x00, 0x00, 0x00, 0x00, 0x00, 0x00, 0x00, 0x00, 0x00,
  0x00, 0x00, 0x00, 0x00, 0x00, 0x00, 0x00, 0x00, 0x00, 0x00, 0x00, 0x00,
  0x00, 0x00, 0x00, 0x00, 0x00, 0x00, 0x00, 0x00, 0x00, 0x00, 0x00, 0x00,
  0x00, 0x00, 0x00, 0x00, 0x00, 0x00, 0x00, 0x00, 0x00, 0x00, 0x00, 0x00,
  0x00, 0x00, 0x00, 0x00, 0x00, 0x00, 0x00, 0x00, 0x00, 0x00, 0x00, 0x00,
  0x00, 0x00, 0x00, 0x00, 0x00, 0x00, 0x00, 0x00, 0x00, 0x00, 0x00, 0x00,
  0x00, 0x00, 0x00, 0x00, 0x00, 0x00, 0x00, 0x00, 0x00, 0x00, 0x00, 0x00,
  0x00, 0x00, 0x00, 0x00, 0x00, 0x00, 0x00, 0x00, 0x00, 0x00, 0x00, 0x00,
  0x00, 0x00, 0x00, 0x00, 0x00, 0x00, 0x00, 0x00, 0x00, 0x00, 0x00, 0x00,
  0x00, 0x00, 0x00, 0x00, 0x00, 0x00, 0x00, 0x00, 0x00, 0x00, 0x00, 0x00,
  0x00, 0x00, 0x00, 0x00, 0x00, 0x00, 0x00, 0x00, 0x00, 0x00, 0x00, 0x00,
  0x00, 0x00, 0x00, 0x00, 0x00, 0x00, 0x00, 0x00, 0x00, 0x00, 0x00, 0x00,
  0x00, 0x00, 0x00, 0x00, 0x00, 0x00, 0x00, 0x00, 0x00, 0x00, 0x00, 0x00,
  0x00, 0x00, 0x00, 0x00, 0x00, 0x00, 0x00, 0x00, 0x00, 0x00, 0x00, 0x00,
  0x00, 0x00, 0x00, 0x00, 0x00, 0x00, 0x00, 0x00, 0x00, 0x00, 0x00, 0x00,
  0x00, 0x00, 0x00, 0x00, 0x00, 0x00, 0x00, 0x00, 0x00, 0x00, 0x00, 0x00,
  0x00, 0x00, 0x00, 0x00, 0x00, 0x00, 0x00, 0x00, 0x00, 0x00, 0x00, 0x00,
  0x00, 0x00, 0x00, 0x00, 0x00, 0x00, 0x00, 0x00, 0x00, 0x00, 0x00, 0x00,
  0x00, 0x00, 0x00, 0x00, 0x00, 0x00, 0x00, 0x00, 0x00, 0x00, 0x00, 0x00,
  0x00, 0x00, 0x00, 0x00, 0x00, 0x00, 0x00, 0x00, 0x00, 0x00, 0x00, 0x00,
  0x00, 0x00, 0x00, 0x00, 0x00, 0x00, 0x00, 0x00, 0x00, 0x00, 0x00, 0x00,
  0x00, 0x00, 0x00, 0x00, 0x00, 0x00, 0x00, 0x00, 0x00, 0x00, 0x00, 0x00,
  0x00, 0x00, 0x00, 0x00, 0x00, 0x00, 0x00, 0x00, 0x00, 0x00, 0x00, 0x00,
  0x00, 0x00, 0x00, 0x00, 0x00, 0x00, 0x00, 0x00, 0x00, 0x00, 0x00, 0x00,
  0x00, 0x00, 0x00, 0x00, 0x00, 0x00, 0x00, 0x00, 0x00, 0x00, 0x00, 0x00,
  0x00, 0x00, 0x00, 0x00, 0x00, 0x00, 0x00, 0x00, 0x00, 0x00, 0x00, 0x00,
  0x00, 0x00, 0x00, 0x00, 0x00, 0x00, 0x00, 0x00, 0x00, 0x00, 0x00, 0x00,
  0x00, 0x00, 0x00, 0x00, 0x00, 0x00, 0x00, 0x00, 0x00, 0x00, 0x00, 0x00,
  0x00, 0x00, 0x00, 0x00, 0x00, 0x00, 0x00, 0x00, 0x00, 0x00, 0x00, 0x00,
  0x00, 0x00, 0x00, 0x00, 0x00, 0x00, 0x00, 0x00, 0x00, 0x00, 0x00, 0x00,
  0x00, 0x00, 0x00, 0x00, 0x00, 0x00, 0x00, 0x00, 0x00, 0x00, 0x00, 0x00,
  0x00, 0x00, 0x00, 0x00, 0x00, 0x00, 0x00, 0x00, 0x00, 0x00, 0x00, 0x00,
  0x00, 0x00, 0x00, 0x00, 0x00, 0x00, 0x00, 0x00, 0x00, 0x00, 0x00, 0x00,
  0x00, 0x00, 0x00, 0x00, 0x00, 0x00, 0x00, 0x00, 0x00, 0x00, 0x00, 0x00,
  0x00, 0x00, 0x00, 0x00, 0x00, 0x00, 0x00, 0x00, 0x00, 0x00, 0x00, 0x00,
  0x00, 0x00, 0x00, 0x00, 0x00, 0x00, 0x00, 0x00, 0x00, 0x00, 0x00, 0x00,
  0x00, 0x00, 0x00, 0x00, 0x00, 0x00, 0x00, 0x00, 0x00, 0x00, 0x00, 0x00,
  0x00, 0x00, 0x00, 0x00, 0x00, 0x00, 0x00, 0x00, 0x00, 0x00, 0x00, 0x00,
  0x00, 0x00, 0x00, 0x00, 0x00, 0x00, 0x00, 0x00, 0x00, 0x00, 0x00, 0x00,
  0x00, 0x00, 0x00, 0x00, 0x00, 0x00, 0x00, 0x00, 0x00, 0x00, 0x00, 0x00,
  0x00, 0x00, 0x00, 0x00, 0x00, 0x00, 0x00, 0x00, 0x00, 0x00, 0x00, 0x00,
  0x00, 0x00, 0x00, 0x00, 0x00, 0x00, 0x00, 0x00, 0x00, 0x00, 0x00, 0x00,
  0x00, 0x00, 0x00, 0x00, 0x00, 0x00, 0x00, 0x00, 0x00, 0x00, 0x00, 0x00,
  0x00, 0x00, 0x00, 0x00, 0x00, 0x00, 0x00, 0x00, 0x00, 0x00, 0x00, 0x00,
  0x00, 0x00, 0x00, 0x00, 0x00, 0x00, 0x00, 0x00, 0x00, 0x00, 0x00, 0x00,
  0x00, 0x00, 0x00, 0x00, 0x00, 0x00, 0x00, 0x00, 0x00, 0x00, 0x00, 0x00,
  0x00, 0x00, 0x00, 0x00, 0x00, 0x00, 0x00, 0x00, 0x00, 0x00, 0x00, 0x00,
  0x00, 0x00, 0x00, 0x00, 0x00, 0x00, 0x00, 0x00, 0x00, 0x00, 0x00, 0x00,
  0x00, 0x00, 0x00, 0x00, 0x00, 0x00, 0x00, 0x00, 0x00, 0x00, 0x00, 0x00,
  0x00, 0x00, 0x00, 0x00, 0x00, 0x00, 0x00, 0x00, 0x00, 0x00, 0x00, 0x00,
  0x00, 0x00, 0x00, 0x00, 0x00, 0x00, 0x00, 0x00, 0x00, 0x00, 0x00, 0x00,
  0x00, 0x00, 0x00, 0x00, 0x00, 0x00, 0x00, 0x00, 0x00, 0x00, 0x00, 0x00,
  0x00, 0x00, 0x00, 0x00, 0x00, 0x00, 0x00, 0x00, 0x00, 0x00, 0x00, 0x00,
  0x00, 0x00, 0x00, 0x00, 0x00, 0x00, 0x00, 0x00, 0x00, 0x00, 0x00, 0x00,
  0x00, 0x00, 0x00, 0x00, 0x00, 0x00, 0x00, 0x00, 0x00, 0x00, 0x00, 0x00,
  0x00, 0x00, 0x00, 0x00, 0x00, 0x00, 0x00, 0x00, 0x00, 0x00, 0x00, 0x00,
  0x00, 0x00, 0x00, 0x00, 0x00, 0x00, 0x00, 0x00, 0x00, 0x00, 0x00, 0x00,
  0x00, 0x00, 0x00, 0x00, 0x00, 0x00, 0x00, 0x00, 0x00, 0x00, 0x00, 0x00,
  0x00, 0x00, 0x00, 0x00, 0x00, 0x00, 0x00, 0x00, 0x00, 0x00, 0x00, 0x00,
  0x00, 0x00, 0x00, 0x00, 0x00, 0x00, 0x00, 0x00, 0x00, 0x00, 0x00, 0x00,
  0x00, 0x00, 0x00, 0x00, 0x00, 0x00, 0x00, 0x00, 0x00, 0x00, 0x00, 0x00,
  0x00, 0x00, 0x00, 0x00, 0x00, 0x00, 0x00, 0x00, 0x00, 0x00, 0x00, 0x00,
  0x00, 0x00, 0x00, 0x00, 0x00, 0x00, 0x00, 0x00, 0x00, 0x00, 0x00, 0x00,
  0x00, 0x00, 0x00, 0x00, 0x00, 0x00, 0x00, 0x00, 0x00, 0x00, 0x00, 0x00,
  0x00, 0x00, 0x00, 0x00, 0x00, 0x00, 0x00, 0x00, 0x00, 0x00, 0x00, 0x00,
  0x00, 0x00, 0x00, 0x00, 0x00, 0x00, 0x00, 0x00, 0x00, 0x00, 0x00, 0x00,
  0x00, 0x00, 0x00, 0x00, 0x00, 0x00, 0x00, 0x00, 0x00, 0x00, 0x00, 0x00,
  0x00, 0x00, 0x00, 0x00, 0x00, 0x00, 0x00, 0x00, 0x00, 0x00, 0x00, 0x00,
  0x00, 0x00, 0x00, 0x00, 0x00, 0x00, 0x00, 0x00, 0x00, 0x00, 0x00, 0x00,
  0x00, 0x00, 0x00, 0x00, 0x00, 0x00, 0x00, 0x00, 0x00, 0x00, 0x00, 0x00,
  0x00, 0x00, 0x00, 0x00, 0x00, 0x00, 0x00, 0x00, 0x00, 0x00, 0x00, 0x00,
  0x00, 0x00, 0x00, 0x00, 0x00, 0x00, 0x00, 0x00, 0x00, 0x00, 0x00, 0x00,
  0x00, 0x00, 0x00, 0x00, 0x00, 0x00, 0x00, 0x00, 0x00, 0x00, 0x00, 0x00,
  0x00, 0x00, 0x00, 0x00, 0x00, 0x00, 0x00, 0x00, 0x00, 0x00, 0x00, 0x00,
  0x00, 0x00, 0x00, 0x00, 0x00, 0x00, 0x00, 0x00, 0x00, 0x00, 0x00, 0x00,
  0x00, 0x00, 0x00, 0x00, 0x00, 0x00, 0x00, 0x00, 0x00, 0x00, 0x00, 0x00,
  0x00, 0x00, 0x00, 0x00, 0x00, 0x00, 0x00, 0x00, 0x00, 0x00, 0x00, 0x00,
  0x00, 0x00, 0x00, 0x00, 0x00, 0x00, 0x00, 0x00, 0x00, 0x00, 0x00, 0x00,
  0x00, 0x00, 0x00, 0x00, 0x00, 0x00, 0x00, 0x00, 0x00, 0x00, 0x00, 0x00,
  0x00, 0x00, 0x00, 0x00, 0x00, 0x00, 0x00, 0x00, 0x00, 0x00, 0x00, 0x00,
  0x00, 0x00, 0x00, 0x00, 0x00, 0x00, 0x00, 0x00, 0x00, 0x00, 0x00, 0x00,
  0x00, 0x00, 0x00, 0x00, 0x00, 0x00, 0x00, 0x00, 0x00, 0x00, 0x00, 0x00,
  0x00, 0x00, 0x00, 0x00, 0x00, 0x00, 0x00, 0x00, 0x00, 0x00, 0x00, 0x00,
  0x00, 0x00, 0x00, 0x00, 0x00, 0x00, 0x00, 0x00, 0x00, 0x00, 0x00, 0x00,
  0x00, 0x00, 0x00, 0x00, 0x00, 0x00, 0x00, 0x00, 0x00, 0x00, 0x00, 0x00,
  0x00, 0x00, 0x00, 0x00, 0x00, 0x00, 0x00, 0x00, 0x00, 0x00, 0x00, 0x00,
  0x00, 0x00, 0x00, 0x00, 0x00, 0x00, 0x00, 0x00, 0x00, 0x00, 0x00, 0x00,
  0x00, 0x00, 0x00, 0x00, 0x00, 0x00, 0x00, 0x00, 0x00, 0x00, 0x00, 0x00,
  0x00, 0x00, 0x00, 0x00, 0x00, 0x00, 0x00, 0x00, 0x00, 0x00, 0x00, 0x00,
  0x00, 0x00, 0x00, 0x00, 0x00, 0x00, 0x00, 0x00, 0x00, 0x00, 0x00, 0x00,
  0x00, 0x00, 0x00, 0x00, 0x00, 0x00, 0x00, 0x00, 0x00, 0x00, 0x00, 0x00,
  0x00, 0x00, 0x00, 0x00, 0x00, 0x00, 0x00, 0x00, 0x00, 0x00, 0x00, 0x00,
  0x00, 0x00, 0x00, 0x00, 0x00, 0x00, 0x00, 0x00, 0x00, 0x00, 0x00, 0x00,
  0x00, 0x00, 0x00, 0x00, 0x00, 0x00, 0x00, 0x00, 0x00, 0x00, 0x00, 0x00,
  0x00, 0x00, 0x00, 0x00, 0x00, 0x00, 0x00, 0x00, 0x00, 0x00, 0x00, 0x00,
  0x00, 0x00, 0x00, 0x00, 0x00, 0x00, 0x00, 0x00, 0x00, 0x00, 0x00, 0x00,
  0x00, 0x00, 0x00, 0x00, 0x00, 0x00, 0x00, 0x00, 0x00, 0x00, 0x00, 0x00,
  0x00, 0x00, 0x00, 0x00, 0x00, 0x00, 0x00, 0x00, 0x00, 0x00, 0x00, 0x00,
  0x00, 0x00, 0x00, 0x00, 0x00, 0x00, 0x00, 0x00, 0x00, 0x00, 0x00, 0x00,
  0x00, 0x00, 0x00, 0x00, 0x00, 0x00, 0x00, 0x00, 0x00, 0x00, 0x00, 0x00,
  0x00, 0x00, 0x00, 0x00, 0x00, 0x00, 0x00, 0x00, 0x00, 0x00, 0x00, 0x00,
  0x00, 0x00, 0x00, 0x00, 0x00, 0x00, 0x00, 0x00, 0x00, 0x00, 0x00, 0x00,
  0x00, 0x00, 0x00, 0x00, 0x00, 0x00, 0x00, 0x00, 0x00, 0x00, 0x00, 0x00,
  0x00, 0x00, 0x00, 0x00, 0x00, 0x00, 0x00, 0x00, 0x00, 0x00, 0x00, 0x00,
  0x00, 0x00, 0x00, 0x00, 0x00, 0x00, 0x00, 0x00, 0x00, 0x00, 0x00, 0x00,
  0x00, 0x00, 0x00, 0x00, 0x00, 0x00, 0x00, 0x00, 0x00, 0x00, 0x00, 0x00,
  0x00, 0x00, 0x00, 0x00, 0x00, 0x00, 0x00, 0x00, 0x00, 0x00, 0x00, 0x00,
  0x00, 0x00, 0x00, 0x00, 0x00, 0x00, 0x00, 0x00, 0x00, 0x00, 0x00, 0x00,
  0x00, 0x00, 0x00, 0x00, 0x00, 0x00, 0x00, 0x00, 0x00, 0x00, 0x00, 0x00,
  0x00, 0x00, 0x00, 0x00, 0x00, 0x00, 0x00, 0x00, 0x00, 0x00, 0x00, 0x00,
  0x00, 0x00, 0x00, 0x00, 0x00, 0x00, 0x00, 0x00, 0x00, 0x00, 0x00, 0x00,
  0x00, 0x00, 0x00, 0x00, 0x00, 0x00, 0x00, 0x00, 0x00, 0x00, 0x00, 0x00,
  0x00, 0x00, 0x00, 0x00, 0x00, 0x00, 0x00, 0x00, 0x00, 0x00, 0x00, 0x00,
  0x00, 0x00, 0x00, 0x00, 0x00, 0x00, 0x00, 0x00, 0x00, 0x00, 0x00, 0x00,
  0x00, 0x00, 0x00, 0x00, 0x00, 0x00, 0x00, 0x00, 0x00, 0x00, 0x00, 0x00,
  0x00, 0x00, 0x00, 0x00, 0x00, 0x00, 0x00, 0x00, 0x00, 0x00, 0x00, 0x00,
  0x00, 0x00, 0x00, 0x00, 0x00, 0x00, 0x00, 0x00, 0x00, 0x00, 0x00, 0x00,
  0x00, 0x00, 0x00, 0x00, 0x00, 0x00, 0x00, 0x00, 0x00, 0x00, 0x00, 0x00,
  0x00, 0x00, 0x00, 0x00, 0x00, 0x00, 0x00, 0x00, 0x00, 0x00, 0x00, 0x00,
  0x00, 0x00, 0x00, 0x00, 0x00, 0x00, 0x00, 0x00, 0x00, 0x00, 0x00, 0x00,
  0x00, 0x00, 0x00, 0x00, 0x00, 0x00, 0x00, 0x00, 0x00, 0x00, 0x00, 0x00,
  0x00, 0x00, 0x00, 0x00, 0x00, 0x00, 0x00, 0x00, 0x00, 0x00, 0x00, 0x00,
  0x00, 0x00, 0x00, 0x00, 0x00, 0x00, 0x00, 0x00, 0x00, 0x00, 0x00, 0x00,
  0x00, 0x00, 0x00, 0x00, 0x00, 0x00, 0x00, 0x00, 0x00, 0x00, 0x00, 0x00,
  0x00, 0x00, 0x00, 0x00, 0x00, 0x00, 0x00, 0x00, 0x00, 0x00, 0x00, 0x00,
  0x00, 0x00, 0x00, 0x00, 0x00, 0x00, 0x00, 0x00, 0x00, 0x00, 0x00, 0x00,
  0x00, 0x00, 0x00, 0x00, 0x00, 0x00, 0x00, 0x00, 0x00, 0x00, 0x00, 0x00,
  0x00, 0x00, 0x00, 0x00, 0x00, 0x00, 0x00, 0x00, 0x00, 0x00, 0x00, 0x00,
  0x00, 0x00, 0x00, 0x00, 0x00, 0x00, 0x00, 0x00, 0x00, 0x00, 0x00, 0x00,
  0x00, 0x00, 0x00, 0x00, 0x00, 0x00, 0x00, 0x00, 0x00, 0x00, 0x00, 0x00,
  0x00, 0x00, 0x00, 0x00, 0x00, 0x00, 0x00, 0x00, 0x00, 0x00, 0x00, 0x00,
  0x00, 0x00, 0x00, 0x00, 0x00, 0x00, 0x00, 0x00, 0x00, 0x00, 0x00, 0x00,
  0x00, 0x00, 0x00, 0x00, 0x00, 0x00, 0x00, 0x00, 0x00, 0x00, 0x00, 0x00,
  0x00, 0x00, 0x00, 0x00, 0x00, 0x00, 0x00, 0x00, 0x00, 0x00, 0x00, 0x00,
  0x00, 0x00, 0x00, 0x00, 0x00, 0x00, 0x00, 0x00, 0x00, 0x00, 0x00, 0x00,
  0x00, 0x00, 0x00, 0x00, 0x00, 0x00, 0x00, 0x00, 0x00, 0x00, 0x00, 0x00,
  0x00, 0x00, 0x00, 0x00, 0x00, 0x00, 0x00, 0x00, 0x00, 0x00, 0x00, 0x00,
  0x00, 0x00, 0x00, 0x00, 0x00, 0x00, 0x00, 0x00, 0x00, 0x00, 0x00, 0x00,
  0x00, 0x00, 0x00, 0x00, 0x00, 0x00, 0x00, 0x00, 0x00, 0x00, 0x00, 0x00,
  0x00, 0x00, 0x00, 0x00, 0x00, 0x00, 0x00, 0x00, 0x00, 0x00, 0x00, 0x00,
  0x00, 0x00, 0x00, 0x00, 0x00, 0x00, 0x00, 0x00, 0x00, 0x00, 0x00, 0x00,
  0x00, 0x00, 0x00, 0x00, 0x00, 0x00, 0x00, 0x00, 0x00, 0x00, 0x00, 0x00,
  0x00, 0x00, 0x00, 0x00, 0x00, 0x00, 0x00, 0x00, 0x00, 0x00, 0x00, 0x00,
  0x00, 0x00, 0x00, 0x00, 0x00, 0x00, 0x00, 0x00, 0x00, 0x00, 0x00, 0x00,
  0x00, 0x00, 0x00, 0x00, 0x00, 0x00, 0x00, 0x00, 0x00, 0x00, 0x00, 0x00,
  0x00, 0x00, 0x00, 0x00, 0x00, 0x00, 0x00, 0x00, 0x00, 0x00, 0x00, 0x00,
  0x00, 0x00, 0x00, 0x00, 0x00, 0x00, 0x00, 0x00, 0x00, 0x00, 0x00, 0x00,
  0x00, 0x00, 0x00, 0x00, 0x00, 0x00, 0x00, 0x00, 0x00, 0x00, 0x00, 0x00,
  0x00, 0x00, 0x00, 0x00, 0x00, 0x00, 0x00, 0x00, 0x00, 0x00, 0x00, 0x00,
  0x00, 0x00, 0x00, 0x00, 0x00, 0x00, 0x00, 0x00, 0x00, 0x00, 0x00, 0x00,
  0x00, 0x00, 0x00, 0x00, 0x00, 0x00, 0x00, 0x00, 0x00, 0x00, 0x00, 0x00,
  0x00, 0x00, 0x00, 0x00, 0x00, 0x00, 0x00, 0x00, 0x00, 0x00, 0x00, 0x00,
  0x00, 0x00, 0x00, 0x00, 0x00, 0x00, 0x00, 0x00, 0x00, 0x00, 0x00, 0x00,
  0x00, 0x00, 0x00, 0x00, 0x00, 0x00, 0x00, 0x00, 0x00, 0x00, 0x00, 0x00,
  0x00, 0x00, 0x00, 0x00, 0x00, 0x00, 0x00, 0x00, 0x00, 0x00, 0x00, 0x00,
  0x00, 0x00, 0x00, 0x00, 0x00, 0x00, 0x00, 0x00, 0x00, 0x00, 0x00, 0x00,
  0x00, 0x00, 0x00, 0x00, 0x00, 0x00, 0x00, 0x00, 0x00, 0x00, 0x00, 0x00,
  0x00, 0x00, 0x00, 0x00, 0x00, 0x00, 0x00, 0x00, 0x00, 0x00, 0x00, 0x00,
  0x00, 0x00, 0x00, 0x00, 0x00, 0x00, 0x00, 0x00, 0x00, 0x00, 0x00, 0x00,
  0x00, 0x00, 0x00, 0x00, 0x00, 0x00, 0x00, 0x00, 0x00, 0x00, 0x00, 0x00,
  0x00, 0x00, 0x00, 0x00, 0x00, 0x00, 0x00, 0x00, 0x00, 0x00, 0x00, 0x00,
  0x63, 0xdc, 0x1f, 0x63, 0xdc, 0x9f, 0x63, 0xdc, 0xbf, 0x63, 0xdc, 0xff,
  0x63, 0xdc, 0xff, 0x63, 0xdc, 0xff, 0x63, 0xdc, 0xff, 0x63, 0xdc, 0xff,
  0x63, 0xdc, 0xff, 0x63, 0xdc, 0xff, 0x63, 0xdc, 0xff, 0x63, 0xdc, 0xff,
  0x63, 0xdc, 0xff, 0x63, 0xdc, 0xff, 0x63, 0xdc, 0xff, 0x63, 0xdc, 0xff,
  0x63, 0xdc, 0xff, 0x63, 0xdc, 0xff, 0x63, 0xdc, 0xff, 0x63, 0xdc, 0xff,
  0x63, 0xdc, 0xff, 0x63, 0xdc, 0xff, 0x63, 0xdc, 0xff, 0x63, 0xdc, 0xff,
  0x63, 0xdc, 0xff, 0x63, 0xdc, 0xff, 0x63, 0xdc, 0xff, 0x63, 0xdc, 0xff,
  0x63, 0xdc, 0xff, 0x63, 0xdc, 0xff, 0x63, 0xdc, 0xff, 0x63, 0xdc, 0xff,
  0x63, 0xdc, 0xff, 0x63, 0xdc, 0xcf, 0x63, 0xdc, 0xaf, 0x63, 0xdc, 0x3f,
  0x00, 0x00, 0x00, 0x00, 0x00, 0x00, 0x00, 0x00, 0x00, 0x00, 0x00, 0x00,
  0x00, 0x00, 0x00, 0x00, 0x00, 0x00, 0x00, 0x00, 0x00, 0x00, 0x00, 0x00,
  0x00, 0x00, 0x00, 0x00, 0x00, 0x00, 0x00, 0x00, 0x00, 0x00, 0x00, 0x00,
  0x00, 0x00, 0x00, 0x00, 0x00, 0x00, 0x00, 0x00, 0x00, 0x00, 0x00, 0x00,
  0x00, 0x00, 0x00, 0x00, 0x00, 0x00, 0x00, 0x00, 0x00, 0x00, 0x00, 0x00,
  0x00, 0x00, 0x00, 0x00, 0x00, 0x00, 0x00, 0x00, 0x00, 0x00, 0x00, 0x00,
  0x00, 0x00, 0x00, 0x00, 0x00, 0x00, 0x00, 0x00, 0x00, 0x00, 0x00, 0x00,
  0x00, 0x00, 0x00, 0x00, 0x00, 0x00, 0x00, 0x00, 0x00, 0x00, 0x00, 0x00,
  0x00, 0x00, 0x00, 0x00, 0x00, 0x00, 0x00, 0x00, 0x00, 0x00, 0x00, 0x00,
  0x00, 0x00, 0x00, 0x00, 0x00, 0x00, 0x00, 0x00, 0x00, 0x00, 0x00, 0x00,
  0x00, 0x00, 0x00, 0x00, 0x00, 0x00, 0x00, 0x00, 0x00, 0x00, 0x00, 0x00,
  0x00, 0x00, 0x00, 0x00, 0x00, 0x00, 0x00, 0x00, 0x00, 0x00, 0x00, 0x00,
  0x00, 0x00, 0x00, 0x00, 0x00, 0x00, 0x00, 0x00, 0x00, 0x00, 0x00, 0x00,
  0x00, 0x00, 0x00, 0x00, 0x00, 0x00, 0x00, 0x00, 0x00, 0x00, 0x00, 0x00,
  0x00, 0x00, 0x00, 0x00, 0x00, 0x00, 0x00, 0x00, 0x00, 0x00, 0x00, 0x00,
  0x00, 0x00, 0x00, 0x00, 0x00, 0x00, 0x00, 0x00, 0x00, 0x00, 0x00, 0x00,
  0x00, 0x00, 0x00, 0x00, 0x00, 0x00, 0x00, 0x00, 0x00, 0x00, 0x00, 0x00,
  0x00, 0x00, 0x00, 0x00, 0x00, 0x00, 0x00, 0x00, 0x00, 0x00, 0x00, 0x00,
  0x00, 0x00, 0x00, 0x00, 0x00, 0x00, 0x00, 0x00, 0x00, 0x63, 0xdc, 0x5f,
  0x63, 0xdc, 0xff, 0x63, 0xdc, 0xff, 0x63, 0xdc, 0xff, 0x63, 0xdc, 0xff,
  0x63, 0xdc, 0xff, 0x63, 0xdc, 0xff, 0x63, 0xdc, 0xff, 0x63, 0xdc, 0xff,
  0x63, 0xdc, 0xff, 0x63, 0xdc, 0xff, 0x63, 0xdc, 0xff, 0x63, 0xdc, 0xff,
  0x63, 0xdc, 0xff, 0x63, 0xdc, 0xff, 0x63, 0xdc, 0xff, 0x63, 0xdc, 0xff,
  0x63, 0xdc, 0xff, 0x63, 0xdc, 0xff, 0x63, 0xdc, 0xff, 0x63, 0xdc, 0xff,
  0x63, 0xdc, 0xff, 0x63, 0xdc, 0xff, 0x63, 0xdc, 0xff, 0x63, 0xdc, 0xff,
  0x63, 0xdc, 0xff, 0x63, 0xdc, 0xff, 0x63, 0xdc, 0xff, 0x63, 0xdc, 0xff,
  0x63, 0xdc, 0xff, 0x63, 0xdc, 0xff, 0x63, 0xdc, 0xff, 0x63, 0xdc, 0xff,
  0x63, 0xdc, 0xff, 0x63, 0xdc, 0xff, 0x63, 0xdc, 0xff, 0x63, 0xdc, 0xff,
  0x63, 0xdc, 0x9f, 0x00, 0x00, 0x00, 0x00, 0x00, 0x00, 0x00, 0x00, 0x00,
  0x00, 0x00, 0x00, 0x00, 0x00, 0x00, 0x00, 0x00, 0x00, 0x00, 0x00, 0x00,
  0x00, 0x00, 0x00, 0x00, 0x00, 0x00, 0x00, 0x00, 0x00, 0x00, 0x00, 0x00,
  0x00, 0x00, 0x00, 0x00, 0x00, 0x00, 0x00, 0x00, 0x00, 0x00, 0x00, 0x00,
  0x00, 0x00, 0x00, 0x00, 0x00, 0x00, 0x00, 0x00, 0x00, 0x00, 0x00, 0x00,
  0x00, 0x00, 0x00, 0x00, 0x00, 0x00, 0x00, 0x00, 0x00, 0x00, 0x00, 0x00,
  0x00, 0x00, 0x00, 0x00, 0x00, 0x00, 0x00, 0x00, 0x00, 0x00, 0x00, 0x00,
  0x00, 0x00, 0x00, 0x00, 0x00, 0x00, 0x00, 0x00, 0x00, 0x00, 0x00, 0x00,
  0x00, 0x00, 0x00, 0x00, 0x00, 0x00, 0x00, 0x00, 0x00, 0x00, 0x00, 0x00,
  0x00, 0x00, 0x00, 0x00, 0x00, 0x00, 0x00, 0x00, 0x00, 0x00, 0x00, 0x00,
  0x00, 0x00, 0x00, 0x00, 0x00, 0x00, 0x00, 0x00, 0x00, 0x00, 0x00, 0x00,
  0x00, 0x00, 0x00, 0x00, 0x00, 0x00, 0x00, 0x00, 0x00, 0x00, 0x00, 0x00,
  0x00, 0x00, 0x00, 0x00, 0x00, 0x00, 0x00, 0x00, 0x00, 0x00, 0x00, 0x00,
  0x00, 0x00, 0x00, 0x00, 0x00, 0x00, 0x00, 0x00, 0x00, 0x00, 0x00, 0x00,
  0x00, 0x00, 0x00, 0x00, 0x00, 0x00, 0x00, 0x00, 0x00, 0x00, 0x00, 0x00,
  0x00, 0x00, 0x00, 0x00, 0x00, 0x00, 0x00, 0x00, 0x00, 0x00, 0x00, 0x00,
  0x00, 0x00, 0x00, 0x00, 0x00, 0x00, 0x00, 0x00, 0x00, 0x00, 0x00, 0x00,
  0x00, 0x00, 0x00, 0x00, 0x00, 0x00, 0x00, 0x00, 0x00, 0x00, 0x00, 0x00,
  0x00, 0x00, 0x00, 0x00, 0x00, 0x00, 0x63, 0xdc, 0x1f, 0x63, 0xdc, 0xff,
  0x63, 0xdc, 0xff, 0x63, 0xdc, 0xff, 0x63, 0xdc, 0xff, 0x63, 0xdc, 0xff,
  0x63, 0xdc, 0xff, 0x63, 0xdc, 0xff, 0x63, 0xdc, 0xff, 0x63, 0xdc, 0xff,
  0x63, 0xdc, 0xff, 0x63, 0xdc, 0xff, 0x63, 0xdc, 0xff, 0x63, 0xdc, 0xff,
  0x63, 0xdc, 0xff, 0x63, 0xdc, 0xff, 0x63, 0xdc, 0xff, 0x63, 0xdc, 0xff,
  0x63, 0xdc, 0xff, 0x63, 0xdc, 0xff, 0x63, 0xdc, 0xff, 0x63, 0xdc, 0xff,
  0x63, 0xdc, 0xff, 0x63, 0xdc, 0xff, 0x63, 0xdc, 0xff, 0x63, 0xdc, 0xff,
  0x63, 0xdc, 0xff, 0x63, 0xdc, 0xff, 0x63, 0xdc, 0xff, 0x63, 0xdc, 0xff,
  0x63, 0xdc, 0xff, 0x63, 0xdc, 0xff, 0x63, 0xdc, 0xff, 0x63, 0xdc, 0xff,
  0x63, 0xdc, 0xff, 0x63, 0xdc, 0xff, 0x63, 0xdc, 0xff, 0x63, 0xdc, 0xff,
  0x63, 0xdc, 0xff, 0x63, 0xdc, 0x5f, 0x00, 0x00, 0x00, 0x00, 0x00, 0x00,
  0x00, 0x00, 0x00, 0x00, 0x00, 0x00, 0x00, 0x00, 0x00, 0x00, 0x00, 0x00,
  0x00, 0x00, 0x00, 0x00, 0x00, 0x00, 0x00, 0x00, 0x00, 0x00, 0x00, 0x00,
  0x00, 0x00, 0x00, 0x00, 0x00, 0x00, 0x00, 0x00, 0x00, 0x00, 0x00, 0x00,
  0x00, 0x00, 0x00, 0x00, 0x00, 0x00, 0x00, 0x00, 0x00, 0x00, 0x00, 0x00,
  0x00, 0x00, 0x00, 0x00, 0x00, 0x00, 0x00, 0x00, 0x00, 0x00, 0x00, 0x00,
  0x00, 0x00, 0x00, 0x00, 0x00, 0x00, 0x00, 0x00, 0x00, 0x00, 0x00, 0x00,
  0x00, 0x00, 0x00, 0x00, 0x00, 0x00, 0x00, 0x00, 0x00, 0x00, 0x00, 0x00,
  0x00, 0x00, 0x00, 0x00, 0x00, 0x00, 0x00, 0x00, 0x00, 0x00, 0x00, 0x00,
  0x00, 0x00, 0x00, 0x00, 0x00, 0x00, 0x00, 0x00, 0x00, 0x00, 0x00, 0x00,
  0x00, 0x00, 0x00, 0x00, 0x00, 0x00, 0x00, 0x00, 0x00, 0x00, 0x00, 0x00,
  0x00, 0x00, 0x00, 0x00, 0x00, 0x00, 0x00, 0x00, 0x00, 0x00, 0x00, 0x00,
  0x00, 0x00, 0x00, 0x00, 0x00, 0x00, 0x00, 0x00, 0x00, 0x00, 0x00, 0x00,
  0x00, 0x00, 0x00, 0x00, 0x00, 0x00, 0x00, 0x00, 0x00, 0x00, 0x00, 0x00,
  0x00, 0x00, 0x00, 0x00, 0x00, 0x00, 0x00, 0x00, 0x00, 0x00, 0x00, 0x00,
  0x00, 0x00, 0x00, 0x00, 0x00, 0x00, 0x00, 0x00, 0x00, 0x00, 0x00, 0x00,
  0x00, 0x00, 0x00, 0x00, 0x00, 0x00, 0x00, 0x00, 0x00, 0x00, 0x00, 0x00,
  0x00, 0x00, 0x00, 0x00, 0x00, 0x00, 0x00, 0x00, 0x00, 0x00, 0x00, 0x00,
  0x00, 0x00, 0x00, 0x00, 0x00, 0x00, 0x63, 0xdc, 0x9f, 0x63, 0xdc, 0xff,
  0x63, 0xdc, 0xff, 0x63, 0xdc, 0xff, 0x63, 0xdc, 0xff, 0x63, 0xdc, 0xff,
  0x63, 0xdc, 0xff, 0x63, 0xdc, 0xff, 0x63, 0xdc, 0xff, 0x63, 0xdc, 0xff,
  0x63, 0xdc, 0xff, 0x63, 0xdc, 0xff, 0x63, 0xdc, 0xff, 0x63, 0xdc, 0xff,
  0x63, 0xdc, 0xff, 0x63, 0xdc, 0xff, 0x63, 0xdc, 0xff, 0x63, 0xdc, 0xff,
  0x63, 0xdc, 0xff, 0x63, 0xdc, 0xff, 0x63, 0xdc, 0xff, 0x63, 0xdc, 0xff,
  0x63, 0xdc, 0xff, 0x63, 0xdc, 0xff, 0x63, 0xdc, 0xff, 0x63, 0xdc, 0xff,
  0x63, 0xdc, 0xff, 0x63, 0xdc, 0xff, 0x63, 0xdc, 0xff, 0x63, 0xdc, 0xff,
  0x63, 0xdc, 0xff, 0x63, 0xdc, 0xff, 0x63, 0xdc, 0xff, 0x63, 0xdc, 0xff,
  0x63, 0xdc, 0xff, 0x63, 0xdc, 0xff, 0x63, 0xdc, 0xff, 0x63, 0xdc, 0xff,
  0x63, 0xdc, 0xff, 0x63, 0xdc, 0xdf, 0x00, 0x00, 0x00, 0x00, 0x00, 0x00,
  0x00, 0x00, 0x00, 0x00, 0x00, 0x00, 0x00, 0x00, 0x00, 0x00, 0x00, 0x00,
  0x00, 0x00, 0x00, 0x00, 0x00, 0x00, 0x00, 0x00, 0x00, 0x00, 0x00, 0x00,
  0x00, 0x00, 0x00, 0x00, 0x00, 0x00, 0x00, 0x00, 0x00, 0x00, 0x00, 0x00,
  0x00, 0x00, 0x00, 0x00, 0x00, 0x00, 0x00, 0x00, 0x00, 0x00, 0x00, 0x00,
  0x00, 0x00, 0x00, 0x00, 0x00, 0x00, 0x00, 0x00, 0x00, 0x00, 0x00, 0x00,
  0x00, 0x00, 0x00, 0x00, 0x00, 0x00, 0x00, 0x00, 0x00, 0x00, 0x00, 0x00,
  0x00, 0x00, 0x00, 0x00, 0x00, 0x00, 0x00, 0x00, 0x00, 0x00, 0x00, 0x00,
  0x00, 0x00, 0x00, 0x00, 0x00, 0x00, 0x00, 0x00, 0x00, 0x00, 0x00, 0x00,
  0x00, 0x00, 0x00, 0x00, 0x00, 0x00, 0x00, 0x00, 0x00, 0x00, 0x00, 0x00,
  0x00, 0x00, 0x00, 0x00, 0x00, 0x00, 0x00, 0x00, 0x00, 0x00, 0x00, 0x00,
  0x00, 0x00, 0x00, 0x00, 0x00, 0x00, 0x00, 0x00, 0x00, 0x00, 0x00, 0x00,
  0x00, 0x00, 0x00, 0x00, 0x00, 0x00, 0x00, 0x00, 0x00, 0x00, 0x00, 0x00,
  0x00, 0x00, 0x00, 0x00, 0x00, 0x00, 0x00, 0x00, 0x00, 0x00, 0x00, 0x00,
  0x00, 0x00, 0x00, 0x00, 0x00, 0x00, 0x00, 0x00, 0x00, 0x00, 0x00, 0x00,
  0x00, 0x00, 0x00, 0x00, 0x00, 0x00, 0x00, 0x00, 0x00, 0x00, 0x00, 0x00,
  0x00, 0x00, 0x00, 0x00, 0x00, 0x00, 0x00, 0x00, 0x00, 0x00, 0x00, 0x00,
  0x00, 0x00, 0x00, 0x00, 0x00, 0x00, 0x00, 0x00, 0x00, 0x00, 0x00, 0x00,
  0x00, 0x00, 0x00, 0x00, 0x00, 0x00, 0x63, 0xdc, 0xbf, 0x63, 0xdc, 0xff,
  0x63, 0xdc, 0xff, 0x63, 0xdc, 0xff, 0x63, 0xdc, 0xff, 0x63, 0xdc, 0xff,
  0x63, 0xdc, 0xff, 0x63, 0xdc, 0xff, 0x63, 0xdc, 0xff, 0x63, 0xdc, 0xff,
  0x63, 0xdc, 0xff, 0x63, 0xdc, 0xff, 0x63, 0xdc, 0xff, 0x63, 0xdc, 0xff,
  0x63, 0xdc, 0xff, 0x63, 0xdc, 0xff, 0x63, 0xdc, 0xff, 0x63, 0xdc, 0xff,
  0x63, 0xdc, 0xff, 0x63, 0xdc, 0xff, 0x63, 0xdc, 0xff, 0x63, 0xdc, 0xff,
  0x63, 0xdc, 0xff, 0x63, 0xdc, 0xff, 0x63, 0xdc, 0xff, 0x63, 0xdc, 0xff,
  0x63, 0xdc, 0xff, 0x63, 0xdc, 0xff, 0x63, 0xdc, 0xff, 0x63, 0xdc, 0xff,
  0x63, 0xdc, 0xff, 0x63, 0xdc, 0xff, 0x63, 0xdc, 0xff, 0x63, 0xdc, 0xff,
  0x63, 0xdc, 0xff, 0x63, 0xdc, 0xff, 0x63, 0xdc, 0xff, 0x63, 0xdc, 0xff,
  0x63, 0xdc, 0xff, 0x63, 0xdc, 0xff, 0x00, 0x00, 0x00, 0x00, 0x00, 0x00,
  0x00, 0x00, 0x00, 0x00, 0x00, 0x00, 0x00, 0x00, 0x00, 0x00, 0x00, 0x00,
  0x00, 0x00, 0x00, 0x00, 0x00, 0x00, 0x00, 0x00, 0x00, 0x00, 0x00, 0x00,
  0x00, 0x00, 0x00, 0x00, 0x00, 0x00, 0x00, 0x00, 0x00, 0x00, 0x00, 0x00,
  0x00, 0x00, 0x00, 0x00, 0x00, 0x00, 0x00, 0x00, 0x00, 0x00, 0x00, 0x00,
  0x00, 0x00, 0x00, 0x00, 0x00, 0x00, 0x00, 0x00, 0x00, 0x00, 0x00, 0x00,
  0x00, 0x00, 0x00, 0x00, 0x00, 0x00, 0x00, 0x00, 0x00, 0x00, 0x00, 0x00,
  0x00, 0x00, 0x00, 0x00, 0x00, 0x00, 0x00, 0x00, 0x00, 0x00, 0x00, 0x00,
  0x00, 0x00, 0x00, 0x00, 0x00, 0x00, 0x00, 0x00, 0x00, 0x00, 0x00, 0x00,
  0x00, 0x00, 0x00, 0x00, 0x00, 0x00, 0x00, 0x00, 0x00, 0x00, 0x00, 0x00,
  0x00, 0x00, 0x00, 0x00, 0x00, 0x00, 0x00, 0x00, 0x00, 0x00, 0x00, 0x00,
  0x00, 0x00, 0x00, 0x00, 0x00, 0x00, 0x00, 0x00, 0x00, 0x00, 0x00, 0x00,
  0x00, 0x00, 0x00, 0x00, 0x00, 0x00, 0x00, 0x00, 0x00, 0x00, 0x00, 0x00,
  0x00, 0x00, 0x00, 0x00, 0x00, 0x00, 0x00, 0x00, 0x00, 0x00, 0x00, 0x00,
  0x00, 0x00, 0x00, 0x00, 0x00, 0x00, 0x00, 0x00, 0x00, 0x00, 0x00, 0x00,
  0x00, 0x00, 0x00, 0x00, 0x00, 0x00, 0x00, 0x00, 0x00, 0x00, 0x00, 0x00,
  0x00, 0x00, 0x00, 0x00, 0x00, 0x00, 0x00, 0x00, 0x00, 0x00, 0x00, 0x00,
  0x00, 0x00, 0x00, 0x00, 0x00, 0x00, 0x00, 0x00, 0x00, 0x00, 0x00, 0x00,
  0x00, 0x00, 0x00, 0x00, 0x00, 0x00, 0x63, 0xdc, 0xff, 0x63, 0xdc, 0xff,
  0x63, 0xdc, 0xff, 0x63, 0xdc, 0xff, 0x63, 0xdc, 0xff, 0x63, 0xdc, 0xff,
  0x63, 0xdc, 0xff, 0x63, 0xdc, 0xff, 0x63, 0xdc, 0xff, 0x63, 0xdc, 0xff,
  0x63, 0xdc, 0xff, 0x63, 0xdc, 0xff, 0x63, 0xdc, 0xff, 0x63, 0xdc, 0xff,
  0x63, 0xdc, 0xff, 0x63, 0xdc, 0xff, 0x63, 0xdc, 0xff, 0x63, 0xdc, 0xff,
  0x63, 0xdc, 0xff, 0x63, 0xdc, 0xff, 0x63, 0xdc, 0xff, 0x63, 0xdc, 0xff,
  0x63, 0xdc, 0xff, 0x63, 0xdc, 0xff, 0x63, 0xdc, 0xff, 0x63, 0xdc, 0xff,
  0x63, 0xdc, 0xff, 0x63, 0xdc, 0xff, 0x63, 0xdc, 0xff, 0x63, 0xdc, 0xff,
  0x63, 0xdc, 0xff, 0x63, 0xdc, 0xff, 0x63, 0xdc, 0xff, 0x63, 0xdc, 0xff,
  0x63, 0xdc, 0xff, 0x63, 0xdc, 0xff, 0x63, 0xdc, 0xff, 0x63, 0xdc, 0xff,
  0x63, 0xdc, 0xff, 0x63, 0xdc, 0xff, 0x63, 0xdc, 0x3f, 0x00, 0x00, 0x00,
  0x00, 0x00, 0x00, 0x00, 0x00, 0x00, 0x00, 0x00, 0x00, 0x00, 0x00, 0x00,
  0x00, 0x00, 0x00, 0x00, 0x00, 0x00, 0x00, 0x00, 0x00, 0x00, 0x00, 0x00,
  0x00, 0x00, 0x00, 0x00, 0x00, 0x00, 0x00, 0x00, 0x00, 0x00, 0x00, 0x00,
  0x00, 0x00, 0x00, 0x00, 0x00, 0x00, 0x00, 0x00, 0x00, 0x00, 0x00, 0x00,
  0x00, 0x00, 0x00, 0x00, 0x00, 0x00, 0x00, 0x00, 0x00, 0x00, 0x00, 0x00,
  0x00, 0x00, 0x00, 0x00, 0x00, 0x00, 0x00, 0x00, 0x00, 0x00, 0x00, 0x00,
  0x00, 0x00, 0x00, 0x00, 0x00, 0x00, 0x00, 0x00, 0x00, 0x00, 0x00, 0x00,
  0x00, 0x00, 0x00, 0x00, 0x00, 0x00, 0x00, 0x00, 0x00, 0x00, 0x00, 0x00,
  0x00, 0x00, 0x00, 0x00, 0x00, 0x00, 0x00, 0x00, 0x00, 0x00, 0x00, 0x00,
  0x00, 0x00, 0x00, 0x00, 0x00, 0x00, 0x00, 0x00, 0x00, 0x00, 0x00, 0x00,
  0x00, 0x00, 0x00, 0x00, 0x00, 0x00, 0x00, 0x00, 0x00, 0x00, 0x00, 0x00,
  0x00, 0x00, 0x00, 0x00, 0x00, 0x00, 0x00, 0x00, 0x00, 0x00, 0x00, 0x00,
  0x00, 0x00, 0x00, 0x00, 0x00, 0x00, 0x00, 0x00, 0x00, 0x00, 0x00, 0x00,
  0x00, 0x00, 0x00, 0x00, 0x00, 0x00, 0x00, 0x00, 0x00, 0x00, 0x00, 0x00,
  0x00, 0x00, 0x00, 0x00, 0x00, 0x00, 0x00, 0x00, 0x00, 0x00, 0x00, 0x00,
  0x00, 0x00, 0x00, 0x00, 0x00, 0x00, 0x00, 0x00, 0x00, 0x00, 0x00, 0x00,
  0x00, 0x00, 0x00, 0x00, 0x00, 0x00, 0x00, 0x00, 0x00, 0x00, 0x00, 0x00,
  0x00, 0x00, 0x00, 0x00, 0x00, 0x00, 0x63, 0xdc, 0xff, 0x63, 0xdc, 0xff,
  0x63, 0xdc, 0xff, 0x63, 0xdc, 0xff, 0x63, 0xdc, 0xff, 0x63, 0xdc, 0xff,
  0x63, 0xdc, 0xff, 0x63, 0xdc, 0xff, 0x63, 0xdc, 0xff, 0x63, 0xdc, 0xff,
  0x63, 0xdc, 0xff, 0x63, 0xdc, 0xff, 0x63, 0xdc, 0xff, 0x63, 0xdc, 0xff,
  0x63, 0xdc, 0xff, 0x63, 0xdc, 0xff, 0x63, 0xdc, 0xff, 0x63, 0xdc, 0xff,
  0x63, 0xdc, 0xff, 0x63, 0xdc, 0xff, 0x63, 0xdc, 0xff, 0x63, 0xdc, 0xff,
  0x63, 0xdc, 0xff, 0x63, 0xdc, 0xff, 0x63, 0xdc, 0xff, 0x63, 0xdc, 0xff,
  0x63, 0xdc, 0xff, 0x63, 0xdc, 0xff, 0x63, 0xdc, 0xff, 0x63, 0xdc, 0xff,
  0x63, 0xdc, 0xff, 0x63, 0xdc, 0xff, 0x63, 0xdc, 0xff, 0x63, 0xdc, 0xff,
  0x63, 0xdc, 0xff, 0x63, 0xdc, 0xff, 0x63, 0xdc, 0xff, 0x63, 0xdc, 0xff,
  0x63, 0xdc, 0xff, 0x63, 0xdc, 0xff, 0x63, 0xdc, 0x3f, 0x00, 0x00, 0x00,
  0x00, 0x00, 0x00, 0x00, 0x00, 0x00, 0x00, 0x00, 0x00, 0x00, 0x00, 0x00,
  0x00, 0x00, 0x00, 0x00, 0x00, 0x00, 0x00, 0x00, 0x00, 0x00, 0x00, 0x00,
  0x00, 0x00, 0x00, 0x00, 0x00, 0x00, 0x00, 0x00, 0x00, 0x00, 0x00, 0x00,
  0x00, 0x00, 0x00, 0x00, 0x00, 0x00, 0x00, 0x00, 0x00, 0x00, 0x00, 0x00,
  0x00, 0x00, 0x00, 0x00, 0x00, 0x00, 0x00, 0x00, 0x00, 0x00, 0x00, 0x00,
  0x00, 0x00, 0x00, 0x00, 0x00, 0x00, 0x00, 0x00, 0x00, 0x00, 0x00, 0x00,
  0x00, 0x00, 0x00, 0x00, 0x00, 0x00, 0x00, 0x00, 0x00, 0x00, 0x00, 0x00,
  0x00, 0x00, 0x00, 0x00, 0x00, 0x00, 0x00, 0x00, 0x00, 0x00, 0x00, 0x00,
  0x00, 0x00, 0x00, 0x00, 0x00, 0x00, 0x00, 0x00, 0x00, 0x00, 0x00, 0x00,
  0x00, 0x00, 0x00, 0x00, 0x00, 0x00, 0x00, 0x00, 0x00, 0x00, 0x00, 0x00,
  0x00, 0x00, 0x00, 0x00, 0x00, 0x00, 0x00, 0x00, 0x00, 0x00, 0x00, 0x00,
  0x00, 0x00, 0x00, 0x00, 0x00, 0x00, 0x00, 0x00, 0x00, 0x00, 0x00, 0x00,
  0x00, 0x00, 0x00, 0x00, 0x00, 0x00, 0x00, 0x00, 0x00, 0x00, 0x00, 0x00,
  0x00, 0x00, 0x00, 0x00, 0x00, 0x00, 0x00, 0x00, 0x00, 0x00, 0x00, 0x00,
  0x00, 0x00, 0x00, 0x00, 0x00, 0x00, 0x00, 0x00, 0x00, 0x00, 0x00, 0x00,
  0x00, 0x00, 0x00, 0x00, 0x00, 0x00, 0x00, 0x00, 0x00, 0x00, 0x00, 0x00,
  0x00, 0x00, 0x00, 0x00, 0x00, 0x00, 0x00, 0x00, 0x00, 0x00, 0x00, 0x00,
  0x00, 0x00, 0x00, 0x00, 0x00, 0x00, 0x63, 0xdc, 0xff, 0x63, 0xdc, 0xff,
  0x63, 0xdc, 0xff, 0x63, 0xdc, 0xff, 0x63, 0xdc, 0xff, 0x63, 0xdc, 0xff,
  0x63, 0xdc, 0xff, 0x63, 0xdc, 0xff, 0x63, 0xdc, 0xff, 0x63, 0xdc, 0xff,
  0x63, 0xdc, 0xff, 0x63, 0xdc, 0xff, 0x63, 0xdc, 0xff, 0x63, 0xdc, 0xff,
  0x63, 0xdc, 0xff, 0x63, 0xdc, 0xff, 0x63, 0xdc, 0xff, 0x63, 0xdc, 0xff,
  0x63, 0xdc, 0xff, 0x63, 0xdc, 0xff, 0x63, 0xdc, 0xff, 0x63, 0xdc, 0xff,
  0x63, 0xdc, 0xff, 0x63, 0xdc, 0xff, 0x63, 0xdc, 0xff, 0x63, 0xdc, 0xff,
  0x63, 0xdc, 0xff, 0x63, 0xdc, 0xff, 0x63, 0xdc, 0xff, 0x63, 0xdc, 0xff,
  0x63, 0xdc, 0xff, 0x63, 0xdc, 0xff, 0x63, 0xdc, 0xff, 0x63, 0xdc, 0xff,
  0x63, 0xdc, 0xff, 0x63, 0xdc, 0xff, 0x63, 0xdc, 0xff, 0x63, 0xdc, 0xff,
  0x63, 0xdc, 0xff, 0x63, 0xdc, 0xff, 0x63, 0xdc, 0x3f, 0x00, 0x00, 0x00,
  0x00, 0x00, 0x00, 0x00, 0x00, 0x00, 0x00, 0x00, 0x00, 0x00, 0x00, 0x00,
  0x00, 0x00, 0x00, 0x00, 0x00, 0x00, 0x00, 0x00, 0x00, 0x00, 0x00, 0x00,
  0x00, 0x00, 0x00, 0x00, 0x00, 0x00, 0x00, 0x00, 0x00, 0x00, 0x00, 0x00,
  0x00, 0x00, 0x00, 0x00, 0x00, 0x00, 0x00, 0x00, 0x00, 0x00, 0x00, 0x00,
  0x00, 0x00, 0x00, 0x00, 0x00, 0x00, 0x00, 0x00, 0x00, 0x00, 0x00, 0x00,
  0x00, 0x00, 0x00, 0x00, 0x00, 0x00, 0x00, 0x00, 0x00, 0x00, 0x00, 0x00,
  0x00, 0x00, 0x00, 0x00, 0x00, 0x00, 0x00, 0x00, 0x00, 0x00, 0x00, 0x00,
  0x00, 0x00, 0x00, 0x00, 0x00, 0x00, 0x00, 0x00, 0x00, 0x00, 0x00, 0x00,
  0x00, 0x00, 0x00, 0x00, 0x00, 0x00, 0x00, 0x00, 0x00, 0x00, 0x00, 0x00,
  0x00, 0x00, 0x00, 0x00, 0x00, 0x00, 0x00, 0x00, 0x00, 0x00, 0x00, 0x00,
  0x00, 0x00, 0x00, 0x00, 0x00, 0x00, 0x00, 0x00, 0x00, 0x00, 0x00, 0x00,
  0x00, 0x00, 0x00, 0x00, 0x00, 0x00, 0x00, 0x00, 0x00, 0x00, 0x00, 0x00,
  0x00, 0x00, 0x00, 0x00, 0x00, 0x00, 0x00, 0x00, 0x00, 0x00, 0x00, 0x00,
  0x00, 0x00, 0x00, 0x00, 0x00, 0x00, 0x00, 0x00, 0x00, 0x00, 0x00, 0x00,
  0x00, 0x00, 0x00, 0x00, 0x00, 0x00, 0x00, 0x00, 0x00, 0x00, 0x00, 0x00,
  0x00, 0x00, 0x00, 0x00, 0x00, 0x00, 0x00, 0x00, 0x00, 0x00, 0x00, 0x00,
  0x00, 0x00, 0x00, 0x00, 0x00, 0x00, 0x00, 0x00, 0x00, 0x00, 0x00, 0x00,
  0x00, 0x00, 0x00, 0x00, 0x00, 0x00, 0x63, 0xdc, 0xff, 0x63, 0xdc, 0xff,
  0x63, 0xdc, 0xff, 0x63, 0xdc, 0xff, 0x63, 0xdc, 0xff, 0x63, 0xdc, 0xff,
  0x63, 0xdc, 0xff, 0x63, 0xdc, 0xff, 0x63, 0xdc, 0xff, 0x63, 0xdc, 0xff,
  0x63, 0xdc, 0xff, 0x63, 0xdc, 0xff, 0x63, 0xdc, 0xff, 0x63, 0xdc, 0xff,
  0x63, 0xdc, 0xff, 0x63, 0xdc, 0xff, 0x63, 0xdc, 0xff, 0x63, 0xdc, 0xff,
  0x63, 0xdc, 0xff, 0x63, 0xdc, 0xff, 0x63, 0xdc, 0xff, 0x63, 0xdc, 0xff,
  0x63, 0xdc, 0xff, 0x63, 0xdc, 0xff, 0x63, 0xdc, 0xff, 0x63, 0xdc, 0xff,
  0x63, 0xdc, 0xff, 0x63, 0xdc, 0xff, 0x63, 0xdc, 0xff, 0x63, 0xdc, 0xff,
  0x63, 0xdc, 0xff, 0x63, 0xdc, 0xff, 0x63, 0xdc, 0xff, 0x63, 0xdc, 0xff,
  0x63, 0xdc, 0xff, 0x63, 0xdc, 0xff, 0x63, 0xdc, 0xff, 0x63, 0xdc, 0xff,
  0x63, 0xdc, 0xff, 0x63, 0xdc, 0xff, 0x63, 0xdc, 0xff, 0x63, 0xdc, 0xff,
  0x63, 0xdc, 0xff, 0x63, 0xdc, 0xff, 0x63, 0xdc, 0xff, 0x63, 0xdc, 0xff,
  0x63, 0xdc, 0xff, 0x63, 0xdc, 0xff, 0x63, 0xdc, 0xff, 0x63, 0xdc, 0xff,
  0x63, 0xdc, 0xff, 0x63, 0xdc, 0xff, 0x63, 0xdc, 0xff, 0x63, 0xdc, 0xff,
  0x63, 0xdc, 0xff, 0x63, 0xdc, 0xff, 0x63, 0xdc, 0xff, 0x63, 0xdc, 0xff,
  0x63, 0xdc, 0xff, 0x63, 0xdc, 0xff, 0x63, 0xdc, 0xff, 0x63, 0xdc, 0xff,
  0x63, 0xdc, 0xff, 0x63, 0xdc, 0xff, 0x63, 0xdc, 0xff, 0x63, 0xdc, 0xff,
  0x63, 0xdc, 0xff, 0x63, 0xdc, 0xff, 0x63, 0xdc, 0xff, 0x63, 0xdc, 0xff,
  0x63, 0xdc, 0xff, 0x63, 0xdc, 0xff, 0x63, 0xdc, 0xff, 0x63, 0xdc, 0xff,
  0x63, 0xdc, 0xff, 0x63, 0xdc, 0xff, 0x63, 0xdc, 0xff, 0x63, 0xdc, 0xcf,
  0x63, 0xdc, 0xbf, 0x63, 0xdc, 0x6f, 0x63, 0xdc, 0x0f, 0x00, 0x00, 0x00,
  0x00, 0x00, 0x00, 0x00, 0x00, 0x00, 0x00, 0x00, 0x00, 0x00, 0x00, 0x00,
  0x00, 0x00, 0x00, 0x00, 0x00, 0x00, 0x00, 0x00, 0x00, 0x00, 0x00, 0x00,
  0x00, 0x00, 0x00, 0x00, 0x00, 0x00, 0x00, 0x00, 0x00, 0x00, 0x00, 0x00,
  0x00, 0x00, 0x00, 0x00, 0x00, 0x00, 0x00, 0x00, 0x00, 0x00, 0x00, 0x00,
  0x00, 0x00, 0x00, 0x00, 0x00, 0x00, 0x00, 0x00, 0x00, 0x00, 0x00, 0x00,
  0x00, 0x00, 0x00, 0x00, 0x00, 0x00, 0x00, 0x00, 0x00, 0x00, 0x00, 0x00,
  0x00, 0x00, 0x00, 0x00, 0x00, 0x00, 0x00, 0x00, 0x00, 0x00, 0x00, 0x00,
  0x00, 0x00, 0x00, 0x00, 0x00, 0x00, 0x63, 0xdc, 0xff, 0x63, 0xdc, 0xff,
  0x63, 0xdc, 0xff, 0x63, 0xdc, 0xff, 0x63, 0xdc, 0xff, 0x63, 0xdc, 0xff,
  0x63, 0xdc, 0xff, 0x63, 0xdc, 0xff, 0x63, 0xdc, 0xff, 0x63, 0xdc, 0xff,
  0x63, 0xdc, 0xff, 0x63, 0xdc, 0xff, 0x63, 0xdc, 0xff, 0x63, 0xdc, 0xff,
  0x63, 0xdc, 0xff, 0x63, 0xdc, 0xff, 0x63, 0xdc, 0xff, 0x63, 0xdc, 0xff,
  0x63, 0xdc, 0xff, 0x63, 0xdc, 0xff, 0x63, 0xdc, 0xff, 0x63, 0xdc, 0xff,
  0x63, 0xdc, 0xff, 0x63, 0xdc, 0xff, 0x63, 0xdc, 0xff, 0x63, 0xdc, 0xff,
  0x63, 0xdc, 0xff, 0x63, 0xdc, 0xff, 0x63, 0xdc, 0xff, 0x63, 0xdc, 0xff,
  0x63, 0xdc, 0xff, 0x63, 0xdc, 0xff, 0x63, 0xdc, 0xff, 0x63, 0xdc, 0xff,
  0x63, 0xdc, 0xff, 0x63, 0xdc, 0xff, 0x63, 0xdc, 0xff, 0x63, 0xdc, 0xff,
  0x63, 0xdc, 0xff, 0x63, 0xdc, 0xff, 0x63, 0xdc, 0xff, 0x63, 0xdc, 0xff,
  0x63, 0xdc, 0xff, 0x63, 0xdc, 0xff, 0x63, 0xdc, 0xff, 0x63, 0xdc, 0xff,
  0x63, 0xdc, 0xff, 0x63, 0xdc, 0xff, 0x63, 0xdc, 0xff, 0x63, 0xdc, 0xff,
  0x63, 0xdc, 0xff, 0x63, 0xdc, 0xff, 0x63, 0xdc, 0xff, 0x63, 0xdc, 0xff,
  0x63, 0xdc, 0xff, 0x63, 0xdc, 0xff, 0x63, 0xdc, 0xff, 0x63, 0xdc, 0xff,
  0x63, 0xdc, 0xff, 0x63, 0xdc, 0xff, 0x63, 0xdc, 0xff, 0x63, 0xdc, 0xff,
  0x63, 0xdc, 0xff, 0x63, 0xdc, 0xff, 0x63, 0xdc, 0xff, 0x63, 0xdc, 0xff,
  0x63, 0xdc, 0xff, 0x63, 0xdc, 0xff, 0x63, 0xdc, 0xff, 0x63, 0xdc, 0xff,
  0x63, 0xdc, 0xff, 0x63, 0xdc, 0xff, 0x63, 0xdc, 0xff, 0x63, 0xdc, 0xff,
  0x63, 0xdc, 0xff, 0x63, 0xdc, 0xff, 0x63, 0xdc, 0xff, 0x63, 0xdc, 0xff,
  0x63, 0xdc, 0xff, 0x63, 0xdc, 0xff, 0x63, 0xdc, 0xef, 0x63, 0xdc, 0x4f,
  0x00, 0x00, 0x00, 0x00, 0x00, 0x00, 0x00, 0x00, 0x00, 0x00, 0x00, 0x00,
  0x00, 0x00, 0x00, 0x00, 0x00, 0x00, 0x00, 0x00, 0x00, 0x00, 0x00, 0x00,
  0x00, 0x00, 0x00, 0x00, 0x00, 0x00, 0x00, 0x00, 0x00, 0x00, 0x00, 0x00,
  0x00, 0x00, 0x00, 0x00, 0x00, 0x00, 0x00, 0x00, 0x00, 0x00, 0x00, 0x00,
  0x00, 0x00, 0x00, 0x00, 0x00, 0x00, 0x00, 0x00, 0x00, 0x00, 0x00, 0x00,
  0x00, 0x00, 0x00, 0x00, 0x00, 0x00, 0x00, 0x00, 0x00, 0x00, 0x00, 0x00,
  0x00, 0x00, 0x00, 0x00, 0x00, 0x00, 0x00, 0x00, 0x00, 0x00, 0x00, 0x00,
  0x00, 0x00, 0x00, 0x00, 0x00, 0x00, 0x63, 0xdc, 0xff, 0x63, 0xdc, 0xff,
  0x63, 0xdc, 0xff, 0x63, 0xdc, 0xff, 0x63, 0xdc, 0xff, 0x63, 0xdc, 0xff,
  0x63, 0xdc, 0xff, 0x63, 0xdc, 0xff, 0x63, 0xdc, 0xff, 0x63, 0xdc, 0xff,
  0x63, 0xdc, 0xff, 0x63, 0xdc, 0xff, 0x63, 0xdc, 0xff, 0x63, 0xdc, 0xff,
  0x63, 0xdc, 0xff, 0x63, 0xdc, 0xff, 0x63, 0xdc, 0xff, 0x63, 0xdc, 0xff,
  0x63, 0xdc, 0xff, 0x63, 0xdc, 0xff, 0x63, 0xdc, 0xff, 0x63, 0xdc, 0xff,
  0x63, 0xdc, 0xff, 0x63, 0xdc, 0xff, 0x63, 0xdc, 0xff, 0x63, 0xdc, 0xff,
  0x63, 0xdc, 0xff, 0x63, 0xdc, 0xff, 0x63, 0xdc, 0xff, 0x63, 0xdc, 0xff,
  0x63, 0xdc, 0xff, 0x63, 0xdc, 0xff, 0x63, 0xdc, 0xff, 0x63, 0xdc, 0xff,
  0x63, 0xdc, 0xff, 0x63, 0xdc, 0xff, 0x63, 0xdc, 0xff, 0x63, 0xdc, 0xff,
  0x63, 0xdc, 0xff, 0x63, 0xdc, 0xff, 0x63, 0xdc, 0xff, 0x63, 0xdc, 0xff,
  0x63, 0xdc, 0xff, 0x63, 0xdc, 0xff, 0x63, 0xdc, 0xff, 0x63, 0xdc, 0xff,
  0x63, 0xdc, 0xff, 0x63, 0xdc, 0xff, 0x63, 0xdc, 0xff, 0x63, 0xdc, 0xff,
  0x63, 0xdc, 0xff, 0x63, 0xdc, 0xff, 0x63, 0xdc, 0xff, 0x63, 0xdc, 0xff,
  0x63, 0xdc, 0xff, 0x63, 0xdc, 0xff, 0x63, 0xdc, 0xff, 0x63, 0xdc, 0xff,
  0x63, 0xdc, 0xff, 0x63, 0xdc, 0xff, 0x63, 0xdc, 0xff, 0x63, 0xdc, 0xff,
  0x63, 0xdc, 0xff, 0x63, 0xdc, 0xff, 0x63, 0xdc, 0xff, 0x63, 0xdc, 0xff,
  0x63, 0xdc, 0xff, 0x63, 0xdc, 0xff, 0x63, 0xdc, 0xff, 0x63, 0xdc, 0xff,
  0x63, 0xdc, 0xff, 0x63, 0xdc, 0xff, 0x63, 0xdc, 0xff, 0x63, 0xdc, 0xff,
  0x63, 0xdc, 0xff, 0x63, 0xdc, 0xff, 0x63, 0xdc, 0xff, 0x63, 0xdc, 0xff,
  0x63, 0xdc, 0xff, 0x63, 0xdc, 0xff, 0x63, 0xdc, 0xff, 0x63, 0xdc, 0xff,
  0x63, 0xdc, 0x5f, 0x00, 0x00, 0x00, 0x00, 0x00, 0x00, 0x00, 0x00, 0x00,
  0x00, 0x00, 0x00, 0x00, 0x00, 0x00, 0x00, 0x00, 0x00, 0x00, 0x00, 0x00,
  0x00, 0x00, 0x00, 0x00, 0x00, 0x00, 0x00, 0x00, 0x00, 0x00, 0x00, 0x00,
  0x00, 0x00, 0x00, 0x00, 0x00, 0x00, 0x00, 0x00, 0x00, 0x00, 0x00, 0x00,
  0x00, 0x00, 0x00, 0x00, 0x00, 0x00, 0x00, 0x00, 0x00, 0x00, 0x00, 0x00,
  0x00, 0x00, 0x00, 0x00, 0x00, 0x00, 0x00, 0x00, 0x00, 0x00, 0x00, 0x00,
  0x00, 0x00, 0x00, 0x00, 0x00, 0x00, 0x00, 0x00, 0x00, 0x00, 0x00, 0x00,
  0x00, 0x00, 0x00, 0x00, 0x00, 0x00, 0x63, 0xdc, 0xff, 0x63, 0xdc, 0xff,
  0x63, 0xdc, 0xff, 0x63, 0xdc, 0xff, 0x63, 0xdc, 0xff, 0x63, 0xdc, 0xff,
  0x63, 0xdc, 0xff, 0x63, 0xdc, 0xff, 0x63, 0xdc, 0xff, 0x63, 0xdc, 0xff,
  0x63, 0xdc, 0xff, 0x63, 0xdc, 0xff, 0x63, 0xdc, 0xff, 0x63, 0xdc, 0xff,
  0x63, 0xdc, 0xff, 0x63, 0xdc, 0xff, 0x63, 0xdc, 0xff, 0x63, 0xdc, 0xff,
  0x63, 0xdc, 0xff, 0x63, 0xdc, 0xff, 0x63, 0xdc, 0xff, 0x63, 0xdc, 0xff,
  0x63, 0xdc, 0xff, 0x63, 0xdc, 0xff, 0x63, 0xdc, 0xff, 0x63, 0xdc, 0xff,
  0x63, 0xdc, 0xff, 0x63, 0xdc, 0xff, 0x63, 0xdc, 0xff, 0x63, 0xdc, 0xff,
  0x63, 0xdc, 0xff, 0x63, 0xdc, 0xff, 0x63, 0xdc, 0xff, 0x63, 0xdc, 0xff,
  0x63, 0xdc, 0xff, 0x63, 0xdc, 0xff, 0x63, 0xdc, 0xff, 0x63, 0xdc, 0xff,
  0x63, 0xdc, 0xff, 0x63, 0xdc, 0xff, 0x63, 0xdc, 0xff, 0x63, 0xdc, 0xff,
  0x63, 0xdc, 0xff, 0x63, 0xdc, 0xff, 0x63, 0xdc, 0xff, 0x63, 0xdc, 0xff,
  0x63, 0xdc, 0xff, 0x63, 0xdc, 0xff, 0x63, 0xdc, 0xff, 0x63, 0xdc, 0xff,
  0x63, 0xdc, 0xff, 0x63, 0xdc, 0xff, 0x63, 0xdc, 0xff, 0x63, 0xdc, 0xff,
  0x63, 0xdc, 0xff, 0x63, 0xdc, 0xff, 0x63, 0xdc, 0xff, 0x63, 0xdc, 0xff,
  0x63, 0xdc, 0xff, 0x63, 0xdc, 0xff, 0x63, 0xdc, 0xff, 0x63, 0xdc, 0xff,
  0x63, 0xdc, 0xff, 0x63, 0xdc, 0xff, 0x63, 0xdc, 0xff, 0x63, 0xdc, 0xff,
  0x63, 0xdc, 0xff, 0x63, 0xdc, 0xff, 0x63, 0xdc, 0xff, 0x63, 0xdc, 0xff,
  0x63, 0xdc, 0xff, 0x63, 0xdc, 0xff, 0x63, 0xdc, 0xff, 0x63, 0xdc, 0xff,
  0x63, 0xdc, 0xff, 0x63, 0xdc, 0xff, 0x63, 0xdc, 0xff, 0x63, 0xdc, 0xff,
  0x63, 0xdc, 0xff, 0x63, 0xdc, 0xff, 0x63, 0xdc, 0xff, 0x63, 0xdc, 0xff,
  0x63, 0xdc, 0xef, 0x63, 0xdc, 0x1f, 0x00, 0x00, 0x00, 0x00, 0x00, 0x00,
  0x00, 0x00, 0x00, 0x00, 0x00, 0x00, 0x00, 0x00, 0x00, 0x00, 0x00, 0x00,
  0x00, 0x00, 0x00, 0x00, 0x00, 0x00, 0x00, 0x00, 0x00, 0x00, 0x00, 0x00,
  0x00, 0x00, 0x00, 0x00, 0x00, 0x00, 0x00, 0x00, 0x00, 0x00, 0x00, 0x00,
  0x00, 0x00, 0x00, 0x00, 0x00, 0x00, 0x00, 0x00, 0x00, 0x00, 0x00, 0x00,
  0x00, 0x00, 0x00, 0x00, 0x00, 0x00, 0x00, 0x00, 0x00, 0x00, 0x00, 0x00,
  0x00, 0x00, 0x00, 0x00, 0x00, 0x00, 0x00, 0x00, 0x00, 0x00, 0x00, 0x00,
  0x00, 0x00, 0x00, 0x00, 0x00, 0x00, 0x63, 0xdc, 0xff, 0x63, 0xdc, 0xff,
  0x63, 0xdc, 0xff, 0x63, 0xdc, 0xff, 0x63, 0xdc, 0xff, 0x63, 0xdc, 0xff,
  0x63, 0xdc, 0xff, 0x63, 0xdc, 0xff, 0x63, 0xdc, 0xff, 0x63, 0xdc, 0xff,
  0x63, 0xdc, 0xff, 0x63, 0xdc, 0xff, 0x63, 0xdc, 0xff, 0x63, 0xdc, 0xff,
  0x63, 0xdc, 0xff, 0x63, 0xdc, 0xff, 0x63, 0xdc, 0xff, 0x63, 0xdc, 0xff,
  0x63, 0xdc, 0xff, 0x63, 0xdc, 0xff, 0x63, 0xdc, 0xff, 0x63, 0xdc, 0xff,
  0x63, 0xdc, 0xff, 0x63, 0xdc, 0xff, 0x63, 0xdc, 0xff, 0x63, 0xdc, 0xff,
  0x63, 0xdc, 0xff, 0x63, 0xdc, 0xff, 0x63, 0xdc, 0xff, 0x63, 0xdc, 0xff,
  0x63, 0xdc, 0xff, 0x63, 0xdc, 0xff, 0x63, 0xdc, 0xff, 0x63, 0xdc, 0xff,
  0x63, 0xdc, 0xff, 0x63, 0xdc, 0xff, 0x63, 0xdc, 0xff, 0x63, 0xdc, 0xff,
  0x63, 0xdc, 0xff, 0x63, 0xdc, 0xff, 0x63, 0xdc, 0xff, 0x63, 0xdc, 0xff,
  0x63, 0xdc, 0xff, 0x63, 0xdc, 0xff, 0x63, 0xdc, 0xff, 0x63, 0xdc, 0xff,
  0x63, 0xdc, 0xff, 0x63, 0xdc, 0xff, 0x63, 0xdc, 0xff, 0x63, 0xdc, 0xff,
  0x63, 0xdc, 0xff, 0x63, 0xdc, 0xff, 0x63, 0xdc, 0xff, 0x63, 0xdc, 0xff,
  0x63, 0xdc, 0xff, 0x63, 0xdc, 0xff, 0x63, 0xdc, 0xff, 0x63, 0xdc, 0xff,
  0x63, 0xdc, 0xff, 0x63, 0xdc, 0xff, 0x63, 0xdc, 0xff, 0x63, 0xdc, 0xff,
  0x63, 0xdc, 0xff, 0x63, 0xdc, 0xff, 0x63, 0xdc, 0xff, 0x63, 0xdc, 0xff,
  0x63, 0xdc, 0xff, 0x63, 0xdc, 0xff, 0x63, 0xdc, 0xff, 0x63, 0xdc, 0xff,
  0x63, 0xdc, 0xff, 0x63, 0xdc, 0xff, 0x63, 0xdc, 0xff, 0x63, 0xdc, 0xff,
  0x63, 0xdc, 0xff, 0x63, 0xdc, 0xff, 0x63, 0xdc, 0xff, 0x63, 0xdc, 0xff,
  0x63, 0xdc, 0xff, 0x63, 0xdc, 0xff, 0x63, 0xdc, 0xff, 0x63, 0xdc, 0xff,
  0x63, 0xdc, 0xff, 0x63, 0xdc, 0x9f, 0x00, 0x00, 0x00, 0x00, 0x00, 0x00,
  0x00, 0x00, 0x00, 0x00, 0x00, 0x00, 0x00, 0x00, 0x00, 0x00, 0x00, 0x00,
  0x00, 0x00, 0x00, 0x00, 0x00, 0x00, 0x00, 0x00, 0x00, 0x00, 0x00, 0x00,
  0x00, 0x00, 0x00, 0x00, 0x00, 0x00, 0x00, 0x00, 0x00, 0x00, 0x00, 0x00,
  0x00, 0x00, 0x00, 0x00, 0x00, 0x00, 0x00, 0x00, 0x00, 0x00, 0x00, 0x00,
  0x00, 0x00, 0x00, 0x00, 0x00, 0x00, 0x00, 0x00, 0x00, 0x00, 0x00, 0x00,
  0x00, 0x00, 0x00, 0x00, 0x00, 0x00, 0x00, 0x00, 0x00, 0x00, 0x00, 0x00,
  0x00, 0x00, 0x00, 0x00, 0x00, 0x00, 0x63, 0xdc, 0xcf, 0x63, 0xdc, 0xff,
  0x63, 0xdc, 0xff, 0x63, 0xdc, 0xff, 0x63, 0xdc, 0xff, 0x63, 0xdc, 0xff,
  0x63, 0xdc, 0xff, 0x63, 0xdc, 0xff, 0x63, 0xdc, 0xff, 0x63, 0xdc, 0xff,
  0x63, 0xdc, 0xff, 0x63, 0xdc, 0xff, 0x63, 0xdc, 0xff, 0x63, 0xdc, 0xff,
  0x63, 0xdc, 0xff, 0x63, 0xdc, 0xff, 0x63, 0xdc, 0xff, 0x63, 0xdc, 0xff,
  0x63, 0xdc, 0xff, 0x63, 0xdc, 0xff, 0x63, 0xdc, 0xff, 0x63, 0xdc, 0xff,
  0x63, 0xdc, 0xff, 0x63, 0xdc, 0xff, 0x63, 0xdc, 0xff, 0x63, 0xdc, 0xff,
  0x63, 0xdc, 0xff, 0x63, 0xdc, 0xff, 0x63, 0xdc, 0xff, 0x63, 0xdc, 0xff,
  0x63, 0xdc, 0xff, 0x63, 0xdc, 0xff, 0x63, 0xdc, 0xff, 0x63, 0xdc, 0xff,
  0x63, 0xdc, 0xff, 0x63, 0xdc, 0xff, 0x63, 0xdc, 0xff, 0x63, 0xdc, 0xff,
  0x63, 0xdc, 0xff, 0x63, 0xdc, 0xff, 0x63, 0xdc, 0xff, 0x63, 0xdc, 0xff,
  0x63, 0xdc, 0xff, 0x63, 0xdc, 0xff, 0x63, 0xdc, 0xff, 0x63, 0xdc, 0xff,
  0x63, 0xdc, 0xff, 0x63, 0xdc, 0xff, 0x63, 0xdc, 0xff, 0x63, 0xdc, 0xff,
  0x63, 0xdc, 0xff, 0x63, 0xdc, 0xff, 0x63, 0xdc, 0xff, 0x63, 0xdc, 0xff,
  0x63, 0xdc, 0xff, 0x63, 0xdc, 0xff, 0x63, 0xdc, 0xff, 0x63, 0xdc, 0xff,
  0x63, 0xdc, 0xff, 0x63, 0xdc, 0xff, 0x63, 0xdc, 0xff, 0x63, 0xdc, 0xff,
  0x63, 0xdc, 0xff, 0x63, 0xdc, 0xff, 0x63, 0xdc, 0xff, 0x63, 0xdc, 0xff,
  0x63, 0xdc, 0xff, 0x63, 0xdc, 0xff, 0x63, 0xdc, 0xff, 0x63, 0xdc, 0xff,
  0x63, 0xdc, 0xff, 0x63, 0xdc, 0xff, 0x63, 0xdc, 0xff, 0x63, 0xdc, 0xff,
  0x63, 0xdc, 0xff, 0x63, 0xdc, 0xff, 0x63, 0xdc, 0xff, 0x63, 0xdc, 0xff,
  0x63, 0xdc, 0xff, 0x63, 0xdc, 0xff, 0x63, 0xdc, 0xff, 0x63, 0xdc, 0xff,
  0x63, 0xdc, 0xff, 0x63, 0xdc, 0xef, 0x00, 0x00, 0x00, 0x00, 0x00, 0x00,
  0x00, 0x00, 0x00, 0x00, 0x00, 0x00, 0x00, 0x00, 0x00, 0x00, 0x00, 0x00,
  0x00, 0x00, 0x00, 0x00, 0x00, 0x00, 0x00, 0x00, 0x00, 0x00, 0x00, 0x00,
  0x00, 0x00, 0x00, 0x00, 0x00, 0x00, 0x00, 0x00, 0x00, 0x00, 0x00, 0x00,
  0x00, 0x00, 0x00, 0x00, 0x00, 0x00, 0x00, 0x00, 0x00, 0x00, 0x00, 0x00,
  0x00, 0x00, 0x00, 0x00, 0x00, 0x00, 0x00, 0x00, 0x00, 0x00, 0x00, 0x00,
  0x00, 0x00, 0x00, 0x00, 0x00, 0x00, 0x00, 0x00, 0x00, 0x00, 0x00, 0x00,
  0x00, 0x00, 0x00, 0x00, 0x00, 0x00, 0x63, 0xdc, 0xbf, 0x63, 0xdc, 0xff,
  0x63, 0xdc, 0xff, 0x63, 0xdc, 0xff, 0x63, 0xdc, 0xff, 0x63, 0xdc, 0xff,
  0x63, 0xdc, 0xff, 0x63, 0xdc, 0xff, 0x63, 0xdc, 0xff, 0x63, 0xdc, 0xff,
  0x63, 0xdc, 0xff, 0x63, 0xdc, 0xff, 0x63, 0xdc, 0xff, 0x63, 0xdc, 0xff,
  0x63, 0xdc, 0xff, 0x63, 0xdc, 0xff, 0x63, 0xdc, 0xff, 0x63, 0xdc, 0xff,
  0x63, 0xdc, 0xff, 0x63, 0xdc, 0xff, 0x63, 0xdc, 0xff, 0x63, 0xdc, 0xff,
  0x63, 0xdc, 0xff, 0x63, 0xdc, 0xff, 0x63, 0xdc, 0xff, 0x63, 0xdc, 0xff,
  0x63, 0xdc, 0xff, 0x63, 0xdc, 0xff, 0x63, 0xdc, 0xff, 0x63, 0xdc, 0xff,
  0x63, 0xdc, 0xff, 0x63, 0xdc, 0xff, 0x63, 0xdc, 0xff, 0x63, 0xdc, 0xff,
  0x63, 0xdc, 0xff, 0x63, 0xdc, 0xff, 0x63, 0xdc, 0xff, 0x63, 0xdc, 0xff,
  0x63, 0xdc, 0xff, 0x63, 0xdc, 0xff, 0x63, 0xdc, 0xff, 0x63, 0xdc, 0xff,
  0x63, 0xdc, 0xff, 0x63, 0xdc, 0xff, 0x63, 0xdc, 0xff, 0x63, 0xdc, 0xff,
  0x63, 0xdc, 0xff, 0x63, 0xdc, 0xff, 0x63, 0xdc, 0xff, 0x63, 0xdc, 0xff,
  0x63, 0xdc, 0xff, 0x63, 0xdc, 0xff, 0x63, 0xdc, 0xff, 0x63, 0xdc, 0xff,
  0x63, 0xdc, 0xff, 0x63, 0xdc, 0xff, 0x63, 0xdc, 0xff, 0x63, 0xdc, 0xff,
  0x63, 0xdc, 0xff, 0x63, 0xdc, 0xff, 0x63, 0xdc, 0xff, 0x63, 0xdc, 0xff,
  0x63, 0xdc, 0xff, 0x63, 0xdc, 0xff, 0x63, 0xdc, 0xff, 0x63, 0xdc, 0xff,
  0x63, 0xdc, 0xff, 0x63, 0xdc, 0xff, 0x63, 0xdc, 0xff, 0x63, 0xdc, 0xff,
  0x63, 0xdc, 0xff, 0x63, 0xdc, 0xff, 0x63, 0xdc, 0xff, 0x63, 0xdc, 0xff,
  0x63, 0xdc, 0xff, 0x63, 0xdc, 0xff, 0x63, 0xdc, 0xff, 0x63, 0xdc, 0xff,
  0x63, 0xdc, 0xff, 0x63, 0xdc, 0xff, 0x63, 0xdc, 0xff, 0x63, 0xdc, 0xff,
  0x63, 0xdc, 0xff, 0x63, 0xdc, 0xff, 0x00, 0x00, 0x00, 0x00, 0x00, 0x00,
  0x00, 0x00, 0x00, 0x00, 0x00, 0x00, 0x00, 0x00, 0x00, 0x00, 0x00, 0x00,
  0x00, 0x00, 0x00, 0x00, 0x00, 0x00, 0x00, 0x00, 0x00, 0x00, 0x00, 0x00,
  0x00, 0x00, 0x00, 0x00, 0x00, 0x00, 0x00, 0x00, 0x00, 0x00, 0x00, 0x00,
  0x00, 0x00, 0x00, 0x00, 0x00, 0x00, 0x00, 0x00, 0x00, 0x00, 0x00, 0x00,
  0x00, 0x00, 0x00, 0x00, 0x00, 0x00, 0x00, 0x00, 0x00, 0x00, 0x00, 0x00,
  0x00, 0x00, 0x00, 0x00, 0x00, 0x00, 0x00, 0x00, 0x00, 0x00, 0x00, 0x00,
  0x00, 0x00, 0x00, 0x00, 0x00, 0x00, 0x63, 0xdc, 0xff, 0x63, 0xdc, 0xff,
  0x63, 0xdc, 0xff, 0x63, 0xdc, 0xff, 0x63, 0xdc, 0xff, 0x63, 0xdc, 0xff,
  0x63, 0xdc, 0xff, 0x63, 0xdc, 0xff, 0x63, 0xdc, 0xff, 0x63, 0xdc, 0xff,
  0x63, 0xdc, 0xff, 0x63, 0xdc, 0xff, 0x63, 0xdc, 0xff, 0x63, 0xdc, 0xff,
  0x63, 0xdc, 0xff, 0x63, 0xdc, 0xff, 0x63, 0xdc, 0xff, 0x63, 0xdc, 0xff,
  0x63, 0xdc, 0xff, 0x63, 0xdc, 0xff, 0x63, 0xdc, 0xff, 0x63, 0xdc, 0xff,
  0x63, 0xdc, 0xff, 0x63, 0xdc, 0xff, 0x63, 0xdc, 0xff, 0x63, 0xdc, 0xff,
  0x63, 0xdc, 0xff, 0x63, 0xdc, 0xff, 0x63, 0xdc, 0xff, 0x63, 0xdc, 0xff,
  0x63, 0xdc, 0xff, 0x63, 0xdc, 0xff, 0x63, 0xdc, 0xff, 0x63, 0xdc, 0xff,
  0x63, 0xdc, 0xff, 0x63, 0xdc, 0xff, 0x63, 0xdc, 0xff, 0x63, 0xdc, 0xff,
  0x63, 0xdc, 0xff, 0x63, 0xdc, 0xff, 0x63, 0xdc, 0xff, 0x63, 0xdc, 0xff,
  0x63, 0xdc, 0xff, 0x63, 0xdc, 0xff, 0x63, 0xdc, 0xff, 0x63, 0xdc, 0xff,
  0x63, 0xdc, 0xff, 0x63, 0xdc, 0xff, 0x63, 0xdc, 0xff, 0x63, 0xdc, 0xff,
  0x63, 0xdc, 0xff, 0x63, 0xdc, 0xff, 0x63, 0xdc, 0xff, 0x63, 0xdc, 0xff,
  0x63, 0xdc, 0xff, 0x63, 0xdc, 0xff, 0x63, 0xdc, 0xff, 0x63, 0xdc, 0xff,
  0x63, 0xdc, 0xff, 0x63, 0xdc, 0xff, 0x63, 0xdc, 0xff, 0x63, 0xdc, 0xff,
  0x63, 0xdc, 0xff, 0x63, 0xdc, 0xff, 0x63, 0xdc, 0xff, 0x63, 0xdc, 0xff,
  0x63, 0xdc, 0xff, 0x63, 0xdc, 0xff, 0x63, 0xdc, 0xff, 0x63, 0xdc, 0xff,
  0x63, 0xdc, 0xff, 0x63, 0xdc, 0xff, 0x63, 0xdc, 0xff, 0x63, 0xdc, 0xff,
  0x63, 0xdc, 0xff, 0x63, 0xdc, 0xff, 0x63, 0xdc, 0xff, 0x63, 0xdc, 0xff,
  0x63, 0xdc, 0xff, 0x63, 0xdc, 0xff, 0x63, 0xdc, 0xff, 0x63, 0xdc, 0xff,
  0x63, 0xdc, 0xff, 0x63, 0xdc, 0xff, 0x63, 0xdc, 0x3f, 0x00, 0x00, 0x00,
  0x00, 0x00, 0x00, 0x00, 0x00, 0x00, 0x00, 0x00, 0x00, 0x00, 0x00, 0x00,
  0x00, 0x00, 0x00, 0x00, 0x00, 0x00, 0x00, 0x00, 0x00, 0x00, 0x00, 0x00,
  0x00, 0x00, 0x00, 0x00, 0x00, 0x00, 0x00, 0x00, 0x00, 0x00, 0x00, 0x00,
  0x00, 0x00, 0x00, 0x00, 0x00, 0x00, 0x00, 0x00, 0x00, 0x00, 0x00, 0x00,
  0x00, 0x00, 0x00, 0x00, 0x00, 0x00, 0x00, 0x00, 0x00, 0x00, 0x00, 0x00,
  0x00, 0x00, 0x00, 0x00, 0x00, 0x00, 0x00, 0x00, 0x00, 0x00, 0x00, 0x00,
  0x00, 0x00, 0x00, 0x00, 0x00, 0x00, 0x63, 0xdc, 0xff, 0x63, 0xdc, 0xff,
  0x63, 0xdc, 0xff, 0x63, 0xdc, 0xff, 0x63, 0xdc, 0xff, 0x63, 0xdc, 0xff,
  0x63, 0xdc, 0xff, 0x63, 0xdc, 0xff, 0x63, 0xdc, 0xff, 0x63, 0xdc, 0xff,
  0x63, 0xdc, 0xff, 0x63, 0xdc, 0xff, 0x63, 0xdc, 0xff, 0x63, 0xdc, 0xff,
  0x63, 0xdc, 0xff, 0x63, 0xdc, 0xff, 0x63, 0xdc, 0xff, 0x63, 0xdc, 0xff,
  0x63, 0xdc, 0xff, 0x63, 0xdc, 0xff, 0x63, 0xdc, 0xff, 0x63, 0xdc, 0xff,
  0x63, 0xdc, 0xff, 0x63, 0xdc, 0xff, 0x63, 0xdc, 0xff, 0x63, 0xdc, 0xff,
  0x63, 0xdc, 0xff, 0x63, 0xdc, 0xff, 0x63, 0xdc, 0xff, 0x63, 0xdc, 0xff,
  0x63, 0xdc, 0xff, 0x63, 0xdc, 0xff, 0x63, 0xdc, 0xff, 0x63, 0xdc, 0xff,
  0x63, 0xdc, 0xff, 0x63, 0xdc, 0xff, 0x63, 0xdc, 0xff, 0x63, 0xdc, 0xff,
  0x63, 0xdc, 0xff, 0x63, 0xdc, 0xff, 0x63, 0xdc, 0xff, 0x63, 0xdc, 0xff,
  0x63, 0xdc, 0xff, 0x63, 0xdc, 0xff, 0x63, 0xdc, 0xff, 0x63, 0xdc, 0xff,
  0x63, 0xdc, 0xff, 0x63, 0xdc, 0xff, 0x63, 0xdc, 0xff, 0x63, 0xdc, 0xff,
  0x63, 0xdc, 0xff, 0x63, 0xdc, 0xff, 0x63, 0xdc, 0xff, 0x63, 0xdc, 0xff,
  0x63, 0xdc, 0xff, 0x63, 0xdc, 0xff, 0x63, 0xdc, 0xff, 0x63, 0xdc, 0xff,
  0x63, 0xdc, 0xff, 0x63, 0xdc, 0xff, 0x63, 0xdc, 0xff, 0x63, 0xdc, 0xff,
  0x63, 0xdc, 0xff, 0x63, 0xdc, 0xff, 0x63, 0xdc, 0xff, 0x63, 0xdc, 0xff,
  0x63, 0xdc, 0xff, 0x63, 0xdc, 0xff, 0x63, 0xdc, 0xff, 0x63, 0xdc, 0xff,
  0x63, 0xdc, 0xff, 0x63, 0xdc, 0xff, 0x63, 0xdc, 0xff, 0x63, 0xdc, 0xff,
  0x63, 0xdc, 0xff, 0x63, 0xdc, 0xff, 0x63, 0xdc, 0xff, 0x63, 0xdc, 0xff,
  0x63, 0xdc, 0xff, 0x63, 0xdc, 0xff, 0x63, 0xdc, 0xff, 0x63, 0xdc, 0xff,
  0x63, 0xdc, 0xff, 0x63, 0xdc, 0xff, 0x63, 0xdc, 0x3f, 0x00, 0x00, 0x00,
  0x00, 0x00, 0x00, 0x00, 0x00, 0x00, 0x00, 0x00, 0x00, 0x00, 0x00, 0x00,
  0x00, 0x00, 0x00, 0x00, 0x00, 0x00, 0x00, 0x00, 0x00, 0x00, 0x00, 0x00,
  0x00, 0x00, 0x00, 0x00, 0x00, 0x00, 0x00, 0x00, 0x00, 0x00, 0x00, 0x00,
  0x00, 0x00, 0x00, 0x00, 0x00, 0x00, 0x00, 0x00, 0x00, 0x00, 0x00, 0x00,
  0x00, 0x00, 0x00, 0x00, 0x00, 0x00, 0x00, 0x00, 0x00, 0x00, 0x00, 0x00,
  0x00, 0x00, 0x00, 0x00, 0x00, 0x00, 0x00, 0x00, 0x00, 0x00, 0x00, 0x00,
  0x00, 0x00, 0x00, 0x00, 0x00, 0x00, 0x63, 0xdc, 0xff, 0x63, 0xdc, 0xff,
  0x63, 0xdc, 0xff, 0x63, 0xdc, 0xff, 0x63, 0xdc, 0xff, 0x63, 0xdc, 0xff,
  0x63, 0xdc, 0xff, 0x63, 0xdc, 0xff, 0x63, 0xdc, 0xff, 0x63, 0xdc, 0xff,
  0x63, 0xdc, 0xff, 0x63, 0xdc, 0xff, 0x63, 0xdc, 0xff, 0x63, 0xdc, 0xff,
  0x63, 0xdc, 0xff, 0x63, 0xdc, 0xff, 0x63, 0xdc, 0xff, 0x63, 0xdc, 0xff,
  0x63, 0xdc, 0xff, 0x63, 0xdc, 0xff, 0x63, 0xdc, 0xff, 0x63, 0xdc, 0xff,
  0x63, 0xdc, 0xff, 0x63, 0xdc, 0xff, 0x63, 0xdc, 0xff, 0x63, 0xdc, 0xff,
  0x63, 0xdc, 0xff, 0x63, 0xdc, 0xff, 0x63, 0xdc, 0xff, 0x63, 0xdc, 0xff,
  0x63, 0xdc, 0xff, 0x63, 0xdc, 0xff, 0x63, 0xdc, 0xff, 0x63, 0xdc, 0xff,
  0x63, 0xdc, 0xff, 0x63, 0xdc, 0xff, 0x63, 0xdc, 0xff, 0x63, 0xdc, 0xff,
  0x63, 0xdc, 0xff, 0x63, 0xdc, 0xff, 0x63, 0xdc, 0xff, 0x63, 0xdc, 0xff,
  0x63, 0xdc, 0xff, 0x63, 0xdc, 0xff, 0x63, 0xdc, 0xff, 0x63, 0xdc, 0xff,
  0x63, 0xdc, 0xff, 0x63, 0xdc, 0xff, 0x63, 0xdc, 0xff, 0x63, 0xdc, 0xff,
  0x63, 0xdc, 0xff, 0x63, 0xdc, 0xff, 0x63, 0xdc, 0xff, 0x63, 0xdc, 0xff,
  0x63, 0xdc, 0xff, 0x63, 0xdc, 0xff, 0x63, 0xdc, 0xff, 0x63, 0xdc, 0xff,
  0x63, 0xdc, 0xff, 0x63, 0xdc, 0xff, 0x63, 0xdc, 0xff, 0x63, 0xdc, 0xff,
  0x63, 0xdc, 0xff, 0x63, 0xdc, 0xff, 0x63, 0xdc, 0xff, 0x63, 0xdc, 0xff,
  0x63, 0xdc, 0xff, 0x63, 0xdc, 0xff, 0x63, 0xdc, 0xff, 0x63, 0xdc, 0xff,
  0x63, 0xdc, 0xff, 0x63, 0xdc, 0xff, 0x63, 0xdc, 0xff, 0x63, 0xdc, 0xff,
  0x63, 0xdc, 0xff, 0x63, 0xdc, 0xff, 0x63, 0xdc, 0xff, 0x63, 0xdc, 0xff,
  0x63, 0xdc, 0xff, 0x63, 0xdc, 0xff, 0x63, 0xdc, 0xff, 0x63, 0xdc, 0xff,
  0x63, 0xdc, 0xff, 0x63, 0xdc, 0xff, 0x63, 0xdc, 0x3f, 0x00, 0x00, 0x00,
  0x00, 0x00, 0x00, 0x00, 0x00, 0x00, 0x00, 0x00, 0x00, 0x00, 0x00, 0x00,
  0x00, 0x00, 0x00, 0x00, 0x00, 0x00, 0x00, 0x00, 0x00, 0x00, 0x00, 0x00,
  0x00, 0x00, 0x00, 0x00, 0x00, 0x00, 0x00, 0x00, 0x00, 0x00, 0x00, 0x00,
  0x00, 0x00, 0x00, 0x00, 0x00, 0x00, 0x00, 0x00, 0x00, 0x00, 0x00, 0x00,
  0x00, 0x00, 0x00, 0x00, 0x00, 0x00, 0x00, 0x00, 0x00, 0x00, 0x00, 0x00,
  0x00, 0x00, 0x00, 0x00, 0x00, 0x00, 0x00, 0x00, 0x00, 0x00, 0x00, 0x00,
  0x00, 0x00, 0x00, 0x00, 0x00, 0x00, 0x63, 0xdc, 0xff, 0x63, 0xdc, 0xff,
  0x63, 0xdc, 0xff, 0x63, 0xdc, 0xff, 0xe4, 0xe4, 0xff, 0x45, 0xed, 0xff,
  0x65, 0xed, 0xff, 0xa6, 0xf5, 0xff, 0xa6, 0xf5, 0xff, 0xa6, 0xf5, 0xff,
  0xa6, 0xf5, 0xff, 0xa6, 0xf5, 0xff, 0xa6, 0xf5, 0xff, 0xa6, 0xf5, 0xff,
  0xa6, 0xf5, 0xff, 0xa6, 0xf5, 0xff, 0xa6, 0xf5, 0xff, 0xa6, 0xf5, 0xff,
  0xa6, 0xf5, 0xff, 0xa6, 0xf5, 0xff, 0xa6, 0xf5, 0xff, 0xa6, 0xf5, 0xff,
  0xa6, 0xf5, 0xff, 0xa6, 0xf5, 0xff, 0xa6, 0xf5, 0xff, 0xa6, 0xf5, 0xff,
  0xa6, 0xf5, 0xff, 0xa6, 0xf5, 0xff, 0xa6, 0xf5, 0xff, 0xa6, 0xf5, 0xff,
  0xa6, 0xf5, 0xff, 0xa6, 0xf5, 0xff, 0xa6, 0xf5, 0xff, 0xa6, 0xf5, 0xff,
  0xa6, 0xf5, 0xff, 0xa6, 0xf5, 0xff, 0xa6, 0xf5, 0xff, 0xa6, 0xf5, 0xff,
  0xa6, 0xf5, 0xff, 0xa6, 0xf5, 0xff, 0xa6, 0xf5, 0xff, 0xa6, 0xf5, 0xff,
  0xa6, 0xf5, 0xff, 0xa6, 0xf5, 0xff, 0xa6, 0xf5, 0xff, 0xa6, 0xf5, 0xff,
  0xa6, 0xf5, 0xff, 0xa6, 0xf5, 0xff, 0xa6, 0xf5, 0xff, 0xa6, 0xf5, 0xff,
  0xa6, 0xf5, 0xff, 0xa6, 0xf5, 0xff, 0xa6, 0xf5, 0xff, 0xa6, 0xf5, 0xff,
  0xa6, 0xf5, 0xff, 0xa6, 0xf5, 0xff, 0xa6, 0xf5, 0xff, 0xa6, 0xf5, 0xff,
  0xa6, 0xf5, 0xff, 0xa6, 0xf5, 0xff, 0xa6, 0xf5, 0xff, 0xa6, 0xf5, 0xff,
  0xa6, 0xf5, 0xff, 0xa6, 0xf5, 0xff, 0xa6, 0xf5, 0xff, 0xa6, 0xf5, 0xff,
  0xa6, 0xf5, 0xff, 0xa6, 0xf5, 0xff, 0xa6, 0xf5, 0xff, 0xa6, 0xf5, 0xff,
  0xa6, 0xf5, 0xff, 0xa6, 0xf5, 0xff, 0xa6, 0xf5, 0xff, 0xa6, 0xf5, 0xff,
  0xa6, 0xf5, 0xff, 0xa6, 0xf5, 0xff, 0xa6, 0xf5, 0xff, 0x65, 0xf5, 0xff,
  0x65, 0xed, 0xff, 0xe4, 0xe4, 0xff, 0x84, 0xdc, 0xff, 0x63, 0xdc, 0xff,
  0x63, 0xdc, 0xff, 0x63, 0xdc, 0xff, 0x63, 0xdc, 0x3f, 0x00, 0x00, 0x00,
  0x00, 0x00, 0x00, 0x00, 0x00, 0x00, 0x00, 0x00, 0x00, 0x00, 0x00, 0x00,
  0x00, 0x00, 0x00, 0x00, 0x00, 0x00, 0x00, 0x00, 0x00, 0x00, 0x00, 0x00,
  0x00, 0x00, 0x00, 0x00, 0x00, 0x00, 0x00, 0x00, 0x00, 0x00, 0x00, 0x00,
  0x00, 0x00, 0x00, 0x00, 0x00, 0x00, 0x00, 0x00, 0x00, 0x00, 0x00, 0x00,
  0x00, 0x00, 0x00, 0x00, 0x00, 0x00, 0x00, 0x00, 0x00, 0x00, 0x00, 0x00,
  0x00, 0x00, 0x00, 0x00, 0x00, 0x00, 0x00, 0x00, 0x00, 0x00, 0x00, 0x00,
  0x00, 0x00, 0x00, 0x00, 0x00, 0x00, 0x63, 0xdc, 0xff, 0x63, 0xdc, 0xff,
  0xa4, 0xdc, 0xff, 0x65, 0xf5, 0xff, 0xa6, 0xf5, 0xff, 0xa6, 0xf5, 0xff,
  0xa6, 0xf5, 0xff, 0xa6, 0xf5, 0xff, 0xa6, 0xf5, 0xff, 0xa6, 0xf5, 0xff,
  0xa6, 0xf5, 0xff, 0xa6, 0xf5, 0xff, 0xa6, 0xf5, 0xff, 0xa6, 0xf5, 0xff,
  0xa6, 0xf5, 0xff, 0xa6, 0xf5, 0xff, 0xa6, 0xf5, 0xff, 0xa6, 0xf5, 0xff,
  0xa6, 0xf5, 0xff, 0xa6, 0xf5, 0xff, 0xa6, 0xf5, 0xff, 0xa6, 0xf5, 0xff,
  0xa6, 0xf5, 0xff, 0xa6, 0xf5, 0xff, 0xa6, 0xf5, 0xff, 0xa6, 0xf5, 0xff,
  0xa6, 0xf5, 0xff, 0xa6, 0xf5, 0xff, 0xa6, 0xf5, 0xff, 0xa6, 0xf5, 0xff,
  0xa6, 0xf5, 0xff, 0xa6, 0xf5, 0xff, 0xa6, 0xf5, 0xff, 0xa6, 0xf5, 0xff,
  0xa6, 0xf5, 0xff, 0xa6, 0xf5, 0xff, 0xa6, 0xf5, 0xff, 0xa6, 0xf5, 0xff,
  0xa6, 0xf5, 0xff, 0xa6, 0xf5, 0xff, 0xa6, 0xf5, 0xff, 0xa6, 0xf5, 0xff,
  0xa6, 0xf5, 0xff, 0xa6, 0xf5, 0xff, 0xa6, 0xf5, 0xff, 0xa6, 0xf5, 0xff,
  0xa6, 0xf5, 0xff, 0xa6, 0xf5, 0xff, 0xa6, 0xf5, 0xff, 0xa6, 0xf5, 0xff,
  0xa6, 0xf5, 0xff, 0xa6, 0xf5, 0xff, 0xa6, 0xf5, 0xff, 0xa6, 0xf5, 0xff,
  0xa6, 0xf5, 0xff, 0xa6, 0xf5, 0xff, 0xa6, 0xf5, 0xff, 0xa6, 0xf5, 0xff,
  0xa6, 0xf5, 0xff, 0xa6, 0xf5, 0xff, 0xa6, 0xf5, 0xff, 0xa6, 0xf5, 0xff,
  0xa6, 0xf5, 0xff, 0xa6, 0xf5, 0xff, 0xa6, 0xf5, 0xff, 0xa6, 0xf5, 0xff,
  0xa6, 0xf5, 0xff, 0xa6, 0xf5, 0xff, 0xa6, 0xf5, 0xff, 0xa6, 0xf5, 0xff,
  0xa6, 0xf5, 0xff, 0xa6, 0xf5, 0xff, 0xa6, 0xf5, 0xff, 0xa6, 0xf5, 0xff,
  0xa6, 0xf5, 0xff, 0xa6, 0xf5, 0xff, 0xa6, 0xf5, 0xff, 0xa6, 0xf5, 0xff,
  0xa6, 0xf5, 0xff, 0xa6, 0xf5, 0xff, 0xa6, 0xf5, 0xff, 0xc4, 0xe4, 0xff,
  0x63, 0xdc, 0xff, 0x63, 0xdc, 0xff, 0x63, 0xdc, 0x3f, 0x00, 0x00, 0x00,
  0x00, 0x00, 0x00, 0x00, 0x00, 0x00, 0x00, 0x00, 0x00, 0x00, 0x00, 0x00,
  0x00, 0x00, 0x00, 0x00, 0x00, 0x00, 0x00, 0x00, 0x00, 0x00, 0x00, 0x00,
  0x00, 0x00, 0x00, 0x00, 0x00, 0x00, 0x00, 0x00, 0x00, 0x00, 0x00, 0x00,
  0x00, 0x00, 0x00, 0x00, 0x00, 0x00, 0x00, 0x00, 0x00, 0x00, 0x00, 0x00,
  0x00, 0x00, 0x00, 0x00, 0x00, 0x00, 0x00, 0x00, 0x00, 0x00, 0x00, 0x00,
  0x00, 0x00, 0x00, 0x00, 0x00, 0x00, 0x00, 0x00, 0x00, 0x00, 0x00, 0x00,
  0x00, 0x00, 0x00, 0x00, 0x00, 0x00, 0x63, 0xdc, 0xff, 0xa4, 0xdc, 0xff,
  0xa6, 0xf5, 0xff, 0xa6, 0xf5, 0xff, 0xa6, 0xf5, 0xff, 0xa6, 0xf5, 0xff,
  0xa6, 0xf5, 0xff, 0xa6, 0xf5, 0xff, 0xa6, 0xf5, 0xff, 0xa6, 0xf5, 0xff,
  0xa6, 0xf5, 0xff, 0xa6, 0xf5, 0xff, 0xa6, 0xf5, 0xff, 0xa6, 0xf5, 0xff,
  0xa6, 0xf5, 0xff, 0xa6, 0xf5, 0xff, 0xa6, 0xf5, 0xff, 0xa6, 0xf5, 0xff,
  0xa6, 0xf5, 0xff, 0xa6, 0xf5, 0xff, 0xa6, 0xf5, 0xff, 0xa6, 0xf5, 0xff,
  0xa6, 0xf5, 0xff, 0xa6, 0xf5, 0xff, 0xa6, 0xf5, 0xff, 0xa6, 0xf5, 0xff,
  0xa6, 0xf5, 0xff, 0xa6, 0xf5, 0xff, 0xa6, 0xf5, 0xff, 0xa6, 0xf5, 0xff,
  0xa6, 0xf5, 0xff, 0xa6, 0xf5, 0xff, 0xa6, 0xf5, 0xff, 0xa6, 0xf5, 0xff,
  0xa6, 0xf5, 0xff, 0xa6, 0xf5, 0xff, 0xa6, 0xf5, 0xff, 0xa6, 0xf5, 0xff,
  0xa6, 0xf5, 0xff, 0xa6, 0xf5, 0xff, 0xa6, 0xf5, 0xff, 0xa6, 0xf5, 0xff,
  0xa6, 0xf5, 0xff, 0xa6, 0xf5, 0xff, 0xa6, 0xf5, 0xff, 0xa6, 0xf5, 0xff,
  0xa6, 0xf5, 0xff, 0xa6, 0xf5, 0xff, 0xa6, 0xf5, 0xff, 0xa6, 0xf5, 0xff,
  0xa6, 0xf5, 0xff, 0xa6, 0xf5, 0xff, 0xa6, 0xf5, 0xff, 0xa6, 0xf5, 0xff,
  0xa6, 0xf5, 0xff, 0xa6, 0xf5, 0xff, 0xa6, 0xf5, 0xff, 0xa6, 0xf5, 0xff,
  0xa6, 0xf5, 0xff, 0xa6, 0xf5, 0xff, 0xa6, 0xf5, 0xff, 0xa6, 0xf5, 0xff,
  0xa6, 0xf5, 0xff, 0xa6, 0xf5, 0xff, 0xa6, 0xf5, 0xff, 0xa6, 0xf5, 0xff,
  0xa6, 0xf5, 0xff, 0xa6, 0xf5, 0xff, 0xa6, 0xf5, 0xff, 0xa6, 0xf5, 0xff,
  0xa6, 0xf5, 0xff, 0xa6, 0xf5, 0xff, 0xa6, 0xf5, 0xff, 0xa6, 0xf5, 0xff,
  0xa6, 0xf5, 0xff, 0xa6, 0xf5, 0xff, 0xa6, 0xf5, 0xff, 0xa6, 0xf5, 0xff,
  0xa6, 0xf5, 0xff, 0xa6, 0xf5, 0xff, 0xa6, 0xf5, 0xff, 0xa6, 0xf5, 0xff,
  0xe4, 0xe4, 0xff, 0x63, 0xdc, 0xff, 0x63, 0xdc, 0x3f, 0x00, 0x00, 0x00,
  0x00, 0x00, 0x00, 0x00, 0x00, 0x00, 0x00, 0x00, 0x00, 0x00, 0x00, 0x00,
  0x00, 0x00, 0x00, 0x00, 0x00, 0x00, 0x00, 0x00, 0x00, 0x00, 0x00, 0x00,
  0x00, 0x00, 0x00, 0x00, 0x00, 0x00, 0x00, 0x00, 0x00, 0x00, 0x00, 0x00,
  0x00, 0x00, 0x00, 0x00, 0x00, 0x00, 0x00, 0x00, 0x00, 0x00, 0x00, 0x00,
  0x00, 0x00, 0x00, 0x00, 0x00, 0x00, 0x00, 0x00, 0x00, 0x00, 0x00, 0x00,
  0x00, 0x00, 0x00, 0x00, 0x00, 0x00, 0x00, 0x00, 0x00, 0x00, 0x00, 0x00,
  0x00, 0x00, 0x00, 0x00, 0x00, 0x00, 0x63, 0xdc, 0xff, 0x65, 0xf5, 0xff,
  0xa6, 0xf5, 0xff, 0xa6, 0xf5, 0xff, 0xa6, 0xf5, 0xff, 0xa6, 0xf5, 0xff,
  0xa6, 0xf5, 0xff, 0xa6, 0xf5, 0xff, 0xa6, 0xf5, 0xff, 0xa6, 0xf5, 0xff,
  0xa6, 0xf5, 0xff, 0xa6, 0xf5, 0xff, 0xa6, 0xf5, 0xff, 0xa6, 0xf5, 0xff,
  0xa6, 0xf5, 0xff, 0xa6, 0xf5, 0xff, 0xa6, 0xf5, 0xff, 0xa6, 0xf5, 0xff,
  0xa6, 0xf5, 0xff, 0xa6, 0xf5, 0xff, 0xa6, 0xf5, 0xff, 0xa6, 0xf5, 0xff,
  0xa6, 0xf5, 0xff, 0xa6, 0xf5, 0xff, 0xa6, 0xf5, 0xff, 0xa6, 0xf5, 0xff,
  0xa6, 0xf5, 0xff, 0xa6, 0xf5, 0xff, 0xa6, 0xf5, 0xff, 0xa6, 0xf5, 0xff,
  0xa6, 0xf5, 0xff, 0xa6, 0xf5, 0xff, 0xa6, 0xf5, 0xff, 0xa6, 0xf5, 0xff,
  0xa6, 0xf5, 0xff, 0xa6, 0xf5, 0xff, 0xa6, 0xf5, 0xff, 0xa6, 0xf5, 0xff,
  0xa6, 0xf5, 0xff, 0xa6, 0xf5, 0xff, 0xa6, 0xf5, 0xff, 0xa6, 0xf5, 0xff,
  0xa6, 0xf5, 0xff, 0xa6, 0xf5, 0xff, 0xa6, 0xf5, 0xff, 0xa6, 0xf5, 0xff,
  0xa6, 0xf5, 0xff, 0xa6, 0xf5, 0xff, 0xa6, 0xf5, 0xff, 0xa6, 0xf5, 0xff,
  0xa6, 0xf5, 0xff, 0xa6, 0xf5, 0xff, 0xa6, 0xf5, 0xff, 0xa6, 0xf5, 0xff,
  0xa6, 0xf5, 0xff, 0xa6, 0xf5, 0xff, 0xa6, 0xf5, 0xff, 0xa6, 0xf5, 0xff,
  0xa6, 0xf5, 0xff, 0xa6, 0xf5, 0xff, 0xa6, 0xf5, 0xff, 0xa6, 0xf5, 0xff,
  0xa6, 0xf5, 0xff, 0xa6, 0xf5, 0xff, 0xa6, 0xf5, 0xff, 0xa6, 0xf5, 0xff,
  0xa6, 0xf5, 0xff, 0xa6, 0xf5, 0xff, 0xa6, 0xf5, 0xff, 0xa6, 0xf5, 0xff,
  0xa6, 0xf5, 0xff, 0xa6, 0xf5, 0xff, 0xa6, 0xf5, 0xff, 0xa6, 0xf5, 0xff,
  0xa6, 0xf5, 0xff, 0xa6, 0xf5, 0xff, 0xa6, 0xf5, 0xff, 0xa6, 0xf5, 0xff,
  0xa6, 0xf5, 0xff, 0xa6, 0xf5, 0xff, 0xa6, 0xf5, 0xff, 0xa6, 0xf5, 0xff,
  0xa6, 0xf5, 0xff, 0x84, 0xdc, 0xff, 0x63, 0xdc, 0x3f, 0x00, 0x00, 0x00,
  0x00, 0x00, 0x00, 0x00, 0x00, 0x00, 0x00, 0x00, 0x00, 0x00, 0x00, 0x00,
  0x00, 0x00, 0x00, 0x00, 0x00, 0x00, 0x00, 0x00, 0x00, 0x00, 0x00, 0x00,
  0x00, 0x00, 0x00, 0x00, 0x00, 0x00, 0x00, 0x00, 0x00, 0x00, 0x00, 0x00,
  0x00, 0x00, 0x00, 0x00, 0x00, 0x00, 0x00, 0x00, 0x00, 0x00, 0x00, 0x00,
  0x00, 0x00, 0x00, 0x00, 0x00, 0x00, 0x00, 0x00, 0x00, 0x00, 0x00, 0x00,
  0x00, 0x00, 0x00, 0x00, 0x00, 0x00, 0x00, 0x00, 0x00, 0x00, 0x00, 0x00,
  0x00, 0x00, 0x00, 0x00, 0x00, 0x00, 0xe4, 0xe4, 0xff, 0xa6, 0xf5, 0xff,
  0xa6, 0xf5, 0xff, 0xa6, 0xf5, 0xff, 0xa6, 0xf5, 0xff, 0xa6, 0xf5, 0xff,
  0xa6, 0xf5, 0xff, 0xa6, 0xf5, 0xff, 0xa6, 0xf5, 0xff, 0xa6, 0xf5, 0xff,
  0xa6, 0xf5, 0xff, 0xa6, 0xf5, 0xff, 0xa6, 0xf5, 0xff, 0xa6, 0xf5, 0xff,
  0xa6, 0xf5, 0xff, 0xa6, 0xf5, 0xff, 0xa6, 0xf5, 0xff, 0xa6, 0xf5, 0xff,
  0xa6, 0xf5, 0xff, 0xa6, 0xf5, 0xff, 0xa6, 0xf5, 0xff, 0xa6, 0xf5, 0xff,
  0xa6, 0xf5, 0xff, 0xa6, 0xf5, 0xff, 0xa6, 0xf5, 0xff, 0xa6, 0xf5, 0xff,
  0xa6, 0xf5, 0xff, 0xa6, 0xf5, 0xff, 0xa6, 0xf5, 0xff, 0xa6, 0xf5, 0xff,
  0xa6, 0xf5, 0xff, 0xa6, 0xf5, 0xff, 0xa6, 0xf5, 0xff, 0xa6, 0xf5, 0xff,
  0xa6, 0xf5, 0xff, 0xa6, 0xf5, 0xff, 0xa6, 0xf5, 0xff, 0xa6, 0xf5, 0xff,
  0xa6, 0xf5, 0xff, 0xa6, 0xf5, 0xff, 0xa6, 0xf5, 0xff, 0xa6, 0xf5, 0xff,
  0xa6, 0xf5, 0xff, 0xa6, 0xf5, 0xff, 0xa6, 0xf5, 0xff, 0xa6, 0xf5, 0xff,
  0xa6, 0xf5, 0xff, 0xa6, 0xf5, 0xff, 0xa6, 0xf5, 0xff, 0xa6, 0xf5, 0xff,
  0xa6, 0xf5, 0xff, 0xa6, 0xf5, 0xff, 0xa6, 0xf5, 0xff, 0xa6, 0xf5, 0xff,
  0xa6, 0xf5, 0xff, 0xa6, 0xf5, 0xff, 0xa6, 0xf5, 0xff, 0xa6, 0xf5, 0xff,
  0xa6, 0xf5, 0xff, 0xa6, 0xf5, 0xff, 0xa6, 0xf5, 0xff, 0xa6, 0xf5, 0xff,
  0xa6, 0xf5, 0xff, 0xa6, 0xf5, 0xff, 0xa6, 0xf5, 0xff, 0xa6, 0xf5, 0xff,
  0xa6, 0xf5, 0xff, 0xa6, 0xf5, 0xff, 0xa6, 0xf5, 0xff, 0xa6, 0xf5, 0xff,
  0xa6, 0xf5, 0xff, 0xa6, 0xf5, 0xff, 0xa6, 0xf5, 0xff, 0xa6, 0xf5, 0xff,
  0xa6, 0xf5, 0xff, 0xa6, 0xf5, 0xff, 0xa6, 0xf5, 0xff, 0xa6, 0xf5, 0xff,
  0xa6, 0xf5, 0xff, 0xa6, 0xf5, 0xff, 0xa6, 0xf5, 0xff, 0xa6, 0xf5, 0xff,
  0xa6, 0xf5, 0xff, 0x25, 0xed, 0xff, 0x63, 0xdc, 0x3f, 0x00, 0x00, 0x00,
  0x00, 0x00, 0x00, 0x00, 0x00, 0x00, 0x00, 0x00, 0x00, 0x00, 0x00, 0x00,
  0x00, 0x00, 0x00, 0x00, 0x00, 0x00, 0x00, 0x00, 0x00, 0x00, 0x00, 0x00,
  0x00, 0x00, 0x00, 0x00, 0x00, 0x00, 0x00, 0x00, 0x00, 0x00, 0x00, 0x00,
  0x00, 0x00, 0x00, 0x00, 0x00, 0x00, 0x00, 0x00, 0x00, 0x00, 0x00, 0x00,
  0x00, 0x00, 0x00, 0x00, 0x00, 0x00, 0x00, 0x00, 0x00, 0x00, 0x00, 0x00,
  0x00, 0x00, 0x00, 0x00, 0x00, 0x00, 0x00, 0x00, 0x00, 0x00, 0x00, 0x00,
  0x00, 0x00, 0x00, 0x00, 0x00, 0x00, 0x45, 0xed, 0xff, 0xa6, 0xf5, 0xff,
  0xa6, 0xf5, 0xff, 0xa6, 0xf5, 0xff, 0xa6, 0xf5, 0xff, 0xa6, 0xf5, 0xff,
  0xa6, 0xf5, 0xff, 0xa6, 0xf5, 0xff, 0xa6, 0xf5, 0xff, 0xa6, 0xf5, 0xff,
  0xa6, 0xf5, 0xff, 0xa6, 0xf5, 0xff, 0xa6, 0xf5, 0xff, 0xa6, 0xf5, 0xff,
  0xa6, 0xf5, 0xff, 0xa6, 0xf5, 0xff, 0xa6, 0xf5, 0xff, 0xa6, 0xf5, 0xff,
  0xa6, 0xf5, 0xff, 0xa6, 0xf5, 0xff, 0xa6, 0xf5, 0xff, 0xa6, 0xf5, 0xff,
  0xa6, 0xf5, 0xff, 0xa6, 0xf5, 0xff, 0xa6, 0xf5, 0xff, 0xa6, 0xf5, 0xff,
  0xa6, 0xf5, 0xff, 0xa6, 0xf5, 0xff, 0xa6, 0xf5, 0xff, 0xa6, 0xf5, 0xff,
  0xa6, 0xf5, 0xff, 0xa6, 0xf5, 0xff, 0xa6, 0xf5, 0xff, 0xa6, 0xf5, 0xff,
  0xa6, 0xf5, 0xff, 0xa6, 0xf5, 0xff, 0xa6, 0xf5, 0xff, 0xa6, 0xf5, 0xff,
  0xa6, 0xf5, 0xff, 0xa6, 0xf5, 0xff, 0xa6, 0xf5, 0xff, 0xa6, 0xf5, 0xff,
  0xa6, 0xf5, 0xff, 0xa6, 0xf5, 0xff, 0xa6, 0xf5, 0xff, 0xa6, 0xf5, 0xff,
  0xa6, 0xf5, 0xff, 0xa6, 0xf5, 0xff, 0xa6, 0xf5, 0xff, 0xa6, 0xf5, 0xff,
  0xa6, 0xf5, 0xff, 0xa6, 0xf5, 0xff, 0xa6, 0xf5, 0xff, 0xa6, 0xf5, 0xff,
  0xa6, 0xf5, 0xff, 0xa6, 0xf5, 0xff, 0xa6, 0xf5, 0xff, 0xa6, 0xf5, 0xff,
  0xa6, 0xf5, 0xff, 0xa6, 0xf5, 0xff, 0xa6, 0xf5, 0xff, 0xa6, 0xf5, 0xff,
  0xa6, 0xf5, 0xff, 0xa6, 0xf5, 0xff, 0xa6, 0xf5, 0xff, 0xa6, 0xf5, 0xff,
  0xa6, 0xf5, 0xff, 0xa6, 0xf5, 0xff, 0xa6, 0xf5, 0xff, 0xa6, 0xf5, 0xff,
  0xa6, 0xf5, 0xff, 0xa6, 0xf5, 0xff, 0xa6, 0xf5, 0xff, 0xa6, 0xf5, 0xff,
  0xa6, 0xf5, 0xff, 0xa6, 0xf5, 0xff, 0xa6, 0xf5, 0xff, 0xa6, 0xf5, 0xff,
  0xa6, 0xf5, 0xff, 0xa6, 0xf5, 0xff, 0xa6, 0xf5, 0xff, 0xa6, 0xf5, 0xff,
  0xa6, 0xf5, 0xff, 0xa6, 0xf5, 0xff, 0x63, 0xdc, 0x3f, 0x00, 0x00, 0x00,
  0x00, 0x00, 0x00, 0x00, 0x00, 0x00, 0x00, 0x00, 0x00, 0x00, 0x00, 0x00,
  0x00, 0x00, 0x00, 0x00, 0x00, 0x00, 0x00, 0x00, 0x00, 0x00, 0x00, 0x00,
  0x00, 0x00, 0x00, 0x00, 0x00, 0x00, 0x00, 0x00, 0x00, 0x00, 0x00, 0x00,
  0x00, 0x00, 0x00, 0x00, 0x00, 0x00, 0x00, 0x00, 0x00, 0x00, 0x00, 0x00,
  0x00, 0x00, 0x00, 0x00, 0x00, 0x00, 0x00, 0x00, 0x00, 0x00, 0x00, 0x00,
  0x00, 0x00, 0x00, 0x00, 0x00, 0x00, 0x00, 0x00, 0x00, 0x00, 0x00, 0x00,
  0x00, 0x00, 0x00, 0x00, 0x00, 0x00, 0x65, 0xed, 0xff, 0xa6, 0xf5, 0xff,
  0xa6, 0xf5, 0xff, 0xa6, 0xf5, 0xff, 0xa6, 0xf5, 0xff, 0xa6, 0xf5, 0xff,
  0xa6, 0xf5, 0xff, 0xa6, 0xf5, 0xff, 0xa6, 0xf5, 0xff, 0xa6, 0xf5, 0xff,
  0xa6, 0xf5, 0xff, 0xa6, 0xf5, 0xff, 0xa6, 0xf5, 0xff, 0xa6, 0xf5, 0xff,
  0xa6, 0xf5, 0xff, 0xa6, 0xf5, 0xff, 0xa6, 0xf5, 0xff, 0xa6, 0xf5, 0xff,
  0xa6, 0xf5, 0xff, 0xa6, 0xf5, 0xff, 0xa6, 0xf5, 0xff, 0xa6, 0xf5, 0xff,
  0xa6, 0xf5, 0xff, 0xa6, 0xf5, 0xff, 0xa6, 0xf5, 0xff, 0xa6, 0xf5, 0xff,
  0xa6, 0xf5, 0xff, 0xa6, 0xf5, 0xff, 0xa6, 0xf5, 0xff, 0xa6, 0xf5, 0xff,
  0xa6, 0xf5, 0xff, 0xa6, 0xf5, 0xff, 0xa6, 0xf5, 0xff, 0xa6, 0xf5, 0xff,
  0xa6, 0xf5, 0xff, 0xa6, 0xf5, 0xff, 0xa6, 0xf5, 0xff, 0xa6, 0xf5, 0xff,
  0xa6, 0xf5, 0xff, 0xa6, 0xf5, 0xff, 0xa6, 0xf5, 0xff, 0xa6, 0xf5, 0xff,
  0xa6, 0xf5, 0xff, 0xa6, 0xf5, 0xff, 0xa6, 0xf5, 0xff, 0xa6, 0xf5, 0xff,
  0xa6, 0xf5, 0xff, 0xa6, 0xf5, 0xff, 0xa6, 0xf5, 0xff, 0xa6, 0xf5, 0xff,
  0xa6, 0xf5, 0xff, 0xa6, 0xf5, 0xff, 0xa6, 0xf5, 0xff, 0xa6, 0xf5, 0xff,
  0xa6, 0xf5, 0xff, 0xa6, 0xf5, 0xff, 0xa6, 0xf5, 0xff, 0xa6, 0xf5, 0xff,
  0xa6, 0xf5, 0xff, 0xa6, 0xf5, 0xff, 0xa6, 0xf5, 0xff, 0xa6, 0xf5, 0xff,
  0xa6, 0xf5, 0xff, 0xa6, 0xf5, 0xff, 0xa6, 0xf5, 0xff, 0xa6, 0xf5, 0xff,
  0xa6, 0xf5, 0xff, 0xa6, 0xf5, 0xff, 0xa6, 0xf5, 0xff, 0xa6, 0xf5, 0xff,
  0xa6, 0xf5, 0xff, 0xa6, 0xf5, 0xff, 0xa6, 0xf5, 0xff, 0xa6, 0xf5, 0xff,
  0xa6, 0xf5, 0xff, 0xa6, 0xf5, 0xff, 0xa6, 0xf5, 0xff, 0xa6, 0xf5, 0xff,
  0xa6, 0xf5, 0xff, 0xa6, 0xf5, 0xff, 0xa6, 0xf5, 0xff, 0xa6, 0xf5, 0xff,
  0xa6, 0xf5, 0xff, 0xa6, 0xf5, 0xff, 0x63, 0xdc, 0x3f, 0x00, 0x00, 0x00,
  0x00, 0x00, 0x00, 0x00, 0x00, 0x00, 0x00, 0x00, 0x00, 0x00, 0x00, 0x00,
  0x00, 0x00, 0x00, 0x00, 0x00, 0x00, 0x00, 0x00, 0x00, 0x00, 0x00, 0x00,
  0x00, 0x00, 0x00, 0x00, 0x00, 0x00, 0x00, 0x00, 0x00, 0x00, 0x00, 0x00,
  0x00, 0x00, 0x00, 0x00, 0x00, 0x00, 0x00, 0x00, 0x00, 0x00, 0x00, 0x00,
  0x00, 0x00, 0x00, 0x00, 0x00, 0x00, 0x00, 0x00, 0x00, 0x00, 0x00, 0x00,
  0x00, 0x00, 0x00, 0x00, 0x00, 0x00, 0x00, 0x00, 0x00, 0x00, 0x00, 0x00,
  0x00, 0x00, 0x00, 0x00, 0x00, 0x00, 0xa6, 0xf5, 0xff, 0xa6, 0xf5, 0xff,
  0xa6, 0xf5, 0xff, 0xa6, 0xf5, 0xff, 0xa6, 0xf5, 0xff, 0xa6, 0xf5, 0xff,
  0xa6, 0xf5, 0xff, 0xa6, 0xf5, 0xff, 0xa6, 0xf5, 0xff, 0xa6, 0xf5, 0xff,
  0xa6, 0xf5, 0xff, 0xa6, 0xf5, 0xff, 0xa6, 0xf5, 0xff, 0xa6, 0xf5, 0xff,
  0xa6, 0xf5, 0xff, 0xa6, 0xf5, 0xff, 0xa6, 0xf5, 0xff, 0xa6, 0xf5, 0xff,
  0xa6, 0xf5, 0xff, 0xa6, 0xf5, 0xff, 0xa6, 0xf5, 0xff, 0xa6, 0xf5, 0xff,
  0xa6, 0xf5, 0xff, 0xa6, 0xf5, 0xff, 0xa6, 0xf5, 0xff, 0xa6, 0xf5, 0xff,
  0xa6, 0xf5, 0xff, 0xa6, 0xf5, 0xff, 0xa6, 0xf5, 0xff, 0xa6, 0xf5, 0xff,
  0xa6, 0xf5, 0xff, 0xa6, 0xf5, 0xff, 0xa6, 0xf5, 0xff, 0xa6, 0xf5, 0xff,
  0xa6, 0xf5, 0xff, 0xa6, 0xf5, 0xff, 0xa6, 0xf5, 0xff, 0xa6, 0xf5, 0xff,
  0xa6, 0xf5, 0xff, 0xa6, 0xf5, 0xff, 0xa6, 0xf5, 0xff, 0xa6, 0xf5, 0xff,
  0xa6, 0xf5, 0xff, 0xa6, 0xf5, 0xff, 0xa6, 0xf5, 0xff, 0xa6, 0xf5, 0xff,
  0xa6, 0xf5, 0xff, 0xa6, 0xf5, 0xff, 0xa6, 0xf5, 0xff, 0xa6, 0xf5, 0xff,
  0xa6, 0xf5, 0xff, 0xa6, 0xf5, 0xff, 0xa6, 0xf5, 0xff, 0xa6, 0xf5, 0xff,
  0xa6, 0xf5, 0xff, 0xa6, 0xf5, 0xff, 0xa6, 0xf5, 0xff, 0xa6, 0xf5, 0xff,
  0xa6, 0xf5, 0xff, 0xa6, 0xf5, 0xff, 0xa6, 0xf5, 0xff, 0xa6, 0xf5, 0xff,
  0xa6, 0xf5, 0xff, 0xa6, 0xf5, 0xff, 0xa6, 0xf5, 0xff, 0xa6, 0xf5, 0xff,
  0xa6, 0xf5, 0xff, 0xa6, 0xf5, 0xff, 0xa6, 0xf5, 0xff, 0xa6, 0xf5, 0xff,
  0xa6, 0xf5, 0xff, 0xa6, 0xf5, 0xff, 0xa6, 0xf5, 0xff, 0xa6, 0xf5, 0xff,
  0xa6, 0xf5, 0xff, 0xa6, 0xf5, 0xff, 0xa6, 0xf5, 0xff, 0xa6, 0xf5, 0xff,
  0xa6, 0xf5, 0xff, 0xa6, 0xf5, 0xff, 0xa6, 0xf5, 0xff, 0xa6, 0xf5, 0xff,
  0xa6, 0xf5, 0xff, 0xa6, 0xf5, 0xff, 0xa6, 0xf5, 0x3f, 0x00, 0x00, 0x00,
  0x00, 0x00, 0x00, 0x00, 0x00, 0x00, 0x00, 0x00, 0x00, 0x00, 0x00, 0x00,
  0x00, 0x00, 0x00, 0x00, 0x00, 0x00, 0x00, 0x00, 0x00, 0x00, 0x00, 0x00,
  0x00, 0x00, 0x00, 0x00, 0x00, 0x00, 0x00, 0x00, 0x00, 0x00, 0x00, 0x00,
  0x00, 0x00, 0x00, 0x00, 0x00, 0x00, 0x00, 0x00, 0x00, 0x00, 0x00, 0x00,
  0x00, 0x00, 0x00, 0x00, 0x00, 0x00, 0x00, 0x00, 0x00, 0x00, 0x00, 0x00,
  0x00, 0x00, 0x00, 0x00, 0x00, 0x00, 0x00, 0x00, 0x00, 0x00, 0x00, 0x00,
  0x00, 0x00, 0x00, 0x00, 0x00, 0x00, 0xa6, 0xf5, 0xff, 0xa6, 0xf5, 0xff,
  0xa6, 0xf5, 0xff, 0xa6, 0xf5, 0xff, 0xa6, 0xf5, 0xff, 0xa6, 0xf5, 0xff,
  0xa6, 0xf5, 0xff, 0xa6, 0xf5, 0xff, 0xa6, 0xf5, 0xff, 0xa6, 0xf5, 0xff,
  0xa6, 0xf5, 0xff, 0xa6, 0xf5, 0xff, 0xa6, 0xf5, 0xff, 0xa6, 0xf5, 0xff,
  0xa6, 0xf5, 0xff, 0xa6, 0xf5, 0xff, 0xa6, 0xf5, 0xff, 0xa6, 0xf5, 0xff,
  0xa6, 0xf5, 0xff, 0xa6, 0xf5, 0xff, 0xa6, 0xf5, 0xff, 0xa6, 0xf5, 0xff,
  0xa6, 0xf5, 0xff, 0xa6, 0xf5, 0xff, 0xa6, 0xf5, 0xff, 0xa6, 0xf5, 0xff,
  0xa6, 0xf5, 0xff, 0xa6, 0xf5, 0xff, 0xa6, 0xf5, 0xff, 0xa6, 0xf5, 0xff,
  0xa6, 0xf5, 0xff, 0xa6, 0xf5, 0xff, 0xa6, 0xf5, 0xff, 0xa6, 0xf5, 0xff,
  0xa6, 0xf5, 0xff, 0xa6, 0xf5, 0xff, 0xa6, 0xf5, 0xff, 0xa6, 0xf5, 0xff,
  0xa6, 0xf5, 0xff, 0xa6, 0xf5, 0xff, 0xa6, 0xf5, 0xff, 0xa6, 0xf5, 0xff,
  0xa6, 0xf5, 0xff, 0xa6, 0xf5, 0xff, 0xa6, 0xf5, 0xff, 0xa6, 0xf5, 0xff,
  0xa6, 0xf5, 0xff, 0xa6, 0xf5, 0xff, 0xa6, 0xf5, 0xff, 0xa6, 0xf5, 0xff,
  0xa6, 0xf5, 0xff, 0xa6, 0xf5, 0xff, 0xa6, 0xf5, 0xff, 0xa6, 0xf5, 0xff,
  0xa6, 0xf5, 0xff, 0xa6, 0xf5, 0xff, 0xa6, 0xf5, 0xff, 0xa6, 0xf5, 0xff,
  0xa6, 0xf5, 0xff, 0xa6, 0xf5, 0xff, 0xa6, 0xf5, 0xff, 0xa6, 0xf5, 0xff,
  0xa6, 0xf5, 0xff, 0xa6, 0xf5, 0xff, 0xa6, 0xf5, 0xff, 0xa6, 0xf5, 0xff,
  0xa6, 0xf5, 0xff, 0xa6, 0xf5, 0xff, 0xa6, 0xf5, 0xff, 0xa6, 0xf5, 0xff,
  0xa6, 0xf5, 0xff, 0xa6, 0xf5, 0xff, 0xa6, 0xf5, 0xff, 0xa6, 0xf5, 0xff,
  0xa6, 0xf5, 0xff, 0xa6, 0xf5, 0xff, 0xa6, 0xf5, 0xff, 0xa6, 0xf5, 0xff,
  0xa6, 0xf5, 0xff, 0xa6, 0xf5, 0xff, 0xa6, 0xf5, 0xff, 0xa6, 0xf5, 0xff,
  0xa6, 0xf5, 0xff, 0xa6, 0xf5, 0xff, 0xa6, 0xf5, 0x3f, 0x00, 0x00, 0x00,
  0x00, 0x00, 0x00, 0x00, 0x00, 0x00, 0x00, 0x00, 0x00, 0x00, 0x00, 0x00,
  0x00, 0x00, 0x00, 0x00, 0x00, 0x00, 0x00, 0x00, 0x00, 0x00, 0x00, 0x00,
  0x00, 0x00, 0x00, 0x00, 0x00, 0x00, 0x00, 0x00, 0x00, 0x00, 0x00, 0x00,
  0x00, 0x00, 0x00, 0x00, 0x00, 0x00, 0x00, 0x00, 0x00, 0x00, 0x00, 0x00,
  0x00, 0x00, 0x00, 0x00, 0x00, 0x00, 0x00, 0x00, 0x00, 0x00, 0x00, 0x00,
  0x00, 0x00, 0x00, 0x00, 0x00, 0x00, 0x00, 0x00, 0x00, 0x00, 0x00, 0x00,
  0x00, 0x00, 0x00, 0x00, 0x00, 0x00, 0xa6, 0xf5, 0xff, 0xa6, 0xf5, 0xff,
  0xa6, 0xf5, 0xff, 0xa6, 0xf5, 0xff, 0xa6, 0xf5, 0xff, 0xa6, 0xf5, 0xff,
  0xa6, 0xf5, 0xff, 0xa6, 0xf5, 0xff, 0xa6, 0xf5, 0xff, 0xa6, 0xf5, 0xff,
  0xa6, 0xf5, 0xff, 0xa6, 0xf5, 0xff, 0xa6, 0xf5, 0xff, 0xa6, 0xf5, 0xff,
  0xa6, 0xf5, 0xff, 0xa6, 0xf5, 0xff, 0xa6, 0xf5, 0xff, 0xa6, 0xf5, 0xff,
  0xa6, 0xf5, 0xff, 0xa6, 0xf5, 0xff, 0xa6, 0xf5, 0xff, 0xa6, 0xf5, 0xff,
  0xa6, 0xf5, 0xff, 0xa6, 0xf5, 0xff, 0xa6, 0xf5, 0xff, 0xa6, 0xf5, 0xff,
  0xa6, 0xf5, 0xff, 0xa6, 0xf5, 0xff, 0xa6, 0xf5, 0xff, 0xa6, 0xf5, 0xff,
  0xa6, 0xf5, 0xff, 0xa6, 0xf5, 0xff, 0xa6, 0xf5, 0xff, 0xa6, 0xf5, 0xff,
  0xa6, 0xf5, 0xff, 0xa6, 0xf5, 0xff, 0xa6, 0xf5, 0xff, 0xa6, 0xf5, 0xff,
  0xa6, 0xf5, 0xff, 0xa6, 0xf5, 0xff, 0xa6, 0xf5, 0xff, 0xa6, 0xf5, 0xff,
  0xa6, 0xf5, 0xff, 0xa6, 0xf5, 0xff, 0xa6, 0xf5, 0xff, 0xa6, 0xf5, 0xff,
  0xa6, 0xf5, 0xff, 0xa6, 0xf5, 0xff, 0xa6, 0xf5, 0xff, 0xa6, 0xf5, 0xff,
  0xa6, 0xf5, 0xff, 0xa6, 0xf5, 0xff, 0xa6, 0xf5, 0xff, 0xa6, 0xf5, 0xff,
  0xa6, 0xf5, 0xff, 0xa6, 0xf5, 0xff, 0xa6, 0xf5, 0xff, 0xa6, 0xf5, 0xff,
  0xa6, 0xf5, 0xff, 0xa6, 0xf5, 0xff, 0xa6, 0xf5, 0xff, 0xa6, 0xf5, 0xff,
  0xa6, 0xf5, 0xff, 0xa6, 0xf5, 0xff, 0xa6, 0xf5, 0xff, 0xa6, 0xf5, 0xff,
  0xa6, 0xf5, 0xff, 0xa6, 0xf5, 0xff, 0xa6, 0xf5, 0xff, 0xa6, 0xf5, 0xff,
  0xa6, 0xf5, 0xff, 0xa6, 0xf5, 0xff, 0xa6, 0xf5, 0xff, 0xa6, 0xf5, 0xff,
  0xa6, 0xf5, 0xff, 0xa6, 0xf5, 0xff, 0xa6, 0xf5, 0xff, 0xa6, 0xf5, 0xff,
  0xa6, 0xf5, 0xff, 0xa6, 0xf5, 0xff, 0xa6, 0xf5, 0xff, 0xa6, 0xf5, 0xff,
  0xa6, 0xf5, 0xff, 0xa6, 0xf5, 0xff, 0xa6, 0xf5, 0x3f, 0x00, 0x00, 0x00,
  0x00, 0x00, 0x00, 0x00, 0x00, 0x00, 0x00, 0x00, 0x00, 0x00, 0x00, 0x00,
  0x00, 0x00, 0x00, 0x00, 0x00, 0x00, 0x00, 0x00, 0x00, 0x00, 0x00, 0x00,
  0x00, 0x00, 0x00, 0x00, 0x00, 0x00, 0x00, 0x00, 0x00, 0x00, 0x00, 0x00,
  0x00, 0x00, 0x00, 0x00, 0x00, 0x00, 0x00, 0x00, 0x00, 0x00, 0x00, 0x00,
  0x00, 0x00, 0x00, 0x00, 0x00, 0x00, 0x00, 0x00, 0x00, 0x00, 0x00, 0x00,
  0x00, 0x00, 0x00, 0x00, 0x00, 0x00, 0x00, 0x00, 0x00, 0x00, 0x00, 0x00,
  0x00, 0x00, 0x00, 0x00, 0x00, 0x00, 0xa6, 0xf5, 0xff, 0xa6, 0xf5, 0xff,
  0xa6, 0xf5, 0xff, 0xa6, 0xf5, 0xff, 0xa6, 0xf5, 0xff, 0xa6, 0xf5, 0xff,
  0xa6, 0xf5, 0xff, 0xa6, 0xf5, 0xff, 0xa6, 0xf5, 0xff, 0xa6, 0xf5, 0xff,
  0xa6, 0xf5, 0xff, 0xa6, 0xf5, 0xff, 0xa6, 0xf5, 0xff, 0xa6, 0xf5, 0xff,
  0xa6, 0xf5, 0xff, 0xa6, 0xf5, 0xff, 0xa6, 0xf5, 0xff, 0xa6, 0xf5, 0xff,
  0xa6, 0xf5, 0xff, 0xa6, 0xf5, 0xff, 0xa6, 0xf5, 0xff, 0xa6, 0xf5, 0xff,
  0xa6, 0xf5, 0xff, 0xa6, 0xf5, 0xff, 0xa6, 0xf5, 0xff, 0xa6, 0xf5, 0xff,
  0xa6, 0xf5, 0xff, 0xa6, 0xf5, 0xff, 0xa6, 0xf5, 0xff, 0xa6, 0xf5, 0xff,
  0xa6, 0xf5, 0xff, 0xa6, 0xf5, 0xff, 0xa6, 0xf5, 0xff, 0xa6, 0xf5, 0xff,
  0xa6, 0xf5, 0xff, 0xa6, 0xf5, 0xff, 0xa6, 0xf5, 0xff, 0xa6, 0xf5, 0xff,
  0xa6, 0xf5, 0xff, 0xa6, 0xf5, 0xff, 0xa6, 0xf5, 0xff, 0xa6, 0xf5, 0xff,
  0xa6, 0xf5, 0xff, 0xa6, 0xf5, 0xff, 0xa6, 0xf5, 0xff, 0xa6, 0xf5, 0xff,
  0xa6, 0xf5, 0xff, 0xa6, 0xf5, 0xff, 0xa6, 0xf5, 0xff, 0xa6, 0xf5, 0xff,
  0xa6, 0xf5, 0xff, 0xa6, 0xf5, 0xff, 0xa6, 0xf5, 0xff, 0xa6, 0xf5, 0xff,
  0xa6, 0xf5, 0xff, 0xa6, 0xf5, 0xff, 0xa6, 0xf5, 0xff, 0xa6, 0xf5, 0xff,
  0xa6, 0xf5, 0xff, 0xa6, 0xf5, 0xff, 0xa6, 0xf5, 0xff, 0xa6, 0xf5, 0xff,
  0xa6, 0xf5, 0xff, 0xa6, 0xf5, 0xff, 0xa6, 0xf5, 0xff, 0xa6, 0xf5, 0xff,
  0xa6, 0xf5, 0xff, 0xa6, 0xf5, 0xff, 0xa6, 0xf5, 0xff, 0xa6, 0xf5, 0xff,
  0xa6, 0xf5, 0xff, 0xa6, 0xf5, 0xff, 0xa6, 0xf5, 0xff, 0xa6, 0xf5, 0xff,
  0xa6, 0xf5, 0xff, 0xa6, 0xf5, 0xff, 0xa6, 0xf5, 0xff, 0xa6, 0xf5, 0xff,
  0xa6, 0xf5, 0xff, 0xa6, 0xf5, 0xff, 0xa6, 0xf5, 0xff, 0xa6, 0xf5, 0xff,
  0xa6, 0xf5, 0xff, 0xa6, 0xf5, 0xff, 0xa6, 0xf5, 0x3f, 0x00, 0x00, 0x00,
  0x00, 0x00, 0x00, 0x00, 0x00, 0x00, 0x00, 0x00, 0x00, 0x00, 0x00, 0x00,
  0x00, 0x00, 0x00, 0x00, 0x00, 0x00, 0x00, 0x00, 0x00, 0x00, 0x00, 0x00,
  0x00, 0x00, 0x00, 0x00, 0x00, 0x00, 0x00, 0x00, 0x00, 0x00, 0x00, 0x00,
  0x00, 0x00, 0x00, 0x00, 0x00, 0x00, 0x00, 0x00, 0x00, 0x00, 0x00, 0x00,
  0x00, 0x00, 0x00, 0x00, 0x00, 0x00, 0x00, 0x00, 0x00, 0x00, 0x00, 0x00,
  0x00, 0x00, 0x00, 0x00, 0x00, 0x00, 0x00, 0x00, 0x00, 0x00, 0x00, 0x00,
  0x00, 0x00, 0x00, 0x00, 0x00, 0x00, 0xa6, 0xf5, 0xff, 0xa6, 0xf5, 0xff,
  0xa6, 0xf5, 0xff, 0xa6, 0xf5, 0xff, 0xa6, 0xf5, 0xff, 0xa6, 0xf5, 0xff,
  0xa6, 0xf5, 0xff, 0xa6, 0xf5, 0xff, 0xa6, 0xf5, 0xff, 0xa6, 0xf5, 0xff,
  0xa6, 0xf5, 0xff, 0xa6, 0xf5, 0xff, 0xa6, 0xf5, 0xff, 0xa6, 0xf5, 0xff,
  0xa6, 0xf5, 0xff, 0xa6, 0xf5, 0xff, 0xa6, 0xf5, 0xff, 0xa6, 0xf5, 0xff,
  0xa6, 0xf5, 0xff, 0xa6, 0xf5, 0xff, 0xa6, 0xf5, 0xff, 0xa6, 0xf5, 0xff,
  0xa6, 0xf5, 0xff, 0xa6, 0xf5, 0xff, 0xa6, 0xf5, 0xff, 0xa6, 0xf5, 0xff,
  0xa6, 0xf5, 0xff, 0xa6, 0xf5, 0xff, 0xa6, 0xf5, 0xff, 0xa6, 0xf5, 0xff,
  0xa6, 0xf5, 0xff, 0xa6, 0xf5, 0xff, 0xa6, 0xf5, 0xff, 0xa6, 0xf5, 0xff,
  0xa6, 0xf5, 0xff, 0xa6, 0xf5, 0xff, 0xa6, 0xf5, 0xff, 0xa6, 0xf5, 0xff,
  0xa6, 0xf5, 0xff, 0xa6, 0xf5, 0xff, 0xa6, 0xf5, 0xff, 0xa6, 0xf5, 0xff,
  0xa6, 0xf5, 0xff, 0xa6, 0xf5, 0xff, 0xa6, 0xf5, 0xff, 0xa6, 0xf5, 0xff,
  0xa6, 0xf5, 0xff, 0xa6, 0xf5, 0xff, 0xa6, 0xf5, 0xff, 0xa6, 0xf5, 0xff,
  0xa6, 0xf5, 0xff, 0xa6, 0xf5, 0xff, 0xa6, 0xf5, 0xff, 0xa6, 0xf5, 0xff,
  0xa6, 0xf5, 0xff, 0xa6, 0xf5, 0xff, 0xa6, 0xf5, 0xff, 0xa6, 0xf5, 0xff,
  0xa6, 0xf5, 0xff, 0xa6, 0xf5, 0xff, 0xa6, 0xf5, 0xff, 0xa6, 0xf5, 0xff,
  0xa6, 0xf5, 0xff, 0xa6, 0xf5, 0xff, 0xa6, 0xf5, 0xff, 0xa6, 0xf5, 0xff,
  0xa6, 0xf5, 0xff, 0xa6, 0xf5, 0xff, 0xa6, 0xf5, 0xff, 0xa6, 0xf5, 0xff,
  0xa6, 0xf5, 0xff, 0xa6, 0xf5, 0xff, 0xa6, 0xf5, 0xff, 0xa6, 0xf5, 0xff,
  0xa6, 0xf5, 0xff, 0xa6, 0xf5, 0xff, 0xa6, 0xf5, 0xff, 0xa6, 0xf5, 0xff,
  0xa6, 0xf5, 0xff, 0xa6, 0xf5, 0xff, 0xa6, 0xf5, 0xff, 0xa6, 0xf5, 0xff,
  0xa6, 0xf5, 0xff, 0xa6, 0xf5, 0xff, 0xa6, 0xf5, 0x3f, 0x00, 0x00, 0x00,
  0x00, 0x00, 0x00, 0x00, 0x00, 0x00, 0x00, 0x00, 0x00, 0x00, 0x00, 0x00,
  0x00, 0x00, 0x00, 0x00, 0x00, 0x00, 0x00, 0x00, 0x00, 0x00, 0x00, 0x00,
  0x00, 0x00, 0x00, 0x00, 0x00, 0x00, 0x00, 0x00, 0x00, 0x00, 0x00, 0x00,
  0x00, 0x00, 0x00, 0x00, 0x00, 0x00, 0x00, 0x00, 0x00, 0x00, 0x00, 0x00,
  0x00, 0x00, 0x00, 0x00, 0x00, 0x00, 0x00, 0x00, 0x00, 0x00, 0x00, 0x00,
  0x00, 0x00, 0x00, 0x00, 0x00, 0x00, 0x00, 0x00, 0x00, 0x00, 0x00, 0x00,
  0x00, 0x00, 0x00, 0x00, 0x00, 0x00, 0xa6, 0xf5, 0xff, 0xa6, 0xf5, 0xff,
  0xa6, 0xf5, 0xff, 0xa6, 0xf5, 0xff, 0xa6, 0xf5, 0xff, 0xa6, 0xf5, 0xff,
  0xa6, 0xf5, 0xff, 0xa6, 0xf5, 0xff, 0xa6, 0xf5, 0xff, 0xa6, 0xf5, 0xff,
  0xa6, 0xf5, 0xff, 0xa6, 0xf5, 0xff, 0xa6, 0xf5, 0xff, 0xa6, 0xf5, 0xff,
  0xa6, 0xf5, 0xff, 0xa6, 0xf5, 0xff, 0xa6, 0xf5, 0xff, 0xa6, 0xf5, 0xff,
  0xa6, 0xf5, 0xff, 0xa6, 0xf5, 0xff, 0xa6, 0xf5, 0xff, 0xa6, 0xf5, 0xff,
  0xa6, 0xf5, 0xff, 0xa6, 0xf5, 0xff, 0xa6, 0xf5, 0xff, 0xa6, 0xf5, 0xff,
  0xa6, 0xf5, 0xff, 0xa6, 0xf5, 0xff, 0xa6, 0xf5, 0xff, 0xa6, 0xf5, 0xff,
  0xa6, 0xf5, 0xff, 0xa6, 0xf5, 0xff, 0xa6, 0xf5, 0xff, 0xa6, 0xf5, 0xff,
  0xa6, 0xf5, 0xff, 0xa6, 0xf5, 0xff, 0xa6, 0xf5, 0xff, 0xa6, 0xf5, 0xff,
  0xa6, 0xf5, 0xff, 0xa6, 0xf5, 0xff, 0xa6, 0xf5, 0xff, 0xa6, 0xf5, 0xff,
  0xa6, 0xf5, 0xff, 0xa6, 0xf5, 0xff, 0xa6, 0xf5, 0xff, 0xa6, 0xf5, 0xff,
  0xa6, 0xf5, 0xff, 0xa6, 0xf5, 0xff, 0xa6, 0xf5, 0xff, 0xa6, 0xf5, 0xff,
  0xa6, 0xf5, 0xff, 0xa6, 0xf5, 0xff, 0xa6, 0xf5, 0xff, 0xa6, 0xf5, 0xff,
  0xa6, 0xf5, 0xff, 0xa6, 0xf5, 0xff, 0xa6, 0xf5, 0xff, 0xa6, 0xf5, 0xff,
  0xa6, 0xf5, 0xff, 0xa6, 0xf5, 0xff, 0xa6, 0xf5, 0xff, 0xa6, 0xf5, 0xff,
  0xa6, 0xf5, 0xff, 0xa6, 0xf5, 0xff, 0xa6, 0xf5, 0xff, 0xa6, 0xf5, 0xff,
  0xa6, 0xf5, 0xff, 0xa6, 0xf5, 0xff, 0xa6, 0xf5, 0xff, 0xa6, 0xf5, 0xff,
  0xa6, 0xf5, 0xff, 0xa6, 0xf5, 0xff, 0xa6, 0xf5, 0xff, 0xa6, 0xf5, 0xff,
  0xa6, 0xf5, 0xff, 0xa6, 0xf5, 0xff, 0xa6, 0xf5, 0xff, 0xa6, 0xf5, 0xff,
  0xa6, 0xf5, 0xff, 0xa6, 0xf5, 0xff, 0xa6, 0xf5, 0xff, 0xa6, 0xf5, 0xff,
  0xa6, 0xf5, 0xff, 0xa6, 0xf5, 0xff, 0xa6, 0xf5, 0x3f, 0x00, 0x00, 0x00,
  0x00, 0x00, 0x00, 0x00, 0x00, 0x00, 0x00, 0x00, 0x00, 0x00, 0x00, 0x00,
  0x00, 0x00, 0x00, 0x00, 0x00, 0x00, 0x00, 0x00, 0x00, 0x00, 0x00, 0x00,
  0x00, 0x00, 0x00, 0x00, 0x00, 0x00, 0x00, 0x00, 0x00, 0x00, 0x00, 0x00,
  0x00, 0x00, 0x00, 0x00, 0x00, 0x00, 0x00, 0x00, 0x00, 0x00, 0x00, 0x00,
  0x00, 0x00, 0x00, 0x00, 0x00, 0x00, 0x00, 0x00, 0x00, 0x00, 0x00, 0x00,
  0x00, 0x00, 0x00, 0x00, 0x00, 0x00, 0x00, 0x00, 0x00, 0x00, 0x00, 0x00,
  0x00, 0x00, 0x00, 0x00, 0x00, 0x00, 0xa6, 0xf5, 0xff, 0xa6, 0xf5, 0xff,
  0xa6, 0xf5, 0xff, 0xa6, 0xf5, 0xff, 0xa6, 0xf5, 0xff, 0xa6, 0xf5, 0xff,
  0xa6, 0xf5, 0xff, 0xa6, 0xf5, 0xff, 0xa6, 0xf5, 0xff, 0xa6, 0xf5, 0xff,
  0xa6, 0xf5, 0xff, 0xa6, 0xf5, 0xff, 0xa6, 0xf5, 0xff, 0xa6, 0xf5, 0xff,
  0xa6, 0xf5, 0xff, 0xa6, 0xf5, 0xff, 0xa6, 0xf5, 0xff, 0xa6, 0xf5, 0xff,
  0xa6, 0xf5, 0xff, 0xa6, 0xf5, 0xff, 0xa6, 0xf5, 0xff, 0xa6, 0xf5, 0xff,
  0xa6, 0xf5, 0xff, 0xa6, 0xf5, 0xff, 0xa6, 0xf5, 0xff, 0xa6, 0xf5, 0xff,
  0xa6, 0xf5, 0xff, 0xa6, 0xf5, 0xff, 0xa6, 0xf5, 0xff, 0xa6, 0xf5, 0xff,
  0xa6, 0xf5, 0xff, 0xa6, 0xf5, 0xff, 0xa6, 0xf5, 0xff, 0xa6, 0xf5, 0xff,
  0xa6, 0xf5, 0xff, 0xa6, 0xf5, 0xff, 0xa6, 0xf5, 0xff, 0xa6, 0xf5, 0xff,
  0xa6, 0xf5, 0xff, 0xa6, 0xf5, 0xff, 0xa6, 0xf5, 0xff, 0xa6, 0xf5, 0xff,
  0xa6, 0xf5, 0xff, 0xa6, 0xf5, 0xff, 0xa6, 0xf5, 0xff, 0xa6, 0xf5, 0xff,
  0xa6, 0xf5, 0xff, 0xa6, 0xf5, 0xff, 0xa6, 0xf5, 0xff, 0xa6, 0xf5, 0xff,
  0xa6, 0xf5, 0xff, 0xa6, 0xf5, 0xff, 0xa6, 0xf5, 0xff, 0xa6, 0xf5, 0xff,
  0xa6, 0xf5, 0xff, 0xa6, 0xf5, 0xff, 0xa6, 0xf5, 0xff, 0xa6, 0xf5, 0xff,
  0xa6, 0xf5, 0xff, 0xa6, 0xf5, 0xff, 0xa6, 0xf5, 0xff, 0xa6, 0xf5, 0xff,
  0xa6, 0xf5, 0xff, 0xa6, 0xf5, 0xff, 0xa6, 0xf5, 0xff, 0xa6, 0xf5, 0xff,
  0xa6, 0xf5, 0xff, 0xa6, 0xf5, 0xff, 0xa6, 0xf5, 0xff, 0xa6, 0xf5, 0xff,
  0xa6, 0xf5, 0xff, 0xa6, 0xf5, 0xff, 0xa6, 0xf5, 0xff, 0xa6, 0xf5, 0xff,
  0xa6, 0xf5, 0xff, 0xa6, 0xf5, 0xff, 0xa6, 0xf5, 0xff, 0xa6, 0xf5, 0xff,
  0xa6, 0xf5, 0xff, 0xa6, 0xf5, 0xff, 0xa6, 0xf5, 0xff, 0xa6, 0xf5, 0xff,
  0xa6, 0xf5, 0xff, 0xa6, 0xf5, 0xff, 0xa6, 0xf5, 0x3f, 0x00, 0x00, 0x00,
  0x00, 0x00, 0x00, 0x00, 0x00, 0x00, 0x00, 0x00, 0x00, 0x00, 0x00, 0x00,
  0x00, 0x00, 0x00, 0x00, 0x00, 0x00, 0x00, 0x00, 0x00, 0x00, 0x00, 0x00,
  0x00, 0x00, 0x00, 0x00, 0x00, 0x00, 0x00, 0x00, 0x00, 0x00, 0x00, 0x00,
  0x00, 0x00, 0x00, 0x00, 0x00, 0x00, 0x00, 0x00, 0x00, 0x00, 0x00, 0x00,
  0x00, 0x00, 0x00, 0x00, 0x00, 0x00, 0x00, 0x00, 0x00, 0x00, 0x00, 0x00,
  0x00, 0x00, 0x00, 0x00, 0x00, 0x00, 0x00, 0x00, 0x00, 0x00, 0x00, 0x00,
  0x00, 0x00, 0x00, 0x00, 0x00, 0x00, 0xa6, 0xf5, 0xff, 0xa6, 0xf5, 0xff,
  0xa6, 0xf5, 0xff, 0xa6, 0xf5, 0xff, 0xa6, 0xf5, 0xff, 0xa6, 0xf5, 0xff,
  0xa6, 0xf5, 0xff, 0xa6, 0xf5, 0xff, 0xa6, 0xf5, 0xff, 0xa6, 0xf5, 0xff,
  0xa6, 0xf5, 0xff, 0xa6, 0xf5, 0xff, 0xa6, 0xf5, 0xff, 0xa6, 0xf5, 0xff,
  0xa6, 0xf5, 0xff, 0xa6, 0xf5, 0xff, 0xa6, 0xf5, 0xff, 0xa6, 0xf5, 0xff,
  0xa6, 0xf5, 0xff, 0xa6, 0xf5, 0xff, 0xa6, 0xf5, 0xff, 0xa6, 0xf5, 0xff,
  0xa6, 0xf5, 0xff, 0xa6, 0xf5, 0xff, 0xa6, 0xf5, 0xff, 0xa6, 0xf5, 0xff,
  0xa6, 0xf5, 0xff, 0xa6, 0xf5, 0xff, 0xa6, 0xf5, 0xff, 0xa6, 0xf5, 0xff,
  0xa6, 0xf5, 0xff, 0xa6, 0xf5, 0xff, 0xa6, 0xf5, 0xff, 0xa6, 0xf5, 0xff,
  0xa6, 0xf5, 0xff, 0xa6, 0xf5, 0xff, 0xa6, 0xf5, 0xff, 0xa6, 0xf5, 0xff,
  0xa6, 0xf5, 0xff, 0xa6, 0xf5, 0xff, 0xa6, 0xf5, 0xff, 0xa6, 0xf5, 0xff,
  0xa6, 0xf5, 0xff, 0xa6, 0xf5, 0xff, 0xa6, 0xf5, 0xff, 0xa6, 0xf5, 0xff,
  0xa6, 0xf5, 0xff, 0xa6, 0xf5, 0xff, 0xa6, 0xf5, 0xff, 0xa6, 0xf5, 0xff,
  0xa6, 0xf5, 0xff, 0xa6, 0xf5, 0xff, 0xa6, 0xf5, 0xff, 0xa6, 0xf5, 0xff,
  0xa6, 0xf5, 0xff, 0xa6, 0xf5, 0xff, 0xa6, 0xf5, 0xff, 0xa6, 0xf5, 0xff,
  0xa6, 0xf5, 0xff, 0xa6, 0xf5, 0xff, 0xa6, 0xf5, 0xff, 0xa6, 0xf5, 0xff,
  0xa6, 0xf5, 0xff, 0xa6, 0xf5, 0xff, 0xa6, 0xf5, 0xff, 0xa6, 0xf5, 0xff,
  0xa6, 0xf5, 0xff, 0xa6, 0xf5, 0xff, 0xa6, 0xf5, 0xff, 0xa6, 0xf5, 0xff,
  0xa6, 0xf5, 0xff, 0xa6, 0xf5, 0xff, 0xa6, 0xf5, 0xff, 0xa6, 0xf5, 0xff,
  0xa6, 0xf5, 0xff, 0xa6, 0xf5, 0xff, 0xa6, 0xf5, 0xff, 0xa6, 0xf5, 0xff,
  0xa6, 0xf5, 0xff, 0xa6, 0xf5, 0xff, 0xa6, 0xf5, 0xff, 0xa6, 0xf5, 0xff,
  0xa6, 0xf5, 0xff, 0xa6, 0xf5, 0xff, 0xa6, 0xf5, 0x3f, 0x00, 0x00, 0x00,
  0x00, 0x00, 0x00, 0x00, 0x00, 0x00, 0x00, 0x00, 0x00, 0x00, 0x00, 0x00,
  0x00, 0x00, 0x00, 0x00, 0x00, 0x00, 0x00, 0x00, 0x00, 0x00, 0x00, 0x00,
  0x00, 0x00, 0x00, 0x00, 0x00, 0x00, 0x00, 0x00, 0x00, 0x00, 0x00, 0x00,
  0x00, 0x00, 0x00, 0x00, 0x00, 0x00, 0x00, 0x00, 0x00, 0x00, 0x00, 0x00,
  0x00, 0x00, 0x00, 0x00, 0x00, 0x00, 0x00, 0x00, 0x00, 0x00, 0x00, 0x00,
  0x00, 0x00, 0x00, 0x00, 0x00, 0x00, 0x00, 0x00, 0x00, 0x00, 0x00, 0x00,
  0x00, 0x00, 0x00, 0x00, 0x00, 0x00, 0xa6, 0xf5, 0xff, 0xa6, 0xf5, 0xff,
  0xa6, 0xf5, 0xff, 0xa6, 0xf5, 0xff, 0xa6, 0xf5, 0xff, 0xa6, 0xf5, 0xff,
  0xa6, 0xf5, 0xff, 0xa6, 0xf5, 0xff, 0xa6, 0xf5, 0xff, 0xa6, 0xf5, 0xff,
  0xa6, 0xf5, 0xff, 0xa6, 0xf5, 0xff, 0xa6, 0xf5, 0xff, 0xa6, 0xf5, 0xff,
  0xa6, 0xf5, 0xff, 0xa6, 0xf5, 0xff, 0xa6, 0xf5, 0xff, 0xa6, 0xf5, 0xff,
  0xa6, 0xf5, 0xff, 0xa6, 0xf5, 0xff, 0xa6, 0xf5, 0xff, 0xa6, 0xf5, 0xff,
  0xa6, 0xf5, 0xff, 0xa6, 0xf5, 0xff, 0xa6, 0xf5, 0xff, 0xa6, 0xf5, 0xff,
  0xa6, 0xf5, 0xff, 0xa6, 0xf5, 0xff, 0xa6, 0xf5, 0xff, 0xa6, 0xf5, 0xff,
  0xa6, 0xf5, 0xff, 0xa6, 0xf5, 0xff, 0xa6, 0xf5, 0xff, 0xa6, 0xf5, 0xff,
  0xa6, 0xf5, 0xff, 0xa6, 0xf5, 0xff, 0xa6, 0xf5, 0xff, 0xa6, 0xf5, 0xff,
  0xa6, 0xf5, 0xff, 0xa6, 0xf5, 0xff, 0xa6, 0xf5, 0xff, 0xa6, 0xf5, 0xff,
  0xa6, 0xf5, 0xff, 0xa6, 0xf5, 0xff, 0xa6, 0xf5, 0xff, 0xa6, 0xf5, 0xff,
  0xa6, 0xf5, 0xff, 0xa6, 0xf5, 0xff, 0xa6, 0xf5, 0xff, 0xa6, 0xf5, 0xff,
  0xa6, 0xf5, 0xff, 0xa6, 0xf5, 0xff, 0xa6, 0xf5, 0xff, 0xa6, 0xf5, 0xff,
  0xa6, 0xf5, 0xff, 0xa6, 0xf5, 0xff, 0xa6, 0xf5, 0xff, 0xa6, 0xf5, 0xff,
  0xa6, 0xf5, 0xff, 0xa6, 0xf5, 0xff, 0xa6, 0xf5, 0xff, 0xa6, 0xf5, 0xff,
  0xa6, 0xf5, 0xff, 0xa6, 0xf5, 0xff, 0xa6, 0xf5, 0xff, 0xa6, 0xf5, 0xff,
  0xa6, 0xf5, 0xff, 0xa6, 0xf5, 0xff, 0xa6, 0xf5, 0xff, 0xa6, 0xf5, 0xff,
  0xa6, 0xf5, 0xff, 0xa6, 0xf5, 0xff, 0xa6, 0xf5, 0xff, 0xa6, 0xf5, 0xff,
  0xa6, 0xf5, 0xff, 0xa6, 0xf5, 0xff, 0xa6, 0xf5, 0xff, 0xa6, 0xf5, 0xff,
  0xa6, 0xf5, 0xff, 0xa6, 0xf5, 0xff, 0xa6, 0xf5, 0xff, 0xa6, 0xf5, 0xff,
  0xa6, 0xf5, 0xff, 0xa6, 0xf5, 0xff, 0xa6, 0xf5, 0x3f, 0x00, 0x00, 0x00,
  0x00, 0x00, 0x00, 0x00, 0x00, 0x00, 0x00, 0x00, 0x00, 0x00, 0x00, 0x00,
  0x00, 0x00, 0x00, 0x00, 0x00, 0x00, 0x00, 0x00, 0x00, 0x00, 0x00, 0x00,
  0x00, 0x00, 0x00, 0x00, 0x00, 0x00, 0x00, 0x00, 0x00, 0x00, 0x00, 0x00,
  0x00, 0x00, 0x00, 0x00, 0x00, 0x00, 0x00, 0x00, 0x00, 0x00, 0x00, 0x00,
  0x00, 0x00, 0x00, 0x00, 0x00, 0x00, 0x00, 0x00, 0x00, 0x00, 0x00, 0x00,
  0x00, 0x00, 0x00, 0x00, 0x00, 0x00, 0x00, 0x00, 0x00, 0x00, 0x00, 0x00,
  0x00, 0x00, 0x00, 0x00, 0x00, 0x00, 0xa6, 0xf5, 0xff, 0xa6, 0xf5, 0xff,
  0xa6, 0xf5, 0xff, 0xa6, 0xf5, 0xff, 0xa6, 0xf5, 0xff, 0xa6, 0xf5, 0xff,
  0xa6, 0xf5, 0xff, 0xa6, 0xf5, 0xff, 0xa6, 0xf5, 0xff, 0xa6, 0xf5, 0xff,
  0xa6, 0xf5, 0xff, 0xa6, 0xf5, 0xff, 0xa6, 0xf5, 0xff, 0xa6, 0xf5, 0xff,
  0xa6, 0xf5, 0xff, 0xa6, 0xf5, 0xff, 0xa6, 0xf5, 0xff, 0xa6, 0xf5, 0xff,
  0xa6, 0xf5, 0xff, 0xa6, 0xf5, 0xff, 0xa6, 0xf5, 0xff, 0xa6, 0xf5, 0xff,
  0xa6, 0xf5, 0xff, 0xa6, 0xf5, 0xff, 0xa6, 0xf5, 0xff, 0xa6, 0xf5, 0xff,
  0xa6, 0xf5, 0xff, 0xa6, 0xf5, 0xff, 0xa6, 0xf5, 0xff, 0xa6, 0xf5, 0xff,
  0xa6, 0xf5, 0xff, 0xa6, 0xf5, 0xff, 0xa6, 0xf5, 0xff, 0xa6, 0xf5, 0xff,
  0xa6, 0xf5, 0xff, 0xa6, 0xf5, 0xff, 0xa6, 0xf5, 0xff, 0xa6, 0xf5, 0xff,
  0xa6, 0xf5, 0xff, 0xa6, 0xf5, 0xff, 0xa6, 0xf5, 0xff, 0xa6, 0xf5, 0xff,
  0xa6, 0xf5, 0xff, 0xa6, 0xf5, 0xff, 0xa6, 0xf5, 0xff, 0xa6, 0xf5, 0xff,
  0xa6, 0xf5, 0xff, 0xa6, 0xf5, 0xff, 0xa6, 0xf5, 0xff, 0xa6, 0xf5, 0xff,
  0xa6, 0xf5, 0xff, 0xa6, 0xf5, 0xff, 0xa6, 0xf5, 0xff, 0xa6, 0xf5, 0xff,
  0xa6, 0xf5, 0xff, 0xa6, 0xf5, 0xff, 0xa6, 0xf5, 0xff, 0xa6, 0xf5, 0xff,
  0xa6, 0xf5, 0xff, 0xa6, 0xf5, 0xff, 0xa6, 0xf5, 0xff, 0xa6, 0xf5, 0xff,
  0xa6, 0xf5, 0xff, 0xa6, 0xf5, 0xff, 0xa6, 0xf5, 0xff, 0xa6, 0xf5, 0xff,
  0xa6, 0xf5, 0xff, 0xa6, 0xf5, 0xff, 0xa6, 0xf5, 0xff, 0xa6, 0xf5, 0xff,
  0xa6, 0xf5, 0xff, 0xa6, 0xf5, 0xff, 0xa6, 0xf5, 0xff, 0xa6, 0xf5, 0xff,
  0xa6, 0xf5, 0xff, 0xa6, 0xf5, 0xff, 0xa6, 0xf5, 0xff, 0xa6, 0xf5, 0xff,
  0xa6, 0xf5, 0xff, 0xa6, 0xf5, 0xff, 0xa6, 0xf5, 0xff, 0xa6, 0xf5, 0xff,
  0xa6, 0xf5, 0xff, 0xa6, 0xf5, 0xff, 0xa6, 0xf5, 0x3f, 0x00, 0x00, 0x00,
  0x00, 0x00, 0x00, 0x00, 0x00, 0x00, 0x00, 0x00, 0x00, 0x00, 0x00, 0x00,
  0x00, 0x00, 0x00, 0x00, 0x00, 0x00, 0x00, 0x00, 0x00, 0x00, 0x00, 0x00,
  0x00, 0x00, 0x00, 0x00, 0x00, 0x00, 0x00, 0x00, 0x00, 0x00, 0x00, 0x00,
  0x00, 0x00, 0x00, 0x00, 0x00, 0x00, 0x00, 0x00, 0x00, 0x00, 0x00, 0x00,
  0x00, 0x00, 0x00, 0x00, 0x00, 0x00, 0x00, 0x00, 0x00, 0x00, 0x00, 0x00,
  0x00, 0x00, 0x00, 0x00, 0x00, 0x00, 0x00, 0x00, 0x00, 0x00, 0x00, 0x00,
  0x00, 0x00, 0x00, 0x00, 0x00, 0x00, 0xa6, 0xf5, 0xff, 0xa6, 0xf5, 0xff,
  0xa6, 0xf5, 0xff, 0xa6, 0xf5, 0xff, 0xa6, 0xf5, 0xff, 0xa6, 0xf5, 0xff,
  0xa6, 0xf5, 0xff, 0xa6, 0xf5, 0xff, 0xa6, 0xf5, 0xff, 0xa6, 0xf5, 0xff,
  0xa6, 0xf5, 0xff, 0xa6, 0xf5, 0xff, 0xa6, 0xf5, 0xff, 0xa6, 0xf5, 0xff,
  0xa6, 0xf5, 0xff, 0xa6, 0xf5, 0xff, 0xa6, 0xf5, 0xff, 0xa6, 0xf5, 0xff,
  0xa6, 0xf5, 0xff, 0xa6, 0xf5, 0xff, 0xa6, 0xf5, 0xff, 0xa6, 0xf5, 0xff,
  0xa6, 0xf5, 0xff, 0xa6, 0xf5, 0xff, 0xa6, 0xf5, 0xff, 0xa6, 0xf5, 0xff,
  0xa6, 0xf5, 0xff, 0xa6, 0xf5, 0xff, 0xa6, 0xf5, 0xff, 0xa6, 0xf5, 0xff,
  0xa6, 0xf5, 0xff, 0xa6, 0xf5, 0xff, 0xa6, 0xf5, 0xff, 0xa6, 0xf5, 0xff,
  0xa6, 0xf5, 0xff, 0xa6, 0xf5, 0xff, 0xa6, 0xf5, 0xff, 0xa6, 0xf5, 0xff,
  0xa6, 0xf5, 0xff, 0xa6, 0xf5, 0xff, 0xa6, 0xf5, 0xff, 0xa6, 0xf5, 0xff,
  0xa6, 0xf5, 0xff, 0xa6, 0xf5, 0xff, 0xa6, 0xf5, 0xff, 0xa6, 0xf5, 0xff,
  0xa6, 0xf5, 0xff, 0xa6, 0xf5, 0xff, 0xa6, 0xf5, 0xff, 0xa6, 0xf5, 0xff,
  0xa6, 0xf5, 0xff, 0xa6, 0xf5, 0xff, 0xa6, 0xf5, 0xff, 0xa6, 0xf5, 0xff,
  0xa6, 0xf5, 0xff, 0xa6, 0xf5, 0xff, 0xa6, 0xf5, 0xff, 0xa6, 0xf5, 0xff,
  0xa6, 0xf5, 0xff, 0xa6, 0xf5, 0xff, 0xa6, 0xf5, 0xff, 0xa6, 0xf5, 0xff,
  0xa6, 0xf5, 0xff, 0xa6, 0xf5, 0xff, 0xa6, 0xf5, 0xff, 0xa6, 0xf5, 0xff,
  0xa6, 0xf5, 0xff, 0xa6, 0xf5, 0xff, 0xa6, 0xf5, 0xff, 0xa6, 0xf5, 0xff,
  0xa6, 0xf5, 0xff, 0xa6, 0xf5, 0xff, 0xa6, 0xf5, 0xff, 0xa6, 0xf5, 0xff,
  0xa6, 0xf5, 0xff, 0xa6, 0xf5, 0xff, 0xa6, 0xf5, 0xff, 0xa6, 0xf5, 0xff,
  0xa6, 0xf5, 0xff, 0xa6, 0xf5, 0xff, 0xa6, 0xf5, 0xff, 0xa6, 0xf5, 0xff,
  0xa6, 0xf5, 0xff, 0xa6, 0xf5, 0xff, 0xa6, 0xf5, 0x3f, 0x00, 0x00, 0x00,
  0x00, 0x00, 0x00, 0x00, 0x00, 0x00, 0x00, 0x00, 0x00, 0x00, 0x00, 0x00,
  0x00, 0x00, 0x00, 0x00, 0x00, 0x00, 0x00, 0x00, 0x00, 0x00, 0x00, 0x00,
  0x00, 0x00, 0x00, 0x00, 0x00, 0x00, 0x00, 0x00, 0x00, 0x00, 0x00, 0x00,
  0x00, 0x00, 0x00, 0x00, 0x00, 0x00, 0x00, 0x00, 0x00, 0x00, 0x00, 0x00,
  0x00, 0x00, 0x00, 0x00, 0x00, 0x00, 0x00, 0x00, 0x00, 0x00, 0x00, 0x00,
  0x00, 0x00, 0x00, 0x00, 0x00, 0x00, 0x00, 0x00, 0x00, 0x00, 0x00, 0x00,
  0x00, 0x00, 0x00, 0x00, 0x00, 0x00, 0xa6, 0xf5, 0xff, 0xa6, 0xf5, 0xff,
  0xa6, 0xf5, 0xff, 0xa6, 0xf5, 0xff, 0xa6, 0xf5, 0xff, 0xa6, 0xf5, 0xff,
  0xa6, 0xf5, 0xff, 0xa6, 0xf5, 0xff, 0xa6, 0xf5, 0xff, 0xa6, 0xf5, 0xff,
  0xa6, 0xf5, 0xff, 0xa6, 0xf5, 0xff, 0xa6, 0xf5, 0xff, 0xa6, 0xf5, 0xff,
  0xa6, 0xf5, 0xff, 0xa6, 0xf5, 0xff, 0xa6, 0xf5, 0xff, 0xa6, 0xf5, 0xff,
  0xa6, 0xf5, 0xff, 0xa6, 0xf5, 0xff, 0xa6, 0xf5, 0xff, 0xa6, 0xf5, 0xff,
  0xa6, 0xf5, 0xff, 0xa6, 0xf5, 0xff, 0xa6, 0xf5, 0xff, 0xa6, 0xf5, 0xff,
  0xa6, 0xf5, 0xff, 0xa6, 0xf5, 0xff, 0xa6, 0xf5, 0xff, 0xa6, 0xf5, 0xff,
  0xa6, 0xf5, 0xff, 0xa6, 0xf5, 0xff, 0xa6, 0xf5, 0xff, 0xa6, 0xf5, 0xff,
  0xa6, 0xf5, 0xff, 0xa6, 0xf5, 0xff, 0xa6, 0xf5, 0xff, 0xa6, 0xf5, 0xff,
  0xa6, 0xf5, 0xff, 0xa6, 0xf5, 0xff, 0xa6, 0xf5, 0xff, 0xa6, 0xf5, 0xff,
  0xa6, 0xf5, 0xff, 0xa6, 0xf5, 0xff, 0xa6, 0xf5, 0xff, 0xa6, 0xf5, 0xff,
  0xa6, 0xf5, 0xff, 0xa6, 0xf5, 0xff, 0xa6, 0xf5, 0xff, 0xa6, 0xf5, 0xff,
  0xa6, 0xf5, 0xff, 0xa6, 0xf5, 0xff, 0xa6, 0xf5, 0xff, 0xa6, 0xf5, 0xff,
  0xa6, 0xf5, 0xff, 0xa6, 0xf5, 0xff, 0xa6, 0xf5, 0xff, 0xa6, 0xf5, 0xff,
  0xa6, 0xf5, 0xff, 0xa6, 0xf5, 0xff, 0xa6, 0xf5, 0xff, 0xa6, 0xf5, 0xff,
  0xa6, 0xf5, 0xff, 0xa6, 0xf5, 0xff, 0xa6, 0xf5, 0xff, 0xa6, 0xf5, 0xff,
  0xa6, 0xf5, 0xff, 0xa6, 0xf5, 0xff, 0xa6, 0xf5, 0xff, 0xa6, 0xf5, 0xff,
  0xa6, 0xf5, 0xff, 0xa6, 0xf5, 0xff, 0xa6, 0xf5, 0xff, 0xa6, 0xf5, 0xff,
  0xa6, 0xf5, 0xff, 0xa6, 0xf5, 0xff, 0xa6, 0xf5, 0xff, 0xa6, 0xf5, 0xff,
  0xa6, 0xf5, 0xff, 0xa6, 0xf5, 0xff, 0xa6, 0xf5, 0xff, 0xa6, 0xf5, 0xff,
  0xa6, 0xf5, 0xff, 0xa6, 0xf5, 0xff, 0xa6, 0xf5, 0x3f, 0x00, 0x00, 0x00,
  0x00, 0x00, 0x00, 0x00, 0x00, 0x00, 0x00, 0x00, 0x00, 0x00, 0x00, 0x00,
  0x00, 0x00, 0x00, 0x00, 0x00, 0x00, 0x00, 0x00, 0x00, 0x00, 0x00, 0x00,
  0x00, 0x00, 0x00, 0x00, 0x00, 0x00, 0x00, 0x00, 0x00, 0x00, 0x00, 0x00,
  0x00, 0x00, 0x00, 0x00, 0x00, 0x00, 0x00, 0x00, 0x00, 0x00, 0x00, 0x00,
  0x00, 0x00, 0x00, 0x00, 0x00, 0x00, 0x00, 0x00, 0x00, 0x00, 0x00, 0x00,
  0x00, 0x00, 0x00, 0x00, 0x00, 0x00, 0x00, 0x00, 0x00, 0x00, 0x00, 0x00,
  0x00, 0x00, 0x00, 0x00, 0x00, 0x00, 0xa6, 0xf5, 0xff, 0xa6, 0xf5, 0xff,
  0xa6, 0xf5, 0xff, 0xa6, 0xf5, 0xff, 0xa6, 0xf5, 0xff, 0xa6, 0xf5, 0xff,
  0xa6, 0xf5, 0xff, 0xa6, 0xf5, 0xff, 0xa6, 0xf5, 0xff, 0xa6, 0xf5, 0xff,
  0xa6, 0xf5, 0xff, 0xa6, 0xf5, 0xff, 0xa6, 0xf5, 0xff, 0xa6, 0xf5, 0xff,
  0xa6, 0xf5, 0xff, 0xa6, 0xf5, 0xff, 0xa6, 0xf5, 0xff, 0xa6, 0xf5, 0xff,
  0xa6, 0xf5, 0xff, 0xa6, 0xf5, 0xff, 0xa6, 0xf5, 0xff, 0xa6, 0xf5, 0xff,
  0xa6, 0xf5, 0xff, 0xa6, 0xf5, 0xff, 0xa6, 0xf5, 0xff, 0xa6, 0xf5, 0xff,
  0xa6, 0xf5, 0xff, 0xa6, 0xf5, 0xff, 0xa6, 0xf5, 0xff, 0xa6, 0xf5, 0xff,
  0xa6, 0xf5, 0xff, 0xa6, 0xf5, 0xff, 0xa6, 0xf5, 0xff, 0xa6, 0xf5, 0xff,
  0xa6, 0xf5, 0xff, 0xa6, 0xf5, 0xff, 0xa6, 0xf5, 0xff, 0xa6, 0xf5, 0xff,
  0xa6, 0xf5, 0xff, 0xa6, 0xf5, 0xff, 0xa6, 0xf5, 0xff, 0xa6, 0xf5, 0xff,
  0xa6, 0xf5, 0xff, 0xa6, 0xf5, 0xff, 0xa6, 0xf5, 0xff, 0xa6, 0xf5, 0xff,
  0xa6, 0xf5, 0xff, 0xa6, 0xf5, 0xff, 0xa6, 0xf5, 0xff, 0xa6, 0xf5, 0xff,
  0xa6, 0xf5, 0xff, 0xa6, 0xf5, 0xff, 0xa6, 0xf5, 0xff, 0xa6, 0xf5, 0xff,
  0xa6, 0xf5, 0xff, 0xa6, 0xf5, 0xff, 0xa6, 0xf5, 0xff, 0xa6, 0xf5, 0xff,
  0xa6, 0xf5, 0xff, 0xa6, 0xf5, 0xff, 0xa6, 0xf5, 0xff, 0xa6, 0xf5, 0xff,
  0xa6, 0xf5, 0xff, 0xa6, 0xf5, 0xff, 0xa6, 0xf5, 0xff, 0xa6, 0xf5, 0xff,
  0xa6, 0xf5, 0xff, 0xa6, 0xf5, 0xff, 0xa6, 0xf5, 0xff, 0xa6, 0xf5, 0xff,
  0xa6, 0xf5, 0xff, 0xa6, 0xf5, 0xff, 0xa6, 0xf5, 0xff, 0xa6, 0xf5, 0xff,
  0xa6, 0xf5, 0xff, 0xa6, 0xf5, 0xff, 0xa6, 0xf5, 0xff, 0xa6, 0xf5, 0xff,
  0xa6, 0xf5, 0xff, 0xa6, 0xf5, 0xff, 0xa6, 0xf5, 0xff, 0xa6, 0xf5, 0xff,
  0xa6, 0xf5, 0xff, 0xa6, 0xf5, 0xff, 0xa6, 0xf5, 0x3f, 0x00, 0x00, 0x00,
  0x00, 0x00, 0x00, 0x00, 0x00, 0x00, 0x00, 0x00, 0x00, 0x00, 0x00, 0x00,
  0x00, 0x00, 0x00, 0x00, 0x00, 0x00, 0x00, 0x00, 0x00, 0x00, 0x00, 0x00,
  0x00, 0x00, 0x00, 0x00, 0x00, 0x00, 0x00, 0x00, 0x00, 0x00, 0x00, 0x00,
  0x00, 0x00, 0x00, 0x00, 0x00, 0x00, 0x00, 0x00, 0x00, 0x00, 0x00, 0x00,
  0x00, 0x00, 0x00, 0x00, 0x00, 0x00, 0x00, 0x00, 0x00, 0x00, 0x00, 0x00,
  0x00, 0x00, 0x00, 0x00, 0x00, 0x00, 0x00, 0x00, 0x00, 0x00, 0x00, 0x00,
  0x00, 0x00, 0x00, 0x00, 0x00, 0x00, 0xa6, 0xf5, 0xff, 0xa6, 0xf5, 0xff,
  0xa6, 0xf5, 0xff, 0xa6, 0xf5, 0xff, 0xa6, 0xf5, 0xff, 0xa6, 0xf5, 0xff,
  0xa6, 0xf5, 0xff, 0xa6, 0xf5, 0xff, 0xa6, 0xf5, 0xff, 0xa6, 0xf5, 0xff,
  0xa6, 0xf5, 0xff, 0xa6, 0xf5, 0xff, 0xa6, 0xf5, 0xff, 0xa6, 0xf5, 0xff,
  0xa6, 0xf5, 0xff, 0xa6, 0xf5, 0xff, 0xa6, 0xf5, 0xff, 0xa6, 0xf5, 0xff,
  0xa6, 0xf5, 0xff, 0xa6, 0xf5, 0xff, 0xa6, 0xf5, 0xff, 0xa6, 0xf5, 0xff,
  0xa6, 0xf5, 0xff, 0xa6, 0xf5, 0xff, 0xa6, 0xf5, 0xff, 0xa6, 0xf5, 0xff,
  0xa6, 0xf5, 0xff, 0xa6, 0xf5, 0xff, 0xa6, 0xf5, 0xff, 0xa6, 0xf5, 0xff,
  0xa6, 0xf5, 0xff, 0xa6, 0xf5, 0xff, 0xa6, 0xf5, 0xff, 0xa6, 0xf5, 0xff,
  0xa6, 0xf5, 0xff, 0xa6, 0xf5, 0xff, 0xa6, 0xf5, 0xff, 0xa6, 0xf5, 0xff,
  0xa6, 0xf5, 0xff, 0xa6, 0xf5, 0xff, 0xa6, 0xf5, 0xff, 0xa6, 0xf5, 0xff,
  0xa6, 0xf5, 0xff, 0xa6, 0xf5, 0xff, 0xa6, 0xf5, 0xff, 0xa6, 0xf5, 0xff,
  0xa6, 0xf5, 0xff, 0xa6, 0xf5, 0xff, 0xa6, 0xf5, 0xff, 0xa6, 0xf5, 0xff,
  0xa6, 0xf5, 0xff, 0xa6, 0xf5, 0xff, 0xa6, 0xf5, 0xff, 0xa6, 0xf5, 0xff,
  0xa6, 0xf5, 0xff, 0xa6, 0xf5, 0xff, 0xa6, 0xf5, 0xff, 0xa6, 0xf5, 0xff,
  0xa6, 0xf5, 0xff, 0xa6, 0xf5, 0xff, 0xa6, 0xf5, 0xff, 0xa6, 0xf5, 0xff,
  0xa6, 0xf5, 0xff, 0xa6, 0xf5, 0xff, 0xa6, 0xf5, 0xff, 0xa6, 0xf5, 0xff,
  0xa6, 0xf5, 0xff, 0xa6, 0xf5, 0xff, 0xa6, 0xf5, 0xff, 0xa6, 0xf5, 0xff,
  0xa6, 0xf5, 0xff, 0xa6, 0xf5, 0xff, 0xa6, 0xf5, 0xff, 0xa6, 0xf5, 0xff,
  0xa6, 0xf5, 0xff, 0xa6, 0xf5, 0xff, 0xa6, 0xf5, 0xff, 0xa6, 0xf5, 0xff,
  0xa6, 0xf5, 0xff, 0xa6, 0xf5, 0xff, 0xa6, 0xf5, 0xff, 0xa6, 0xf5, 0xff,
  0xa6, 0xf5, 0xff, 0xa6, 0xf5, 0xff, 0xa6, 0xf5, 0x3f, 0x00, 0x00, 0x00,
  0x00, 0x00, 0x00, 0x00, 0x00, 0x00, 0x00, 0x00, 0x00, 0x00, 0x00, 0x00,
  0x00, 0x00, 0x00, 0x00, 0x00, 0x00, 0x00, 0x00, 0x00, 0x00, 0x00, 0x00,
  0x00, 0x00, 0x00, 0x00, 0x00, 0x00, 0x00, 0x00, 0x00, 0x00, 0x00, 0x00,
  0x00, 0x00, 0x00, 0x00, 0x00, 0x00, 0x00, 0x00, 0x00, 0x00, 0x00, 0x00,
  0x00, 0x00, 0x00, 0x00, 0x00, 0x00, 0x00, 0x00, 0x00, 0x00, 0x00, 0x00,
  0x00, 0x00, 0x00, 0x00, 0x00, 0x00, 0x00, 0x00, 0x00, 0x00, 0x00, 0x00,
  0x00, 0x00, 0x00, 0x00, 0x00, 0x00, 0xa6, 0xf5, 0xff, 0xa6, 0xf5, 0xff,
  0xa6, 0xf5, 0xff, 0xa6, 0xf5, 0xff, 0xa6, 0xf5, 0xff, 0xa6, 0xf5, 0xff,
  0xa6, 0xf5, 0xff, 0xa6, 0xf5, 0xff, 0xa6, 0xf5, 0xff, 0xa6, 0xf5, 0xff,
  0xa6, 0xf5, 0xff, 0xa6, 0xf5, 0xff, 0xa6, 0xf5, 0xff, 0xa6, 0xf5, 0xff,
  0xa6, 0xf5, 0xff, 0xa6, 0xf5, 0xff, 0xa6, 0xf5, 0xff, 0xa6, 0xf5, 0xff,
  0xa6, 0xf5, 0xff, 0xa6, 0xf5, 0xff, 0xa6, 0xf5, 0xff, 0xa6, 0xf5, 0xff,
  0xa6, 0xf5, 0xff, 0xa6, 0xf5, 0xff, 0xa6, 0xf5, 0xff, 0xa6, 0xf5, 0xff,
  0xa6, 0xf5, 0xff, 0xa6, 0xf5, 0xff, 0xa6, 0xf5, 0xff, 0xa6, 0xf5, 0xff,
  0xa6, 0xf5, 0xff, 0xa6, 0xf5, 0xff, 0xa6, 0xf5, 0xff, 0xa6, 0xf5, 0xff,
  0xa6, 0xf5, 0xff, 0xa6, 0xf5, 0xff, 0xa6, 0xf5, 0xff, 0xa6, 0xf5, 0xff,
  0xa6, 0xf5, 0xff, 0xa6, 0xf5, 0xff, 0xa6, 0xf5, 0xff, 0xa6, 0xf5, 0xff,
  0xa6, 0xf5, 0xff, 0xa6, 0xf5, 0xff, 0xa6, 0xf5, 0xff, 0xa6, 0xf5, 0xff,
  0xa6, 0xf5, 0xff, 0xa6, 0xf5, 0xff, 0xa6, 0xf5, 0xff, 0xa6, 0xf5, 0xff,
  0xa6, 0xf5, 0xff, 0xa6, 0xf5, 0xff, 0xa6, 0xf5, 0xff, 0xa6, 0xf5, 0xff,
  0xa6, 0xf5, 0xff, 0xa6, 0xf5, 0xff, 0xa6, 0xf5, 0xff, 0xa6, 0xf5, 0xff,
  0xa6, 0xf5, 0xff, 0xa6, 0xf5, 0xff, 0xa6, 0xf5, 0xff, 0xa6, 0xf5, 0xff,
  0xa6, 0xf5, 0xff, 0xa6, 0xf5, 0xff, 0xa6, 0xf5, 0xff, 0xa6, 0xf5, 0xff,
  0xa6, 0xf5, 0xff, 0xa6, 0xf5, 0xff, 0xa6, 0xf5, 0xff, 0xa6, 0xf5, 0xff,
  0xa6, 0xf5, 0xff, 0xa6, 0xf5, 0xff, 0xa6, 0xf5, 0xff, 0xa6, 0xf5, 0xff,
  0xa6, 0xf5, 0xff, 0xa6, 0xf5, 0xff, 0xa6, 0xf5, 0xff, 0xa6, 0xf5, 0xff,
  0xa6, 0xf5, 0xff, 0xa6, 0xf5, 0xff, 0xa6, 0xf5, 0xff, 0xa6, 0xf5, 0xff,
  0xa6, 0xf5, 0xff, 0xa6, 0xf5, 0xff, 0xa6, 0xf5, 0x3f, 0x00, 0x00, 0x00,
  0x00, 0x00, 0x00, 0x00, 0x00, 0x00, 0x00, 0x00, 0x00, 0x00, 0x00, 0x00,
  0x00, 0x00, 0x00, 0x00, 0x00, 0x00, 0x00, 0x00, 0x00, 0x00, 0x00, 0x00,
  0x00, 0x00, 0x00, 0x00, 0x00, 0x00, 0x00, 0x00, 0x00, 0x00, 0x00, 0x00,
  0x00, 0x00, 0x00, 0x00, 0x00, 0x00, 0x00, 0x00, 0x00, 0x00, 0x00, 0x00,
  0x00, 0x00, 0x00, 0x00, 0x00, 0x00, 0x00, 0x00, 0x00, 0x00, 0x00, 0x00,
  0x00, 0x00, 0x00, 0x00, 0x00, 0x00, 0x00, 0x00, 0x00, 0x00, 0x00, 0x00,
  0x00, 0x00, 0x00, 0x00, 0x00, 0x00, 0xa6, 0xf5, 0xff, 0xa6, 0xf5, 0xff,
  0xa6, 0xf5, 0xff, 0xa6, 0xf5, 0xff, 0xa6, 0xf5, 0xff, 0xa6, 0xf5, 0xff,
  0xa6, 0xf5, 0xff, 0xa6, 0xf5, 0xff, 0xa6, 0xf5, 0xff, 0xa6, 0xf5, 0xff,
  0xa6, 0xf5, 0xff, 0xa6, 0xf5, 0xff, 0xa6, 0xf5, 0xff, 0xa6, 0xf5, 0xff,
  0xa6, 0xf5, 0xff, 0xa6, 0xf5, 0xff, 0xa6, 0xf5, 0xff, 0xa6, 0xf5, 0xff,
  0xa6, 0xf5, 0xff, 0xa6, 0xf5, 0xff, 0xa6, 0xf5, 0xff, 0xa6, 0xf5, 0xff,
  0xa6, 0xf5, 0xff, 0xa6, 0xf5, 0xff, 0xa6, 0xf5, 0xff, 0xa6, 0xf5, 0xff,
  0xa6, 0xf5, 0xff, 0xa6, 0xf5, 0xff, 0xa6, 0xf5, 0xff, 0xa6, 0xf5, 0xff,
  0xa6, 0xf5, 0xff, 0xa6, 0xf5, 0xff, 0xa6, 0xf5, 0xff, 0xa6, 0xf5, 0xff,
  0xa6, 0xf5, 0xff, 0xa6, 0xf5, 0xff, 0xa6, 0xf5, 0xff, 0xa6, 0xf5, 0xff,
  0xa6, 0xf5, 0xff, 0xa6, 0xf5, 0xff, 0xa6, 0xf5, 0xff, 0xa6, 0xf5, 0xff,
  0xa6, 0xf5, 0xff, 0xa6, 0xf5, 0xff, 0xa6, 0xf5, 0xff, 0xa6, 0xf5, 0xff,
  0xa6, 0xf5, 0xff, 0xa6, 0xf5, 0xff, 0xa6, 0xf5, 0xff, 0xa6, 0xf5, 0xff,
  0xa6, 0xf5, 0xff, 0xa6, 0xf5, 0xff, 0xa6, 0xf5, 0xff, 0xa6, 0xf5, 0xff,
  0xa6, 0xf5, 0xff, 0xa6, 0xf5, 0xff, 0xa6, 0xf5, 0xff, 0xa6, 0xf5, 0xff,
  0xa6, 0xf5, 0xff, 0xa6, 0xf5, 0xff, 0xa6, 0xf5, 0xff, 0xa6, 0xf5, 0xff,
  0xa6, 0xf5, 0xff, 0xa6, 0xf5, 0xff, 0xa6, 0xf5, 0xff, 0xa6, 0xf5, 0xff,
  0xa6, 0xf5, 0xff, 0xa6, 0xf5, 0xff, 0xa6, 0xf5, 0xff, 0xa6, 0xf5, 0xff,
  0xa6, 0xf5, 0xff, 0xa6, 0xf5, 0xff, 0xa6, 0xf5, 0xff, 0xa6, 0xf5, 0xff,
  0xa6, 0xf5, 0xff, 0xa6, 0xf5, 0xff, 0xa6, 0xf5, 0xff, 0xa6, 0xf5, 0xff,
  0xa6, 0xf5, 0xff, 0xa6, 0xf5, 0xff, 0xa6, 0xf5, 0xff, 0xa6, 0xf5, 0xff,
  0xa6, 0xf5, 0xff, 0xa6, 0xf5, 0xff, 0xa6, 0xf5, 0x3f, 0x00, 0x00, 0x00,
  0x00, 0x00, 0x00, 0x00, 0x00, 0x00, 0x00, 0x00, 0x00, 0x00, 0x00, 0x00,
  0x00, 0x00, 0x00, 0x00, 0x00, 0x00, 0x00, 0x00, 0x00, 0x00, 0x00, 0x00,
  0x00, 0x00, 0x00, 0x00, 0x00, 0x00, 0x00, 0x00, 0x00, 0x00, 0x00, 0x00,
  0x00, 0x00, 0x00, 0x00, 0x00, 0x00, 0x00, 0x00, 0x00, 0x00, 0x00, 0x00,
  0x00, 0x00, 0x00, 0x00, 0x00, 0x00, 0x00, 0x00, 0x00, 0x00, 0x00, 0x00,
  0x00, 0x00, 0x00, 0x00, 0x00, 0x00, 0x00, 0x00, 0x00, 0x00, 0x00, 0x00,
  0x00, 0x00, 0x00, 0x00, 0x00, 0x00, 0xa6, 0xf5, 0xff, 0xa6, 0xf5, 0xff,
  0xa6, 0xf5, 0xff, 0xa6, 0xf5, 0xff, 0xa6, 0xf5, 0xff, 0xa6, 0xf5, 0xff,
  0xa6, 0xf5, 0xff, 0xa6, 0xf5, 0xff, 0xa6, 0xf5, 0xff, 0xa6, 0xf5, 0xff,
  0xa6, 0xf5, 0xff, 0xa6, 0xf5, 0xff, 0xa6, 0xf5, 0xff, 0xa6, 0xf5, 0xff,
  0xa6, 0xf5, 0xff, 0xa6, 0xf5, 0xff, 0xa6, 0xf5, 0xff, 0xa6, 0xf5, 0xff,
  0xa6, 0xf5, 0xff, 0xa6, 0xf5, 0xff, 0xa6, 0xf5, 0xff, 0xa6, 0xf5, 0xff,
  0xa6, 0xf5, 0xff, 0xa6, 0xf5, 0xff, 0xa6, 0xf5, 0xff, 0xa6, 0xf5, 0xff,
  0xa6, 0xf5, 0xff, 0xa6, 0xf5, 0xff, 0xa6, 0xf5, 0xff, 0xa6, 0xf5, 0xff,
  0xa6, 0xf5, 0xff, 0xa6, 0xf5, 0xff, 0xa6, 0xf5, 0xff, 0xa6, 0xf5, 0xff,
  0xa6, 0xf5, 0xff, 0xa6, 0xf5, 0xff, 0xa6, 0xf5, 0xff, 0xa6, 0xf5, 0xff,
  0xa6, 0xf5, 0xff, 0xa6, 0xf5, 0xff, 0xa6, 0xf5, 0xff, 0xa6, 0xf5, 0xff,
  0xa6, 0xf5, 0xff, 0xa6, 0xf5, 0xff, 0xa6, 0xf5, 0xff, 0xa6, 0xf5, 0xff,
  0xa6, 0xf5, 0xff, 0xa6, 0xf5, 0xff, 0xa6, 0xf5, 0xff, 0xa6, 0xf5, 0xff,
  0xa6, 0xf5, 0xff, 0xa6, 0xf5, 0xff, 0xa6, 0xf5, 0xff, 0xa6, 0xf5, 0xff,
  0xa6, 0xf5, 0xff, 0xa6, 0xf5, 0xff, 0xa6, 0xf5, 0xff, 0xa6, 0xf5, 0xff,
  0xa6, 0xf5, 0xff, 0xa6, 0xf5, 0xff, 0xa6, 0xf5, 0xff, 0xa6, 0xf5, 0xff,
  0xa6, 0xf5, 0xff, 0xa6, 0xf5, 0xff, 0xa6, 0xf5, 0xff, 0xa6, 0xf5, 0xff,
  0xa6, 0xf5, 0xff, 0xa6, 0xf5, 0xff, 0xa6, 0xf5, 0xff, 0xa6, 0xf5, 0xff,
  0xa6, 0xf5, 0xff, 0xa6, 0xf5, 0xff, 0xa6, 0xf5, 0xff, 0xa6, 0xf5, 0xff,
  0xa6, 0xf5, 0xff, 0xa6, 0xf5, 0xff, 0xa6, 0xf5, 0xff, 0xa6, 0xf5, 0xff,
  0xa6, 0xf5, 0xff, 0xa6, 0xf5, 0xff, 0xa6, 0xf5, 0xff, 0xa6, 0xf5, 0xff,
  0xa6, 0xf5, 0xff, 0xa6, 0xf5, 0xff, 0xa6, 0xf5, 0x3f, 0x00, 0x00, 0x00,
  0x00, 0x00, 0x00, 0x00, 0x00, 0x00, 0x00, 0x00, 0x00, 0x00, 0x00, 0x00,
  0x00, 0x00, 0x00, 0x00, 0x00, 0x00, 0x00, 0x00, 0x00, 0x00, 0x00, 0x00,
  0x00, 0x00, 0x00, 0x00, 0x00, 0x00, 0x00, 0x00, 0x00, 0x00, 0x00, 0x00,
  0x00, 0x00, 0x00, 0x00, 0x00, 0x00, 0x00, 0x00, 0x00, 0x00, 0x00, 0x00,
  0x00, 0x00, 0x00, 0x00, 0x00, 0x00, 0x00, 0x00, 0x00, 0x00, 0x00, 0x00,
  0x00, 0x00, 0x00, 0x00, 0x00, 0x00, 0x00, 0x00, 0x00, 0x00, 0x00, 0x00,
  0x00, 0x00, 0x00, 0x00, 0x00, 0x00, 0xa6, 0xf5, 0xff, 0xa6, 0xf5, 0xff,
  0xa6, 0xf5, 0xff, 0xa6, 0xf5, 0xff, 0xa6, 0xf5, 0xff, 0xa6, 0xf5, 0xff,
  0xa6, 0xf5, 0xff, 0xa6, 0xf5, 0xff, 0xa6, 0xf5, 0xff, 0xa6, 0xf5, 0xff,
  0xa6, 0xf5, 0xff, 0xa6, 0xf5, 0xff, 0xa6, 0xf5, 0xff, 0xa6, 0xf5, 0xff,
  0xa6, 0xf5, 0xff, 0xa6, 0xf5, 0xff, 0xa6, 0xf5, 0xff, 0xa6, 0xf5, 0xff,
  0xa6, 0xf5, 0xff, 0xa6, 0xf5, 0xff, 0xa6, 0xf5, 0xff, 0xa6, 0xf5, 0xff,
  0xa6, 0xf5, 0xff, 0xa6, 0xf5, 0xff, 0xa6, 0xf5, 0xff, 0xa6, 0xf5, 0xff,
  0xa6, 0xf5, 0xff, 0xa6, 0xf5, 0xff, 0xa6, 0xf5, 0xff, 0xa6, 0xf5, 0xff,
  0xa6, 0xf5, 0xff, 0xa6, 0xf5, 0xff, 0xa6, 0xf5, 0xff, 0xa6, 0xf5, 0xff,
  0xa6, 0xf5, 0xff, 0xa6, 0xf5, 0xff, 0xa6, 0xf5, 0xff, 0xa6, 0xf5, 0xff,
  0xa6, 0xf5, 0xff, 0xa6, 0xf5, 0xff, 0xa6, 0xf5, 0xff, 0xa6, 0xf5, 0xff,
  0xa6, 0xf5, 0xff, 0xa6, 0xf5, 0xff, 0xa6, 0xf5, 0xff, 0xa6, 0xf5, 0xff,
  0xa6, 0xf5, 0xff, 0xa6, 0xf5, 0xff, 0xa6, 0xf5, 0xff, 0xa6, 0xf5, 0xff,
  0xa6, 0xf5, 0xff, 0xa6, 0xf5, 0xff, 0xa6, 0xf5, 0xff, 0xa6, 0xf5, 0xff,
  0xa6, 0xf5, 0xff, 0xa6, 0xf5, 0xff, 0xa6, 0xf5, 0xff, 0xa6, 0xf5, 0xff,
  0xa6, 0xf5, 0xff, 0xa6, 0xf5, 0xff, 0xa6, 0xf5, 0xff, 0xa6, 0xf5, 0xff,
  0xa6, 0xf5, 0xff, 0xa6, 0xf5, 0xff, 0xa6, 0xf5, 0xff, 0xa6, 0xf5, 0xff,
  0xa6, 0xf5, 0xff, 0xa6, 0xf5, 0xff, 0xa6, 0xf5, 0xff, 0xa6, 0xf5, 0xff,
  0xa6, 0xf5, 0xff, 0xa6, 0xf5, 0xff, 0xa6, 0xf5, 0xff, 0xa6, 0xf5, 0xff,
  0xa6, 0xf5, 0xff, 0xa6, 0xf5, 0xff, 0xa6, 0xf5, 0xff, 0xa6, 0xf5, 0xff,
  0xa6, 0xf5, 0xff, 0xa6, 0xf5, 0xff, 0xa6, 0xf5, 0xff, 0xa6, 0xf5, 0xff,
  0xa6, 0xf5, 0xff, 0xa6, 0xf5, 0xff, 0xa6, 0xf5, 0x3f, 0x00, 0x00, 0x00,
  0x00, 0x00, 0x00, 0x00, 0x00, 0x00, 0x00, 0x00, 0x00, 0x00, 0x00, 0x00,
  0x00, 0x00, 0x00, 0x00, 0x00, 0x00, 0x00, 0x00, 0x00, 0x00, 0x00, 0x00,
  0x00, 0x00, 0x00, 0x00, 0x00, 0x00, 0x00, 0x00, 0x00, 0x00, 0x00, 0x00,
  0x00, 0x00, 0x00, 0x00, 0x00, 0x00, 0x00, 0x00, 0x00, 0x00, 0x00, 0x00,
  0x00, 0x00, 0x00, 0x00, 0x00, 0x00, 0x00, 0x00, 0x00, 0x00, 0x00, 0x00,
  0x00, 0x00, 0x00, 0x00, 0x00, 0x00, 0x00, 0x00, 0x00, 0x00, 0x00, 0x00,
  0x00, 0x00, 0x00, 0x00, 0x00, 0x00, 0xa6, 0xf5, 0xff, 0xa6, 0xf5, 0xff,
  0xa6, 0xf5, 0xff, 0xa6, 0xf5, 0xff, 0xa6, 0xf5, 0xff, 0xa6, 0xf5, 0xff,
  0xa6, 0xf5, 0xff, 0xa6, 0xf5, 0xff, 0xa6, 0xf5, 0xff, 0xa6, 0xf5, 0xff,
  0xa6, 0xf5, 0xff, 0xa6, 0xf5, 0xff, 0xa6, 0xf5, 0xff, 0xa6, 0xf5, 0xff,
  0xa6, 0xf5, 0xff, 0xa6, 0xf5, 0xff, 0xa6, 0xf5, 0xff, 0xa6, 0xf5, 0xff,
  0xa6, 0xf5, 0xff, 0xa6, 0xf5, 0xff, 0xa6, 0xf5, 0xff, 0xa6, 0xf5, 0xff,
  0xa6, 0xf5, 0xff, 0xa6, 0xf5, 0xff, 0xa6, 0xf5, 0xff, 0xa6, 0xf5, 0xff,
  0xa6, 0xf5, 0xff, 0xa6, 0xf5, 0xff, 0xa6, 0xf5, 0xff, 0xa6, 0xf5, 0xff,
  0xa6, 0xf5, 0xff, 0xa6, 0xf5, 0xff, 0xa6, 0xf5, 0xff, 0xa6, 0xf5, 0xff,
  0xa6, 0xf5, 0xff, 0xa6, 0xf5, 0xff, 0xa6, 0xf5, 0xff, 0xa6, 0xf5, 0xff,
  0xa6, 0xf5, 0xff, 0xa6, 0xf5, 0xff, 0xa6, 0xf5, 0xff, 0xa6, 0xf5, 0xff,
  0xa6, 0xf5, 0xff, 0xa6, 0xf5, 0xff, 0xa6, 0xf5, 0xff, 0xa6, 0xf5, 0xff,
  0xa6, 0xf5, 0xff, 0xa6, 0xf5, 0xff, 0xa6, 0xf5, 0xff, 0xa6, 0xf5, 0xff,
  0xa6, 0xf5, 0xff, 0xa6, 0xf5, 0xff, 0xa6, 0xf5, 0xff, 0xa6, 0xf5, 0xff,
  0xa6, 0xf5, 0xff, 0xa6, 0xf5, 0xff, 0xa6, 0xf5, 0xff, 0xa6, 0xf5, 0xff,
  0xa6, 0xf5, 0xff, 0xa6, 0xf5, 0xff, 0xa6, 0xf5, 0xff, 0xa6, 0xf5, 0xff,
  0xa6, 0xf5, 0xff, 0xa6, 0xf5, 0xff, 0xa6, 0xf5, 0xff, 0xa6, 0xf5, 0xff,
  0xa6, 0xf5, 0xff, 0xa6, 0xf5, 0xff, 0xa6, 0xf5, 0xff, 0xa6, 0xf5, 0xff,
  0xa6, 0xf5, 0xff, 0xa6, 0xf5, 0xff, 0xa6, 0xf5, 0xff, 0xa6, 0xf5, 0xff,
  0xa6, 0xf5, 0xff, 0xa6, 0xf5, 0xff, 0xa6, 0xf5, 0xff, 0xa6, 0xf5, 0xff,
  0xa6, 0xf5, 0xff, 0xa6, 0xf5, 0xff, 0xa6, 0xf5, 0xff, 0xa6, 0xf5, 0xff,
  0xa6, 0xf5, 0xff, 0xa6, 0xf5, 0xff, 0xa6, 0xf5, 0x3f, 0x00, 0x00, 0x00,
  0x00, 0x00, 0x00, 0x00, 0x00, 0x00, 0x00, 0x00, 0x00, 0x00, 0x00, 0x00,
  0x00, 0x00, 0x00, 0x00, 0x00, 0x00, 0x00, 0x00, 0x00, 0x00, 0x00, 0x00,
  0x00, 0x00, 0x00, 0x00, 0x00, 0x00, 0x00, 0x00, 0x00, 0x00, 0x00, 0x00,
  0x00, 0x00, 0x00, 0x00, 0x00, 0x00, 0x00, 0x00, 0x00, 0x00, 0x00, 0x00,
  0x00, 0x00, 0x00, 0x00, 0x00, 0x00, 0x00, 0x00, 0x00, 0x00, 0x00, 0x00,
  0x00, 0x00, 0x00, 0x00, 0x00, 0x00, 0x00, 0x00, 0x00, 0x00, 0x00, 0x00,
  0x00, 0x00, 0x00, 0x00, 0x00, 0x00, 0xa6, 0xf5, 0xff, 0xa6, 0xf5, 0xff,
  0xa6, 0xf5, 0xff, 0xa6, 0xf5, 0xff, 0xa6, 0xf5, 0xff, 0xa6, 0xf5, 0xff,
  0xa6, 0xf5, 0xff, 0xa6, 0xf5, 0xff, 0xa6, 0xf5, 0xff, 0xa6, 0xf5, 0xff,
  0xa6, 0xf5, 0xff, 0xa6, 0xf5, 0xff, 0xa6, 0xf5, 0xff, 0xa6, 0xf5, 0xff,
  0xa6, 0xf5, 0xff, 0xa6, 0xf5, 0xff, 0xa6, 0xf5, 0xff, 0xa6, 0xf5, 0xff,
  0xa6, 0xf5, 0xff, 0xa6, 0xf5, 0xff, 0xa6, 0xf5, 0xff, 0xa6, 0xf5, 0xff,
  0xa6, 0xf5, 0xff, 0xa6, 0xf5, 0xff, 0xa6, 0xf5, 0xff, 0xa6, 0xf5, 0xff,
  0xa6, 0xf5, 0xff, 0xa6, 0xf5, 0xff, 0xa6, 0xf5, 0xff, 0xa6, 0xf5, 0xff,
  0xa6, 0xf5, 0xff, 0xa6, 0xf5, 0xff, 0xa6, 0xf5, 0xff, 0xa6, 0xf5, 0xff,
  0xa6, 0xf5, 0xff, 0xa6, 0xf5, 0xff, 0xa6, 0xf5, 0xff, 0xa6, 0xf5, 0xff,
  0xa6, 0xf5, 0xff, 0xa6, 0xf5, 0xff, 0xa6, 0xf5, 0xff, 0xa6, 0xf5, 0xff,
  0xa6, 0xf5, 0xff, 0xa6, 0xf5, 0xff, 0xa6, 0xf5, 0xff, 0xa6, 0xf5, 0xff,
  0xa6, 0xf5, 0xff, 0xa6, 0xf5, 0xff, 0xa6, 0xf5, 0xff, 0xa6, 0xf5, 0xff,
  0xa6, 0xf5, 0xff, 0xa6, 0xf5, 0xff, 0xa6, 0xf5, 0xff, 0xa6, 0xf5, 0xff,
  0xa6, 0xf5, 0xff, 0xa6, 0xf5, 0xff, 0xa6, 0xf5, 0xff, 0xa6, 0xf5, 0xff,
  0xa6, 0xf5, 0xff, 0xa6, 0xf5, 0xff, 0xa6, 0xf5, 0xff, 0xa6, 0xf5, 0xff,
  0xa6, 0xf5, 0xff, 0xa6, 0xf5, 0xff, 0xa6, 0xf5, 0xff, 0xa6, 0xf5, 0xff,
  0xa6, 0xf5, 0xff, 0xa6, 0xf5, 0xff, 0xa6, 0xf5, 0xff, 0xa6, 0xf5, 0xff,
  0xa6, 0xf5, 0xff, 0xa6, 0xf5, 0xff, 0xa6, 0xf5, 0xff, 0xa6, 0xf5, 0xff,
  0xa6, 0xf5, 0xff, 0xa6, 0xf5, 0xff, 0xa6, 0xf5, 0xff, 0xa6, 0xf5, 0xff,
  0xa6, 0xf5, 0xff, 0xa6, 0xf5, 0xff, 0xa6, 0xf5, 0xff, 0xa6, 0xf5, 0xff,
  0xa6, 0xf5, 0xff, 0xa6, 0xf5, 0xff, 0xa6, 0xf5, 0x3f, 0x00, 0x00, 0x00,
  0x00, 0x00, 0x00, 0x00, 0x00, 0x00, 0x00, 0x00, 0x00, 0x00, 0x00, 0x00,
  0x00, 0x00, 0x00, 0x00, 0x00, 0x00, 0x00, 0x00, 0x00, 0x00, 0x00, 0x00,
  0x00, 0x00, 0x00, 0x00, 0x00, 0x00, 0x00, 0x00, 0x00, 0x00, 0x00, 0x00,
  0x00, 0x00, 0x00, 0x00, 0x00, 0x00, 0x00, 0x00, 0x00, 0x00, 0x00, 0x00,
  0x00, 0x00, 0x00, 0x00, 0x00, 0x00, 0x00, 0x00, 0x00, 0x00, 0x00, 0x00,
  0x00, 0x00, 0x00, 0x00, 0x00, 0x00, 0x00, 0x00, 0x00, 0x00, 0x00, 0x00,
  0x00, 0x00, 0x00, 0x00, 0x00, 0x00, 0xa6, 0xf5, 0xff, 0xa6, 0xf5, 0xff,
  0xa6, 0xf5, 0xff, 0xa6, 0xf5, 0xff, 0xa6, 0xf5, 0xff, 0xa6, 0xf5, 0xff,
  0xa6, 0xf5, 0xff, 0xa6, 0xf5, 0xff, 0xa6, 0xf5, 0xff, 0xa6, 0xf5, 0xff,
  0xa6, 0xf5, 0xff, 0xa6, 0xf5, 0xff, 0xa6, 0xf5, 0xff, 0xa6, 0xf5, 0xff,
  0xa6, 0xf5, 0xff, 0xa6, 0xf5, 0xff, 0xa6, 0xf5, 0xff, 0xa6, 0xf5, 0xff,
  0xa6, 0xf5, 0xff, 0xa6, 0xf5, 0xff, 0xa6, 0xf5, 0xff, 0xa6, 0xf5, 0xff,
  0xa6, 0xf5, 0xff, 0xa6, 0xf5, 0xff, 0xa6, 0xf5, 0xff, 0xa6, 0xf5, 0xff,
  0xa6, 0xf5, 0xff, 0xa6, 0xf5, 0xff, 0xa6, 0xf5, 0xff, 0xa6, 0xf5, 0xff,
  0xa6, 0xf5, 0xff, 0xa6, 0xf5, 0xff, 0xa6, 0xf5, 0xff, 0xa6, 0xf5, 0xff,
  0xa6, 0xf5, 0xff, 0xa6, 0xf5, 0xff, 0xa6, 0xf5, 0xff, 0xa6, 0xf5, 0xff,
  0xa6, 0xf5, 0xff, 0xa6, 0xf5, 0xff, 0xa6, 0xf5, 0xff, 0xa6, 0xf5, 0xff,
  0xa6, 0xf5, 0xff, 0xa6, 0xf5, 0xff, 0xa6, 0xf5, 0xff, 0xa6, 0xf5, 0xff,
  0xa6, 0xf5, 0xff, 0xa6, 0xf5, 0xff, 0xa6, 0xf5, 0xff, 0xa6, 0xf5, 0xff,
  0xa6, 0xf5, 0xff, 0xa6, 0xf5, 0xff, 0xa6, 0xf5, 0xff, 0xa6, 0xf5, 0xff,
  0xa6, 0xf5, 0xff, 0xa6, 0xf5, 0xff, 0xa6, 0xf5, 0xff, 0xa6, 0xf5, 0xff,
  0xa6, 0xf5, 0xff, 0xa6, 0xf5, 0xff, 0xa6, 0xf5, 0xff, 0xa6, 0xf5, 0xff,
  0xa6, 0xf5, 0xff, 0xa6, 0xf5, 0xff, 0xa6, 0xf5, 0xff, 0xa6, 0xf5, 0xff,
  0xa6, 0xf5, 0xff, 0xa6, 0xf5, 0xff, 0xa6, 0xf5, 0xff, 0xa6, 0xf5, 0xff,
  0xa6, 0xf5, 0xff, 0xa6, 0xf5, 0xff, 0xa6, 0xf5, 0xff, 0xa6, 0xf5, 0xff,
  0xa6, 0xf5, 0xff, 0xa6, 0xf5, 0xff, 0xa6, 0xf5, 0xff, 0xa6, 0xf5, 0xff,
  0xa6, 0xf5, 0xff, 0xa6, 0xf5, 0xff, 0xa6, 0xf5, 0xff, 0xa6, 0xf5, 0xff,
  0xa6, 0xf5, 0xff, 0xa6, 0xf5, 0xff, 0xa6, 0xf5, 0x3f, 0x00, 0x00, 0x00,
  0x00, 0x00, 0x00, 0x00, 0x00, 0x00, 0x00, 0x00, 0x00, 0x00, 0x00, 0x00,
  0x00, 0x00, 0x00, 0x00, 0x00, 0x00, 0x00, 0x00, 0x00, 0x00, 0x00, 0x00,
  0x00, 0x00, 0x00, 0x00, 0x00, 0x00, 0x00, 0x00, 0x00, 0x00, 0x00, 0x00,
  0x00, 0x00, 0x00, 0x00, 0x00, 0x00, 0x00, 0x00, 0x00, 0x00, 0x00, 0x00,
  0x00, 0x00, 0x00, 0x00, 0x00, 0x00, 0x00, 0x00, 0x00, 0x00, 0x00, 0x00,
  0x00, 0x00, 0x00, 0x00, 0x00, 0x00, 0x00, 0x00, 0x00, 0x00, 0x00, 0x00,
  0x00, 0x00, 0x00, 0x00, 0x00, 0x00, 0xa6, 0xf5, 0xff, 0xa6, 0xf5, 0xff,
  0xa6, 0xf5, 0xff, 0xa6, 0xf5, 0xff, 0xa6, 0xf5, 0xff, 0xa6, 0xf5, 0xff,
  0xa6, 0xf5, 0xff, 0xa6, 0xf5, 0xff, 0xa6, 0xf5, 0xff, 0xa6, 0xf5, 0xff,
  0xa6, 0xf5, 0xff, 0xa6, 0xf5, 0xff, 0xa6, 0xf5, 0xff, 0xa6, 0xf5, 0xff,
  0xa6, 0xf5, 0xff, 0xa6, 0xf5, 0xff, 0xa6, 0xf5, 0xff, 0xa6, 0xf5, 0xff,
  0xa6, 0xf5, 0xff, 0xa6, 0xf5, 0xff, 0xa6, 0xf5, 0xff, 0xa6, 0xf5, 0xff,
  0xa6, 0xf5, 0xff, 0xa6, 0xf5, 0xff, 0xa6, 0xf5, 0xff, 0xa6, 0xf5, 0xff,
  0xa6, 0xf5, 0xff, 0xa6, 0xf5, 0xff, 0xa6, 0xf5, 0xff, 0xa6, 0xf5, 0xff,
  0xa6, 0xf5, 0xff, 0xa6, 0xf5, 0xff, 0xa6, 0xf5, 0xff, 0xa6, 0xf5, 0xff,
  0xa6, 0xf5, 0xff, 0xa6, 0xf5, 0xff, 0xa6, 0xf5, 0xff, 0xa6, 0xf5, 0xff,
  0xa6, 0xf5, 0xff, 0xa6, 0xf5, 0xff, 0xa6, 0xf5, 0xff, 0xa6, 0xf5, 0xff,
  0xa6, 0xf5, 0xff, 0xa6, 0xf5, 0xff, 0xa6, 0xf5, 0xff, 0xa6, 0xf5, 0xff,
  0xa6, 0xf5, 0xff, 0xa6, 0xf5, 0xff, 0xa6, 0xf5, 0xff, 0xa6, 0xf5, 0xff,
  0xa6, 0xf5, 0xff, 0xa6, 0xf5, 0xff, 0xa6, 0xf5, 0xff, 0xa6, 0xf5, 0xff,
  0xa6, 0xf5, 0xff, 0xa6, 0xf5, 0xff, 0xa6, 0xf5, 0xff, 0xa6, 0xf5, 0xff,
  0xa6, 0xf5, 0xff, 0xa6, 0xf5, 0xff, 0xa6, 0xf5, 0xff, 0xa6, 0xf5, 0xff,
  0xa6, 0xf5, 0xff, 0xa6, 0xf5, 0xff, 0xa6, 0xf5, 0xff, 0xa6, 0xf5, 0xff,
  0xa6, 0xf5, 0xff, 0xa6, 0xf5, 0xff, 0xa6, 0xf5, 0xff, 0xa6, 0xf5, 0xff,
  0xa6, 0xf5, 0xff, 0xa6, 0xf5, 0xff, 0xa6, 0xf5, 0xff, 0xa6, 0xf5, 0xff,
  0xa6, 0xf5, 0xff, 0xa6, 0xf5, 0xff, 0xa6, 0xf5, 0xff, 0xa6, 0xf5, 0xff,
  0xa6, 0xf5, 0xff, 0xa6, 0xf5, 0xff, 0xa6, 0xf5, 0xff, 0xa6, 0xf5, 0xff,
  0xa6, 0xf5, 0xff, 0xa6, 0xf5, 0xff, 0xa6, 0xf5, 0x3f, 0x00, 0x00, 0x00,
  0x00, 0x00, 0x00, 0x00, 0x00, 0x00, 0x00, 0x00, 0x00, 0x00, 0x00, 0x00,
  0x00, 0x00, 0x00, 0x00, 0x00, 0x00, 0x00, 0x00, 0x00, 0x00, 0x00, 0x00,
  0x00, 0x00, 0x00, 0x00, 0x00, 0x00, 0x00, 0x00, 0x00, 0x00, 0x00, 0x00,
  0x00, 0x00, 0x00, 0x00, 0x00, 0x00, 0x00, 0x00, 0x00, 0x00, 0x00, 0x00,
  0x00, 0x00, 0x00, 0x00, 0x00, 0x00, 0x00, 0x00, 0x00, 0x00, 0x00, 0x00,
  0x00, 0x00, 0x00, 0x00, 0x00, 0x00, 0x00, 0x00, 0x00, 0x00, 0x00, 0x00,
  0x00, 0x00, 0x00, 0x00, 0x00, 0x00, 0xa6, 0xf5, 0xff, 0xa6, 0xf5, 0xff,
  0xa6, 0xf5, 0xff, 0xa6, 0xf5, 0xff, 0xa6, 0xf5, 0xff, 0xa6, 0xf5, 0xff,
  0xa6, 0xf5, 0xff, 0xa6, 0xf5, 0xff, 0xa6, 0xf5, 0xff, 0xa6, 0xf5, 0xff,
  0xa6, 0xf5, 0xff, 0xa6, 0xf5, 0xff, 0xa6, 0xf5, 0xff, 0xa6, 0xf5, 0xff,
  0xa6, 0xf5, 0xff, 0xa6, 0xf5, 0xff, 0xa6, 0xf5, 0xff, 0xa6, 0xf5, 0xff,
  0xa6, 0xf5, 0xff, 0xa6, 0xf5, 0xff, 0xa6, 0xf5, 0xff, 0xa6, 0xf5, 0xff,
  0xa6, 0xf5, 0xff, 0xa6, 0xf5, 0xff, 0xa6, 0xf5, 0xff, 0xa6, 0xf5, 0xff,
  0xa6, 0xf5, 0xff, 0xa6, 0xf5, 0xff, 0xa6, 0xf5, 0xff, 0xa6, 0xf5, 0xff,
  0xa6, 0xf5, 0xff, 0xa6, 0xf5, 0xff, 0xa6, 0xf5, 0xff, 0xa6, 0xf5, 0xff,
  0xa6, 0xf5, 0xff, 0xa6, 0xf5, 0xff, 0xa6, 0xf5, 0xff, 0xa6, 0xf5, 0xff,
  0xa6, 0xf5, 0xff, 0xa6, 0xf5, 0xff, 0xa6, 0xf5, 0xff, 0xa6, 0xf5, 0xff,
  0xa6, 0xf5, 0xff, 0xa6, 0xf5, 0xff, 0xa6, 0xf5, 0xff, 0xa6, 0xf5, 0xff,
  0xa6, 0xf5, 0xff, 0xa6, 0xf5, 0xff, 0xa6, 0xf5, 0xff, 0xa6, 0xf5, 0xff,
  0xa6, 0xf5, 0xff, 0xa6, 0xf5, 0xff, 0xa6, 0xf5, 0xff, 0xa6, 0xf5, 0xff,
  0xa6, 0xf5, 0xff, 0xa6, 0xf5, 0xff, 0xa6, 0xf5, 0xff, 0xa6, 0xf5, 0xff,
  0xa6, 0xf5, 0xff, 0xa6, 0xf5, 0xff, 0xa6, 0xf5, 0xff, 0xa6, 0xf5, 0xff,
  0xa6, 0xf5, 0xff, 0xa6, 0xf5, 0xff, 0xa6, 0xf5, 0xff, 0xa6, 0xf5, 0xff,
  0xa6, 0xf5, 0xff, 0xa6, 0xf5, 0xff, 0xa6, 0xf5, 0xff, 0xa6, 0xf5, 0xff,
  0xa6, 0xf5, 0xff, 0xa6, 0xf5, 0xff, 0xa6, 0xf5, 0xff, 0xa6, 0xf5, 0xff,
  0xa6, 0xf5, 0xff, 0xa6, 0xf5, 0xff, 0xa6, 0xf5, 0xff, 0xa6, 0xf5, 0xff,
  0xa6, 0xf5, 0xff, 0xa6, 0xf5, 0xff, 0xa6, 0xf5, 0xff, 0xa6, 0xf5, 0xff,
  0xa6, 0xf5, 0xff, 0xa6, 0xf5, 0xff, 0xa6, 0xf5, 0x3f, 0x00, 0x00, 0x00,
  0x00, 0x00, 0x00, 0x00, 0x00, 0x00, 0x00, 0x00, 0x00, 0x00, 0x00, 0x00,
  0x00, 0x00, 0x00, 0x00, 0x00, 0x00, 0x00, 0x00, 0x00, 0x00, 0x00, 0x00,
  0x00, 0x00, 0x00, 0x00, 0x00, 0x00, 0x00, 0x00, 0x00, 0x00, 0x00, 0x00,
  0x00, 0x00, 0x00, 0x00, 0x00, 0x00, 0x00, 0x00, 0x00, 0x00, 0x00, 0x00,
  0x00, 0x00, 0x00, 0x00, 0x00, 0x00, 0x00, 0x00, 0x00, 0x00, 0x00, 0x00,
  0x00, 0x00, 0x00, 0x00, 0x00, 0x00, 0x00, 0x00, 0x00, 0x00, 0x00, 0x00,
  0x00, 0x00, 0x00, 0x00, 0x00, 0x00, 0xa6, 0xf5, 0xff, 0xa6, 0xf5, 0xff,
  0xa6, 0xf5, 0xff, 0xa6, 0xf5, 0xff, 0xa6, 0xf5, 0xff, 0xa6, 0xf5, 0xff,
  0xa6, 0xf5, 0xff, 0xa6, 0xf5, 0xff, 0xa6, 0xf5, 0xff, 0xa6, 0xf5, 0xff,
  0xa6, 0xf5, 0xff, 0xa6, 0xf5, 0xff, 0xa6, 0xf5, 0xff, 0xa6, 0xf5, 0xff,
  0xa6, 0xf5, 0xff, 0xa6, 0xf5, 0xff, 0xa6, 0xf5, 0xff, 0xa6, 0xf5, 0xff,
  0xa6, 0xf5, 0xff, 0xa6, 0xf5, 0xff, 0xa6, 0xf5, 0xff, 0xa6, 0xf5, 0xff,
  0xa6, 0xf5, 0xff, 0xa6, 0xf5, 0xff, 0xa6, 0xf5, 0xff, 0xa6, 0xf5, 0xff,
  0xa6, 0xf5, 0xff, 0xa6, 0xf5, 0xff, 0xa6, 0xf5, 0xff, 0xa6, 0xf5, 0xff,
  0xa6, 0xf5, 0xff, 0xa6, 0xf5, 0xff, 0xa6, 0xf5, 0xff, 0xa6, 0xf5, 0xff,
  0xa6, 0xf5, 0xff, 0xa6, 0xf5, 0xff, 0xa6, 0xf5, 0xff, 0xa6, 0xf5, 0xff,
  0xa6, 0xf5, 0xff, 0xa6, 0xf5, 0xff, 0xa6, 0xf5, 0xff, 0xa6, 0xf5, 0xff,
  0xa6, 0xf5, 0xff, 0xa6, 0xf5, 0xff, 0xa6, 0xf5, 0xff, 0xa6, 0xf5, 0xff,
  0xa6, 0xf5, 0xff, 0xa6, 0xf5, 0xff, 0xa6, 0xf5, 0xff, 0xa6, 0xf5, 0xff,
  0xa6, 0xf5, 0xff, 0xa6, 0xf5, 0xff, 0xa6, 0xf5, 0xff, 0xa6, 0xf5, 0xff,
  0xa6, 0xf5, 0xff, 0xa6, 0xf5, 0xff, 0xa6, 0xf5, 0xff, 0xa6, 0xf5, 0xff,
  0xa6, 0xf5, 0xff, 0xa6, 0xf5, 0xff, 0xa6, 0xf5, 0xff, 0xa6, 0xf5, 0xff,
  0xa6, 0xf5, 0xff, 0xa6, 0xf5, 0xff, 0xa6, 0xf5, 0xff, 0xa6, 0xf5, 0xff,
  0xa6, 0xf5, 0xff, 0xa6, 0xf5, 0xff, 0xa6, 0xf5, 0xff, 0xa6, 0xf5, 0xff,
  0xa6, 0xf5, 0xff, 0xa6, 0xf5, 0xff, 0xa6, 0xf5, 0xff, 0xa6, 0xf5, 0xff,
  0xa6, 0xf5, 0xff, 0xa6, 0xf5, 0xff, 0xa6, 0xf5, 0xff, 0xa6, 0xf5, 0xff,
  0xa6, 0xf5, 0xff, 0xa6, 0xf5, 0xff, 0xa6, 0xf5, 0xff, 0xa6, 0xf5, 0xff,
  0xa6, 0xf5, 0xff, 0xa6, 0xf5, 0xff, 0xa6, 0xf5, 0x3f, 0x00, 0x00, 0x00,
  0x00, 0x00, 0x00, 0x00, 0x00, 0x00, 0x00, 0x00, 0x00, 0x00, 0x00, 0x00,
  0x00, 0x00, 0x00, 0x00, 0x00, 0x00, 0x00, 0x00, 0x00, 0x00, 0x00, 0x00,
  0x00, 0x00, 0x00, 0x00, 0x00, 0x00, 0x00, 0x00, 0x00, 0x00, 0x00, 0x00,
  0x00, 0x00, 0x00, 0x00, 0x00, 0x00, 0x00, 0x00, 0x00, 0x00, 0x00, 0x00,
  0x00, 0x00, 0x00, 0x00, 0x00, 0x00, 0x00, 0x00, 0x00, 0x00, 0x00, 0x00,
  0x00, 0x00, 0x00, 0x00, 0x00, 0x00, 0x00, 0x00, 0x00, 0x00, 0x00, 0x00,
  0x00, 0x00, 0x00, 0x00, 0x00, 0x00, 0xa6, 0xf5, 0xff, 0xa6, 0xf5, 0xff,
  0xa6, 0xf5, 0xff, 0xa6, 0xf5, 0xff, 0xa6, 0xf5, 0xff, 0xa6, 0xf5, 0xff,
  0xa6, 0xf5, 0xff, 0xa6, 0xf5, 0xff, 0xa6, 0xf5, 0xff, 0xa6, 0xf5, 0xff,
  0xa6, 0xf5, 0xff, 0xa6, 0xf5, 0xff, 0xa6, 0xf5, 0xff, 0xa6, 0xf5, 0xff,
  0xa6, 0xf5, 0xff, 0xa6, 0xf5, 0xff, 0xa6, 0xf5, 0xff, 0xa6, 0xf5, 0xff,
  0xa6, 0xf5, 0xff, 0xa6, 0xf5, 0xff, 0xa6, 0xf5, 0xff, 0xa6, 0xf5, 0xff,
  0xa6, 0xf5, 0xff, 0xa6, 0xf5, 0xff, 0xa6, 0xf5, 0xff, 0xa6, 0xf5, 0xff,
  0xa6, 0xf5, 0xff, 0xa6, 0xf5, 0xff, 0xa6, 0xf5, 0xff, 0xa6, 0xf5, 0xff,
  0xa6, 0xf5, 0xff, 0xa6, 0xf5, 0xff, 0xa6, 0xf5, 0xff, 0xa6, 0xf5, 0xff,
  0xa6, 0xf5, 0xff, 0xa6, 0xf5, 0xff, 0xa6, 0xf5, 0xff, 0xa6, 0xf5, 0xff,
  0xa6, 0xf5, 0xff, 0xa6, 0xf5, 0xff, 0xa6, 0xf5, 0xff, 0xa6, 0xf5, 0xff,
  0xa6, 0xf5, 0xff, 0xa6, 0xf5, 0xff, 0xa6, 0xf5, 0xff, 0xa6, 0xf5, 0xff,
  0xa6, 0xf5, 0xff, 0xa6, 0xf5, 0xff, 0xa6, 0xf5, 0xff, 0xa6, 0xf5, 0xff,
  0xa6, 0xf5, 0xff, 0xa6, 0xf5, 0xff, 0xa6, 0xf5, 0xff, 0xa6, 0xf5, 0xff,
  0xa6, 0xf5, 0xff, 0xa6, 0xf5, 0xff, 0xa6, 0xf5, 0xff, 0xa6, 0xf5, 0xff,
  0xa6, 0xf5, 0xff, 0xa6, 0xf5, 0xff, 0xa6, 0xf5, 0xff, 0xa6, 0xf5, 0xff,
  0xa6, 0xf5, 0xff, 0xa6, 0xf5, 0xff, 0xa6, 0xf5, 0xff, 0xa6, 0xf5, 0xff,
  0xa6, 0xf5, 0xff, 0xa6, 0xf5, 0xff, 0xa6, 0xf5, 0xff, 0xa6, 0xf5, 0xff,
  0xa6, 0xf5, 0xff, 0xa6, 0xf5, 0xff, 0xa6, 0xf5, 0xff, 0xa6, 0xf5, 0xff,
  0xa6, 0xf5, 0xff, 0xa6, 0xf5, 0xff, 0xa6, 0xf5, 0xff, 0xa6, 0xf5, 0xff,
  0xa6, 0xf5, 0xff, 0xa6, 0xf5, 0xff, 0xa6, 0xf5, 0xff, 0xa6, 0xf5, 0xff,
  0xa6, 0xf5, 0xff, 0xa6, 0xf5, 0xff, 0xa6, 0xf5, 0x3f, 0x00, 0x00, 0x00,
  0x00, 0x00, 0x00, 0x00, 0x00, 0x00, 0x00, 0x00, 0x00, 0x00, 0x00, 0x00,
  0x00, 0x00, 0x00, 0x00, 0x00, 0x00, 0x00, 0x00, 0x00, 0x00, 0x00, 0x00,
  0x00, 0x00, 0x00, 0x00, 0x00, 0x00, 0x00, 0x00, 0x00, 0x00, 0x00, 0x00,
  0x00, 0x00, 0x00, 0x00, 0x00, 0x00, 0x00, 0x00, 0x00, 0x00, 0x00, 0x00,
  0x00, 0x00, 0x00, 0x00, 0x00, 0x00, 0x00, 0x00, 0x00, 0x00, 0x00, 0x00,
  0x00, 0x00, 0x00, 0x00, 0x00, 0x00, 0x00, 0x00, 0x00, 0x00, 0x00, 0x00,
  0x00, 0x00, 0x00, 0x00, 0x00, 0x00, 0xa6, 0xf5, 0xff, 0xa6, 0xf5, 0xff,
  0xa6, 0xf5, 0xff, 0xa6, 0xf5, 0xff, 0xa6, 0xf5, 0xff, 0xa6, 0xf5, 0xff,
  0xa6, 0xf5, 0xff, 0xa6, 0xf5, 0xff, 0xa6, 0xf5, 0xff, 0xa6, 0xf5, 0xff,
  0xa6, 0xf5, 0xff, 0xa6, 0xf5, 0xff, 0xa6, 0xf5, 0xff, 0xa6, 0xf5, 0xff,
  0xa6, 0xf5, 0xff, 0xa6, 0xf5, 0xff, 0xa6, 0xf5, 0xff, 0xa6, 0xf5, 0xff,
  0xa6, 0xf5, 0xff, 0xa6, 0xf5, 0xff, 0xa6, 0xf5, 0xff, 0xa6, 0xf5, 0xff,
  0xa6, 0xf5, 0xff, 0xa6, 0xf5, 0xff, 0xa6, 0xf5, 0xff, 0xa6, 0xf5, 0xff,
  0xa6, 0xf5, 0xff, 0xa6, 0xf5, 0xff, 0xa6, 0xf5, 0xff, 0xa6, 0xf5, 0xff,
  0xa6, 0xf5, 0xff, 0xa6, 0xf5, 0xff, 0xa6, 0xf5, 0xff, 0xa6, 0xf5, 0xff,
  0xa6, 0xf5, 0xff, 0xa6, 0xf5, 0xff, 0xa6, 0xf5, 0xff, 0xa6, 0xf5, 0xff,
  0xa6, 0xf5, 0xff, 0xa6, 0xf5, 0xff, 0xa6, 0xf5, 0xff, 0xa6, 0xf5, 0xff,
  0xa6, 0xf5, 0xff, 0xa6, 0xf5, 0xff, 0xa6, 0xf5, 0xff, 0xa6, 0xf5, 0xff,
  0xa6, 0xf5, 0xff, 0xa6, 0xf5, 0xff, 0xa6, 0xf5, 0xff, 0xa6, 0xf5, 0xff,
  0xa6, 0xf5, 0xff, 0xa6, 0xf5, 0xff, 0xa6, 0xf5, 0xff, 0xa6, 0xf5, 0xff,
  0xa6, 0xf5, 0xff, 0xa6, 0xf5, 0xff, 0xa6, 0xf5, 0xff, 0xa6, 0xf5, 0xff,
  0xa6, 0xf5, 0xff, 0xa6, 0xf5, 0xff, 0xa6, 0xf5, 0xff, 0xa6, 0xf5, 0xff,
  0xa6, 0xf5, 0xff, 0xa6, 0xf5, 0xff, 0xa6, 0xf5, 0xff, 0xa6, 0xf5, 0xff,
  0xa6, 0xf5, 0xff, 0xa6, 0xf5, 0xff, 0xa6, 0xf5, 0xff, 0xa6, 0xf5, 0xff,
  0xa6, 0xf5, 0xff, 0xa6, 0xf5, 0xff, 0xa6, 0xf5, 0xff, 0xa6, 0xf5, 0xff,
  0xa6, 0xf5, 0xff, 0xa6, 0xf5, 0xff, 0xa6, 0xf5, 0xff, 0xa6, 0xf5, 0xff,
  0xa6, 0xf5, 0xff, 0xa6, 0xf5, 0xff, 0xa6, 0xf5, 0xff, 0xa6, 0xf5, 0xff,
  0xa6, 0xf5, 0xff, 0xa6, 0xf5, 0xff, 0xa6, 0xf5, 0x3f, 0x00, 0x00, 0x00,
  0x00, 0x00, 0x00, 0x00, 0x00, 0x00, 0x00, 0x00, 0x00, 0x00, 0x00, 0x00,
  0x00, 0x00, 0x00, 0x00, 0x00, 0x00, 0x00, 0x00, 0x00, 0x00, 0x00, 0x00,
  0x00, 0x00, 0x00, 0x00, 0x00, 0x00, 0x00, 0x00, 0x00, 0x00, 0x00, 0x00,
  0x00, 0x00, 0x00, 0x00, 0x00, 0x00, 0x00, 0x00, 0x00, 0x00, 0x00, 0x00,
  0x00, 0x00, 0x00, 0x00, 0x00, 0x00, 0x00, 0x00, 0x00, 0x00, 0x00, 0x00,
  0x00, 0x00, 0x00, 0x00, 0x00, 0x00, 0x00, 0x00, 0x00, 0x00, 0x00, 0x00,
  0x00, 0x00, 0x00, 0x00, 0x00, 0x00, 0xa6, 0xf5, 0xff, 0xa6, 0xf5, 0xff,
  0xa6, 0xf5, 0xff, 0xa6, 0xf5, 0xff, 0xa6, 0xf5, 0xff, 0xa6, 0xf5, 0xff,
  0xa6, 0xf5, 0xff, 0xa6, 0xf5, 0xff, 0xa6, 0xf5, 0xff, 0xa6, 0xf5, 0xff,
  0xa6, 0xf5, 0xff, 0xa6, 0xf5, 0xff, 0xa6, 0xf5, 0xff, 0xa6, 0xf5, 0xff,
  0xa6, 0xf5, 0xff, 0xa6, 0xf5, 0xff, 0xa6, 0xf5, 0xff, 0xa6, 0xf5, 0xff,
  0xa6, 0xf5, 0xff, 0xa6, 0xf5, 0xff, 0xa6, 0xf5, 0xff, 0xa6, 0xf5, 0xff,
  0xa6, 0xf5, 0xff, 0xa6, 0xf5, 0xff, 0xa6, 0xf5, 0xff, 0xa6, 0xf5, 0xff,
  0xa6, 0xf5, 0xff, 0xa6, 0xf5, 0xff, 0xa6, 0xf5, 0xff, 0xa6, 0xf5, 0xff,
  0xa6, 0xf5, 0xff, 0xa6, 0xf5, 0xff, 0xa6, 0xf5, 0xff, 0xa6, 0xf5, 0xff,
  0xa6, 0xf5, 0xff, 0xa6, 0xf5, 0xff, 0xa6, 0xf5, 0xff, 0xa6, 0xf5, 0xff,
  0xa6, 0xf5, 0xff, 0xa6, 0xf5, 0xff, 0xa6, 0xf5, 0xff, 0xa6, 0xf5, 0xff,
  0xa6, 0xf5, 0xff, 0xa6, 0xf5, 0xff, 0xa6, 0xf5, 0xff, 0xa6, 0xf5, 0xff,
  0xa6, 0xf5, 0xff, 0xa6, 0xf5, 0xff, 0xa6, 0xf5, 0xff, 0xa6, 0xf5, 0xff,
  0xa6, 0xf5, 0xff, 0xa6, 0xf5, 0xff, 0xa6, 0xf5, 0xff, 0xa6, 0xf5, 0xff,
  0xa6, 0xf5, 0xff, 0xa6, 0xf5, 0xff, 0xa6, 0xf5, 0xff, 0xa6, 0xf5, 0xff,
  0xa6, 0xf5, 0xff, 0xa6, 0xf5, 0xff, 0xa6, 0xf5, 0xff, 0xa6, 0xf5, 0xff,
  0xa6, 0xf5, 0xff, 0xa6, 0xf5, 0xff, 0xa6, 0xf5, 0xff, 0xa6, 0xf5, 0xff,
  0xa6, 0xf5, 0xff, 0xa6, 0xf5, 0xff, 0xa6, 0xf5, 0xff, 0xa6, 0xf5, 0xff,
  0xa6, 0xf5, 0xff, 0xa6, 0xf5, 0xff, 0xa6, 0xf5, 0xff, 0xa6, 0xf5, 0xff,
  0xa6, 0xf5, 0xff, 0xa6, 0xf5, 0xff, 0xa6, 0xf5, 0xff, 0xa6, 0xf5, 0xff,
  0xa6, 0xf5, 0xff, 0xa6, 0xf5, 0xff, 0xa6, 0xf5, 0xff, 0xa6, 0xf5, 0xff,
  0xa6, 0xf5, 0xff, 0xa6, 0xf5, 0xff, 0xa6, 0xf5, 0x3f, 0x00, 0x00, 0x00,
  0x00, 0x00, 0x00, 0x00, 0x00, 0x00, 0x00, 0x00, 0x00, 0x00, 0x00, 0x00,
  0x00, 0x00, 0x00, 0x00, 0x00, 0x00, 0x00, 0x00, 0x00, 0x00, 0x00, 0x00,
  0x00, 0x00, 0x00, 0x00, 0x00, 0x00, 0x00, 0x00, 0x00, 0x00, 0x00, 0x00,
  0x00, 0x00, 0x00, 0x00, 0x00, 0x00, 0x00, 0x00, 0x00, 0x00, 0x00, 0x00,
  0x00, 0x00, 0x00, 0x00, 0x00, 0x00, 0x00, 0x00, 0x00, 0x00, 0x00, 0x00,
  0x00, 0x00, 0x00, 0x00, 0x00, 0x00, 0x00, 0x00, 0x00, 0x00, 0x00, 0x00,
  0x00, 0x00, 0x00, 0x00, 0x00, 0x00, 0xa6, 0xf5, 0xff, 0xa6, 0xf5, 0xff,
  0xa6, 0xf5, 0xff, 0xa6, 0xf5, 0xff, 0xa6, 0xf5, 0xff, 0xa6, 0xf5, 0xff,
  0xa6, 0xf5, 0xff, 0xa6, 0xf5, 0xff, 0xa6, 0xf5, 0xff, 0xa6, 0xf5, 0xff,
  0xa6, 0xf5, 0xff, 0xa6, 0xf5, 0xff, 0xa6, 0xf5, 0xff, 0xa6, 0xf5, 0xff,
  0xa6, 0xf5, 0xff, 0xa6, 0xf5, 0xff, 0xa6, 0xf5, 0xff, 0xa6, 0xf5, 0xff,
  0xa6, 0xf5, 0xff, 0xa6, 0xf5, 0xff, 0xa6, 0xf5, 0xff, 0xa6, 0xf5, 0xff,
  0xa6, 0xf5, 0xff, 0xa6, 0xf5, 0xff, 0xa6, 0xf5, 0xff, 0xa6, 0xf5, 0xff,
  0xa6, 0xf5, 0xff, 0xa6, 0xf5, 0xff, 0xa6, 0xf5, 0xff, 0xa6, 0xf5, 0xff,
  0xa6, 0xf5, 0xff, 0xa6, 0xf5, 0xff, 0xa6, 0xf5, 0xff, 0xa6, 0xf5, 0xff,
  0xa6, 0xf5, 0xff, 0xa6, 0xf5, 0xff, 0xa6, 0xf5, 0xff, 0xa6, 0xf5, 0xff,
  0xa6, 0xf5, 0xff, 0xa6, 0xf5, 0xff, 0xa6, 0xf5, 0xff, 0xa6, 0xf5, 0xff,
  0xa6, 0xf5, 0xff, 0xa6, 0xf5, 0xff, 0xa6, 0xf5, 0xff, 0xa6, 0xf5, 0xff,
  0xa6, 0xf5, 0xff, 0xa6, 0xf5, 0xff, 0xa6, 0xf5, 0xff, 0xa6, 0xf5, 0xff,
  0xa6, 0xf5, 0xff, 0xa6, 0xf5, 0xff, 0xa6, 0xf5, 0xff, 0xa6, 0xf5, 0xff,
  0xa6, 0xf5, 0xff, 0xa6, 0xf5, 0xff, 0xa6, 0xf5, 0xff, 0xa6, 0xf5, 0xff,
  0xa6, 0xf5, 0xff, 0xa6, 0xf5, 0xff, 0xa6, 0xf5, 0xff, 0xa6, 0xf5, 0xff,
  0xa6, 0xf5, 0xff, 0xa6, 0xf5, 0xff, 0xa6, 0xf5, 0xff, 0xa6, 0xf5, 0xff,
  0xa6, 0xf5, 0xff, 0xa6, 0xf5, 0xff, 0xa6, 0xf5, 0xff, 0xa6, 0xf5, 0xff,
  0xa6, 0xf5, 0xff, 0xa6, 0xf5, 0xff, 0xa6, 0xf5, 0xff, 0xa6, 0xf5, 0xff,
  0xa6, 0xf5, 0xff, 0xa6, 0xf5, 0xff, 0xa6, 0xf5, 0xff, 0xa6, 0xf5, 0xff,
  0xa6, 0xf5, 0xff, 0xa6, 0xf5, 0xff, 0xa6, 0xf5, 0xff, 0xa6, 0xf5, 0xff,
  0xa6, 0xf5, 0xff, 0xa6, 0xf5, 0xff, 0xa6, 0xf5, 0x3f, 0x00, 0x00, 0x00,
  0x00, 0x00, 0x00, 0x00, 0x00, 0x00, 0x00, 0x00, 0x00, 0x00, 0x00, 0x00,
  0x00, 0x00, 0x00, 0x00, 0x00, 0x00, 0x00, 0x00, 0x00, 0x00, 0x00, 0x00,
  0x00, 0x00, 0x00, 0x00, 0x00, 0x00, 0x00, 0x00, 0x00, 0x00, 0x00, 0x00,
  0x00, 0x00, 0x00, 0x00, 0x00, 0x00, 0x00, 0x00, 0x00, 0x00, 0x00, 0x00,
  0x00, 0x00, 0x00, 0x00, 0x00, 0x00, 0x00, 0x00, 0x00, 0x00, 0x00, 0x00,
  0x00, 0x00, 0x00, 0x00, 0x00, 0x00, 0x00, 0x00, 0x00, 0x00, 0x00, 0x00,
  0x00, 0x00, 0x00, 0x00, 0x00, 0x00, 0xa6, 0xf5, 0xff, 0xa6, 0xf5, 0xff,
  0xa6, 0xf5, 0xff, 0xa6, 0xf5, 0xff, 0xa6, 0xf5, 0xff, 0xa6, 0xf5, 0xff,
  0xa6, 0xf5, 0xff, 0xa6, 0xf5, 0xff, 0xa6, 0xf5, 0xff, 0xa6, 0xf5, 0xff,
  0xa6, 0xf5, 0xff, 0xa6, 0xf5, 0xff, 0xa6, 0xf5, 0xff, 0xa6, 0xf5, 0xff,
  0xa6, 0xf5, 0xff, 0xa6, 0xf5, 0xff, 0xa6, 0xf5, 0xff, 0xa6, 0xf5, 0xff,
  0xa6, 0xf5, 0xff, 0xa6, 0xf5, 0xff, 0xa6, 0xf5, 0xff, 0xa6, 0xf5, 0xff,
  0xa6, 0xf5, 0xff, 0xa6, 0xf5, 0xff, 0xa6, 0xf5, 0xff, 0xa6, 0xf5, 0xff,
  0xa6, 0xf5, 0xff, 0xa6, 0xf5, 0xff, 0xa6, 0xf5, 0xff, 0xa6, 0xf5, 0xff,
  0xa6, 0xf5, 0xff, 0xa6, 0xf5, 0xff, 0xa6, 0xf5, 0xff, 0xa6, 0xf5, 0xff,
  0xa6, 0xf5, 0xff, 0xa6, 0xf5, 0xff, 0xa6, 0xf5, 0xff, 0xa6, 0xf5, 0xff,
  0xa6, 0xf5, 0xff, 0xa6, 0xf5, 0xff, 0xa6, 0xf5, 0xff, 0xa6, 0xf5, 0xff,
  0xa6, 0xf5, 0xff, 0xa6, 0xf5, 0xff, 0xa6, 0xf5, 0xff, 0xa6, 0xf5, 0xff,
  0xa6, 0xf5, 0xff, 0xa6, 0xf5, 0xff, 0xa6, 0xf5, 0xff, 0xa6, 0xf5, 0xff,
  0xa6, 0xf5, 0xff, 0xa6, 0xf5, 0xff, 0xa6, 0xf5, 0xff, 0xa6, 0xf5, 0xff,
  0xa6, 0xf5, 0xff, 0xa6, 0xf5, 0xff, 0xa6, 0xf5, 0xff, 0xa6, 0xf5, 0xff,
  0xa6, 0xf5, 0xff, 0xa6, 0xf5, 0xff, 0xa6, 0xf5, 0xff, 0xa6, 0xf5, 0xff,
  0xa6, 0xf5, 0xff, 0xa6, 0xf5, 0xff, 0xa6, 0xf5, 0xff, 0xa6, 0xf5, 0xff,
  0xa6, 0xf5, 0xff, 0xa6, 0xf5, 0xff, 0xa6, 0xf5, 0xff, 0xa6, 0xf5, 0xff,
  0xa6, 0xf5, 0xff, 0xa6, 0xf5, 0xff, 0xa6, 0xf5, 0xff, 0xa6, 0xf5, 0xff,
  0xa6, 0xf5, 0xff, 0xa6, 0xf5, 0xff, 0xa6, 0xf5, 0xff, 0xa6, 0xf5, 0xff,
  0xa6, 0xf5, 0xff, 0xa6, 0xf5, 0xff, 0xa6, 0xf5, 0xff, 0xa6, 0xf5, 0xff,
  0xa6, 0xf5, 0xff, 0xa6, 0xf5, 0xff, 0xa6, 0xf5, 0x3f, 0x00, 0x00, 0x00,
  0x00, 0x00, 0x00, 0x00, 0x00, 0x00, 0x00, 0x00, 0x00, 0x00, 0x00, 0x00,
  0x00, 0x00, 0x00, 0x00, 0x00, 0x00, 0x00, 0x00, 0x00, 0x00, 0x00, 0x00,
  0x00, 0x00, 0x00, 0x00, 0x00, 0x00, 0x00, 0x00, 0x00, 0x00, 0x00, 0x00,
  0x00, 0x00, 0x00, 0x00, 0x00, 0x00, 0x00, 0x00, 0x00, 0x00, 0x00, 0x00,
  0x00, 0x00, 0x00, 0x00, 0x00, 0x00, 0x00, 0x00, 0x00, 0x00, 0x00, 0x00,
  0x00, 0x00, 0x00, 0x00, 0x00, 0x00, 0x00, 0x00, 0x00, 0x00, 0x00, 0x00,
  0x00, 0x00, 0x00, 0x00, 0x00, 0x00, 0xa6, 0xf5, 0xff, 0xa6, 0xf5, 0xff,
  0xa6, 0xf5, 0xff, 0xa6, 0xf5, 0xff, 0xa6, 0xf5, 0xff, 0xa6, 0xf5, 0xff,
  0xa6, 0xf5, 0xff, 0xa6, 0xf5, 0xff, 0xa6, 0xf5, 0xff, 0xa6, 0xf5, 0xff,
  0xa6, 0xf5, 0xff, 0xa6, 0xf5, 0xff, 0xa6, 0xf5, 0xff, 0xa6, 0xf5, 0xff,
  0xa6, 0xf5, 0xff, 0xa6, 0xf5, 0xff, 0xa6, 0xf5, 0xff, 0xa6, 0xf5, 0xff,
  0xa6, 0xf5, 0xff, 0xa6, 0xf5, 0xff, 0xa6, 0xf5, 0xff, 0xa6, 0xf5, 0xff,
  0xa6, 0xf5, 0xff, 0xa6, 0xf5, 0xff, 0xa6, 0xf5, 0xff, 0xa6, 0xf5, 0xff,
  0xa6, 0xf5, 0xff, 0xa6, 0xf5, 0xff, 0xa6, 0xf5, 0xff, 0xa6, 0xf5, 0xff,
  0xa6, 0xf5, 0xff, 0xa6, 0xf5, 0xff, 0xa6, 0xf5, 0xff, 0xa6, 0xf5, 0xff,
  0xa6, 0xf5, 0xff, 0xa6, 0xf5, 0xff, 0xa6, 0xf5, 0xff, 0xa6, 0xf5, 0xff,
  0xa6, 0xf5, 0xff, 0xa6, 0xf5, 0xff, 0xa6, 0xf5, 0xff, 0xa6, 0xf5, 0xff,
  0xa6, 0xf5, 0xff, 0xa6, 0xf5, 0xff, 0xa6, 0xf5, 0xff, 0xa6, 0xf5, 0xff,
  0xa6, 0xf5, 0xff, 0xa6, 0xf5, 0xff, 0xa6, 0xf5, 0xff, 0xa6, 0xf5, 0xff,
  0xa6, 0xf5, 0xff, 0xa6, 0xf5, 0xff, 0xa6, 0xf5, 0xff, 0xa6, 0xf5, 0xff,
  0xa6, 0xf5, 0xff, 0xa6, 0xf5, 0xff, 0xa6, 0xf5, 0xff, 0xa6, 0xf5, 0xff,
  0xa6, 0xf5, 0xff, 0xa6, 0xf5, 0xff, 0xa6, 0xf5, 0xff, 0xa6, 0xf5, 0xff,
  0xa6, 0xf5, 0xff, 0xa6, 0xf5, 0xff, 0xa6, 0xf5, 0xff, 0xa6, 0xf5, 0xff,
  0xa6, 0xf5, 0xff, 0xa6, 0xf5, 0xff, 0xa6, 0xf5, 0xff, 0xa6, 0xf5, 0xff,
  0xa6, 0xf5, 0xff, 0xa6, 0xf5, 0xff, 0xa6, 0xf5, 0xff, 0xa6, 0xf5, 0xff,
  0xa6, 0xf5, 0xff, 0xa6, 0xf5, 0xff, 0xa6, 0xf5, 0xff, 0xa6, 0xf5, 0xff,
  0xa6, 0xf5, 0xff, 0xa6, 0xf5, 0xff, 0xa6, 0xf5, 0xff, 0xa6, 0xf5, 0xff,
  0xa6, 0xf5, 0xff, 0xa6, 0xf5, 0xff, 0xa6, 0xf5, 0x3f, 0x00, 0x00, 0x00,
  0x00, 0x00, 0x00, 0x00, 0x00, 0x00, 0x00, 0x00, 0x00, 0x00, 0x00, 0x00,
  0x00, 0x00, 0x00, 0x00, 0x00, 0x00, 0x00, 0x00, 0x00, 0x00, 0x00, 0x00,
  0x00, 0x00, 0x00, 0x00, 0x00, 0x00, 0x00, 0x00, 0x00, 0x00, 0x00, 0x00,
  0x00, 0x00, 0x00, 0x00, 0x00, 0x00, 0x00, 0x00, 0x00, 0x00, 0x00, 0x00,
  0x00, 0x00, 0x00, 0x00, 0x00, 0x00, 0x00, 0x00, 0x00, 0x00, 0x00, 0x00,
  0x00, 0x00, 0x00, 0x00, 0x00, 0x00, 0x00, 0x00, 0x00, 0x00, 0x00, 0x00,
  0x00, 0x00, 0x00, 0x00, 0x00, 0x00, 0xa6, 0xf5, 0xcf, 0xa6, 0xf5, 0xff,
  0xa6, 0xf5, 0xff, 0xa6, 0xf5, 0xff, 0xa6, 0xf5, 0xff, 0xa6, 0xf5, 0xff,
  0xa6, 0xf5, 0xff, 0xa6, 0xf5, 0xff, 0xa6, 0xf5, 0xff, 0xa6, 0xf5, 0xff,
  0xa6, 0xf5, 0xff, 0xa6, 0xf5, 0xff, 0xa6, 0xf5, 0xff, 0xa6, 0xf5, 0xff,
  0xa6, 0xf5, 0xff, 0xa6, 0xf5, 0xff, 0xa6, 0xf5, 0xff, 0xa6, 0xf5, 0xff,
  0xa6, 0xf5, 0xff, 0xa6, 0xf5, 0xff, 0xa6, 0xf5, 0xff, 0xa6, 0xf5, 0xff,
  0xa6, 0xf5, 0xff, 0xa6, 0xf5, 0xff, 0xa6, 0xf5, 0xff, 0xa6, 0xf5, 0xff,
  0xa6, 0xf5, 0xff, 0xa6, 0xf5, 0xff, 0xa6, 0xf5, 0xff, 0xa6, 0xf5, 0xff,
  0xa6, 0xf5, 0xff, 0xa6, 0xf5, 0xff, 0xa6, 0xf5, 0xff, 0xa6, 0xf5, 0xff,
  0xa6, 0xf5, 0xff, 0xa6, 0xf5, 0xff, 0xa6, 0xf5, 0xff, 0xa6, 0xf5, 0xff,
  0xa6, 0xf5, 0xff, 0xa6, 0xf5, 0xff, 0xa6, 0xf5, 0xff, 0xa6, 0xf5, 0xff,
  0xa6, 0xf5, 0xff, 0xa6, 0xf5, 0xff, 0xa6, 0xf5, 0xff, 0xa6, 0xf5, 0xff,
  0xa6, 0xf5, 0xff, 0xa6, 0xf5, 0xff, 0xa6, 0xf5, 0xff, 0xa6, 0xf5, 0xff,
  0xa6, 0xf5, 0xff, 0xa6, 0xf5, 0xff, 0xa6, 0xf5, 0xff, 0xa6, 0xf5, 0xff,
  0xa6, 0xf5, 0xff, 0xa6, 0xf5, 0xff, 0xa6, 0xf5, 0xff, 0xa6, 0xf5, 0xff,
  0xa6, 0xf5, 0xff, 0xa6, 0xf5, 0xff, 0xa6, 0xf5, 0xff, 0xa6, 0xf5, 0xff,
  0xa6, 0xf5, 0xff, 0xa6, 0xf5, 0xff, 0xa6, 0xf5, 0xff, 0xa6, 0xf5, 0xff,
  0xa6, 0xf5, 0xff, 0xa6, 0xf5, 0xff, 0xa6, 0xf5, 0xff, 0xa6, 0xf5, 0xff,
  0xa6, 0xf5, 0xff, 0xa6, 0xf5, 0xff, 0xa6, 0xf5, 0xff, 0xa6, 0xf5, 0xff,
  0xa6, 0xf5, 0xff, 0xa6, 0xf5, 0xff, 0xa6, 0xf5, 0xff, 0xa6, 0xf5, 0xff,
  0xa6, 0xf5, 0xff, 0xa6, 0xf5, 0xff, 0xa6, 0xf5, 0xff, 0xa6, 0xf5, 0xff,
  0xa6, 0xf5, 0xff, 0xa6, 0xf5, 0xff, 0xa6, 0xf5, 0x0f, 0x00, 0x00, 0x00,
  0x00, 0x00, 0x00, 0x00, 0x00, 0x00, 0x00, 0x00, 0x00, 0x00, 0x00, 0x00,
  0x00, 0x00, 0x00, 0x00, 0x00, 0x00, 0x00, 0x00, 0x00, 0x00, 0x00, 0x00,
  0x00, 0x00, 0x00, 0x00, 0x00, 0x00, 0x00, 0x00, 0x00, 0x00, 0x00, 0x00,
  0x00, 0x00, 0x00, 0x00, 0x00, 0x00, 0x00, 0x00, 0x00, 0x00, 0x00, 0x00,
  0x00, 0x00, 0x00, 0x00, 0x00, 0x00, 0x00, 0x00, 0x00, 0x00, 0x00, 0x00,
  0x00, 0x00, 0x00, 0x00, 0x00, 0x00, 0x00, 0x00, 0x00, 0x00, 0x00, 0x00,
  0x00, 0x00, 0x00, 0x00, 0x00, 0x00, 0xa6, 0xf5, 0xbf, 0xa6, 0xf5, 0xff,
  0xa6, 0xf5, 0xff, 0xa6, 0xf5, 0xff, 0xa6, 0xf5, 0xff, 0xa6, 0xf5, 0xff,
  0xa6, 0xf5, 0xff, 0xa6, 0xf5, 0xff, 0xa6, 0xf5, 0xff, 0xa6, 0xf5, 0xff,
  0xa6, 0xf5, 0xff, 0xa6, 0xf5, 0xff, 0xa6, 0xf5, 0xff, 0xa6, 0xf5, 0xff,
  0xa6, 0xf5, 0xff, 0xa6, 0xf5, 0xff, 0xa6, 0xf5, 0xff, 0xa6, 0xf5, 0xff,
  0xa6, 0xf5, 0xff, 0xa6, 0xf5, 0xff, 0xa6, 0xf5, 0xff, 0xa6, 0xf5, 0xff,
  0xa6, 0xf5, 0xff, 0xa6, 0xf5, 0xff, 0xa6, 0xf5, 0xff, 0xa6, 0xf5, 0xff,
  0xa6, 0xf5, 0xff, 0xa6, 0xf5, 0xff, 0xa6, 0xf5, 0xff, 0xa6, 0xf5, 0xff,
  0xa6, 0xf5, 0xff, 0xa6, 0xf5, 0xff, 0xa6, 0xf5, 0xff, 0xa6, 0xf5, 0xff,
  0xa6, 0xf5, 0xff, 0xa6, 0xf5, 0xff, 0xa6, 0xf5, 0xff, 0xa6, 0xf5, 0xff,
  0xa6, 0xf5, 0xff, 0xa6, 0xf5, 0xff, 0xa6, 0xf5, 0xff, 0xa6, 0xf5, 0xff,
  0xa6, 0xf5, 0xff, 0xa6, 0xf5, 0xff, 0xa6, 0xf5, 0xff, 0xa6, 0xf5, 0xff,
  0xa6, 0xf5, 0xff, 0xa6, 0xf5, 0xff, 0xa6, 0xf5, 0xff, 0xa6, 0xf5, 0xff,
  0xa6, 0xf5, 0xff, 0xa6, 0xf5, 0xff, 0xa6, 0xf5, 0xff, 0xa6, 0xf5, 0xff,
  0xa6, 0xf5, 0xff, 0xa6, 0xf5, 0xff, 0xa6, 0xf5, 0xff, 0xa6, 0xf5, 0xff,
  0xa6, 0xf5, 0xff, 0xa6, 0xf5, 0xff, 0xa6, 0xf5, 0xff, 0xa6, 0xf5, 0xff,
  0xa6, 0xf5, 0xff, 0xa6, 0xf5, 0xff, 0xa6, 0xf5, 0xff, 0xa6, 0xf5, 0xff,
  0xa6, 0xf5, 0xff, 0xa6, 0xf5, 0xff, 0xa6, 0xf5, 0xff, 0xa6, 0xf5, 0xff,
  0xa6, 0xf5, 0xff, 0xa6, 0xf5, 0xff, 0xa6, 0xf5, 0xff, 0xa6, 0xf5, 0xff,
  0xa6, 0xf5, 0xff, 0xa6, 0xf5, 0xff, 0xa6, 0xf5, 0xff, 0xa6, 0xf5, 0xff,
  0xa6, 0xf5, 0xff, 0xa6, 0xf5, 0xff, 0xa6, 0xf5, 0xff, 0xa6, 0xf5, 0xff,
  0xa6, 0xf5, 0xff, 0xa6, 0xf5, 0xff, 0x00, 0x00, 0x00, 0x00, 0x00, 0x00,
  0x00, 0x00, 0x00, 0x00, 0x00, 0x00, 0x00, 0x00, 0x00, 0x00, 0x00, 0x00,
  0x00, 0x00, 0x00, 0x00, 0x00, 0x00, 0x00, 0x00, 0x00, 0x00, 0x00, 0x00,
  0x00, 0x00, 0x00, 0x00, 0x00, 0x00, 0x00, 0x00, 0x00, 0x00, 0x00, 0x00,
  0x00, 0x00, 0x00, 0x00, 0x00, 0x00, 0x00, 0x00, 0x00, 0x00, 0x00, 0x00,
  0x00, 0x00, 0x00, 0x00, 0x00, 0x00, 0x00, 0x00, 0x00, 0x00, 0x00, 0x00,
  0x00, 0x00, 0x00, 0x00, 0x00, 0x00, 0x00, 0x00, 0x00, 0x00, 0x00, 0x00,
  0x00, 0x00, 0x00, 0x00, 0x00, 0x00, 0xa6, 0xf5, 0x6f, 0xa6, 0xf5, 0xff,
  0xa6, 0xf5, 0xff, 0xa6, 0xf5, 0xff, 0xa6, 0xf5, 0xff, 0xa6, 0xf5, 0xff,
  0xa6, 0xf5, 0xff, 0xa6, 0xf5, 0xff, 0xa6, 0xf5, 0xff, 0xa6, 0xf5, 0xff,
  0xa6, 0xf5, 0xff, 0xa6, 0xf5, 0xff, 0xa6, 0xf5, 0xff, 0xa6, 0xf5, 0xff,
  0xa6, 0xf5, 0xff, 0xa6, 0xf5, 0xff, 0xa6, 0xf5, 0xff, 0xa6, 0xf5, 0xff,
  0xa6, 0xf5, 0xff, 0xa6, 0xf5, 0xff, 0xa6, 0xf5, 0xff, 0xa6, 0xf5, 0xff,
  0xa6, 0xf5, 0xff, 0xa6, 0xf5, 0xff, 0xa6, 0xf5, 0xff, 0xa6, 0xf5, 0xff,
  0xa6, 0xf5, 0xff, 0xa6, 0xf5, 0xff, 0xa6, 0xf5, 0xff, 0xa6, 0xf5, 0xff,
  0xa6, 0xf5, 0xff, 0xa6, 0xf5, 0xff, 0xa6, 0xf5, 0xff, 0xa6, 0xf5, 0xff,
  0xa6, 0xf5, 0xff, 0xa6, 0xf5, 0xff, 0xa6, 0xf5, 0xff, 0xa6, 0xf5, 0xff,
  0xa6, 0xf5, 0xff, 0xa6, 0xf5, 0xff, 0xa6, 0xf5, 0xff, 0xa6, 0xf5, 0xff,
  0xa6, 0xf5, 0xff, 0xa6, 0xf5, 0xff, 0xa6, 0xf5, 0xff, 0xa6, 0xf5, 0xff,
  0xa6, 0xf5, 0xff, 0xa6, 0xf5, 0xff, 0xa6, 0xf5, 0xff, 0xa6, 0xf5, 0xff,
  0xa6, 0xf5, 0xff, 0xa6, 0xf5, 0xff, 0xa6, 0xf5, 0xff, 0xa6, 0xf5, 0xff,
  0xa6, 0xf5, 0xff, 0xa6, 0xf5, 0xff, 0xa6, 0xf5, 0xff, 0xa6, 0xf5, 0xff,
  0xa6, 0xf5, 0xff, 0xa6, 0xf5, 0xff, 0xa6, 0xf5, 0xff, 0xa6, 0xf5, 0xff,
  0xa6, 0xf5, 0xff, 0xa6, 0xf5, 0xff, 0xa6, 0xf5, 0xff, 0xa6, 0xf5, 0xff,
  0xa6, 0xf5, 0xff, 0xa6, 0xf5, 0xff, 0xa6, 0xf5, 0xff, 0xa6, 0xf5, 0xff,
  0xa6, 0xf5, 0xff, 0xa6, 0xf5, 0xff, 0xa6, 0xf5, 0xff, 0xa6, 0xf5, 0xff,
  0xa6, 0xf5, 0xff, 0xa6, 0xf5, 0xff, 0xa6, 0xf5, 0xff, 0xa6, 0xf5, 0xff,
  0xa6, 0xf5, 0xff, 0xa6, 0xf5, 0xff, 0xa6, 0xf5, 0xff, 0xa6, 0xf5, 0xff,
  0xa6, 0xf5, 0xff, 0xa6, 0xf5, 0xaf, 0x00, 0x00, 0x00, 0x00, 0x00, 0x00,
  0x00, 0x00, 0x00, 0x00, 0x00, 0x00, 0x00, 0x00, 0x00, 0x00, 0x00, 0x00,
  0x00, 0x00, 0x00, 0x00, 0x00, 0x00, 0x00, 0x00, 0x00, 0x00, 0x00, 0x00,
  0x00, 0x00, 0x00, 0x00, 0x00, 0x00, 0x00, 0x00, 0x00, 0x00, 0x00, 0x00,
  0x00, 0x00, 0x00, 0x00, 0x00, 0x00, 0x00, 0x00, 0x00, 0x00, 0x00, 0x00,
  0x00, 0x00, 0x00, 0x00, 0x00, 0x00, 0x00, 0x00, 0x00, 0x00, 0x00, 0x00,
  0x00, 0x00, 0x00, 0x00, 0x00, 0x00, 0x00, 0x00, 0x00, 0x00, 0x00, 0x00,
  0x00, 0x00, 0x00, 0x00, 0x00, 0x00, 0xa6, 0xf5, 0x0f, 0xa6, 0xf5, 0xef,
  0xa6, 0xf5, 0xff, 0xa6, 0xf5, 0xff, 0xa6, 0xf5, 0xff, 0xa6, 0xf5, 0xff,
  0xa6, 0xf5, 0xff, 0xa6, 0xf5, 0xff, 0xa6, 0xf5, 0xff, 0xa6, 0xf5, 0xff,
  0xa6, 0xf5, 0xff, 0xa6, 0xf5, 0xff, 0xa6, 0xf5, 0xff, 0xa6, 0xf5, 0xff,
  0xa6, 0xf5, 0xff, 0xa6, 0xf5, 0xff, 0xa6, 0xf5, 0xff, 0xa6, 0xf5, 0xff,
  0xa6, 0xf5, 0xff, 0xa6, 0xf5, 0xff, 0xa6, 0xf5, 0xff, 0xa6, 0xf5, 0xff,
  0xa6, 0xf5, 0xff, 0xa6, 0xf5, 0xff, 0xa6, 0xf5, 0xff, 0xa6, 0xf5, 0xff,
  0xa6, 0xf5, 0xff, 0xa6, 0xf5, 0xff, 0xa6, 0xf5, 0xff, 0xa6, 0xf5, 0xff,
  0xa6, 0xf5, 0xff, 0xa6, 0xf5, 0xff, 0xa6, 0xf5, 0xff, 0xa6, 0xf5, 0xff,
  0xa6, 0xf5, 0xff, 0xa6, 0xf5, 0xff, 0xa6, 0xf5, 0xff, 0xa6, 0xf5, 0xff,
  0xa6, 0xf5, 0xff, 0xa6, 0xf5, 0xff, 0xa6, 0xf5, 0xff, 0xa6, 0xf5, 0xff,
  0xa6, 0xf5, 0xff, 0xa6, 0xf5, 0xff, 0xa6, 0xf5, 0xff, 0xa6, 0xf5, 0xff,
  0xa6, 0xf5, 0xff, 0xa6, 0xf5, 0xff, 0xa6, 0xf5, 0xff, 0xa6, 0xf5, 0xff,
  0xa6, 0xf5, 0xff, 0xa6, 0xf5, 0xff, 0xa6, 0xf5, 0xff, 0xa6, 0xf5, 0xff,
  0xa6, 0xf5, 0xff, 0xa6, 0xf5, 0xff, 0xa6, 0xf5, 0xff, 0xa6, 0xf5, 0xff,
  0xa6, 0xf5, 0xff, 0xa6, 0xf5, 0xff, 0xa6, 0xf5, 0xff, 0xa6, 0xf5, 0xff,
  0xa6, 0xf5, 0xff, 0xa6, 0xf5, 0xff, 0xa6, 0xf5, 0xff, 0xa6, 0xf5, 0xff,
  0xa6, 0xf5, 0xff, 0xa6, 0xf5, 0xff, 0xa6, 0xf5, 0xff, 0xa6, 0xf5, 0xff,
  0xa6, 0xf5, 0xff, 0xa6, 0xf5, 0xff, 0xa6, 0xf5, 0xff, 0xa6, 0xf5, 0xff,
  0xa6, 0xf5, 0xff, 0xa6, 0xf5, 0xff, 0xa6, 0xf5, 0xff, 0xa6, 0xf5, 0xff,
  0xa6, 0xf5, 0xff, 0xa6, 0xf5, 0xff, 0xa6, 0xf5, 0xff, 0xa6, 0xf5, 0xff,
  0xa6, 0xf5, 0xff, 0xa6, 0xf5, 0x3f, 0x00, 0x00, 0x00, 0x00, 0x00, 0x00,
  0x00, 0x00, 0x00, 0x00, 0x00, 0x00, 0x00, 0x00, 0x00, 0x00, 0x00, 0x00,
  0x00, 0x00, 0x00, 0x00, 0x00, 0x00, 0x00, 0x00, 0x00, 0x00, 0x00, 0x00,
  0x00, 0x00, 0x00, 0x00, 0x00, 0x00, 0x00, 0x00, 0x00, 0x00, 0x00, 0x00,
  0x00, 0x00, 0x00, 0x00, 0x00, 0x00, 0x00, 0x00, 0x00, 0x00, 0x00, 0x00,
  0x00, 0x00, 0x00, 0x00, 0x00, 0x00, 0x00, 0x00, 0x00, 0x00, 0x00, 0x00,
  0x00, 0x00, 0x00, 0x00, 0x00, 0x00, 0x00, 0x00, 0x00, 0x00, 0x00, 0x00,
  0x00, 0x00, 0x00, 0x00, 0x00, 0x00, 0x00, 0x00, 0x00, 0xa6, 0xf5, 0x4f,
  0xa6, 0xf5, 0xff, 0xa6, 0xf5, 0xff, 0xa6, 0xf5, 0xff, 0xa6, 0xf5, 0xff,
  0xa6, 0xf5, 0xff, 0xa6, 0xf5, 0xff, 0xa6, 0xf5, 0xff, 0xa6, 0xf5, 0xff,
  0xa6, 0xf5, 0xff, 0xa6, 0xf5, 0xff, 0xa6, 0xf5, 0xff, 0xa6, 0xf5, 0xff,
  0xa6, 0xf5, 0xff, 0xa6, 0xf5, 0xff, 0xa6, 0xf5, 0xff, 0xa6, 0xf5, 0xff,
  0xa6, 0xf5, 0xff, 0xa6, 0xf5, 0xff, 0xa6, 0xf5, 0xff, 0xa6, 0xf5, 0xff,
  0xa6, 0xf5, 0xff, 0xa6, 0xf5, 0xff, 0xa6, 0xf5, 0xff, 0xa6, 0xf5, 0xff,
  0xa6, 0xf5, 0xff, 0xa6, 0xf5, 0xff, 0xa6, 0xf5, 0xff, 0xa6, 0xf5, 0xff,
  0xa6, 0xf5, 0xff, 0xa6, 0xf5, 0xff, 0xa6, 0xf5, 0xff, 0xa6, 0xf5, 0xff,
  0xa6, 0xf5, 0xff, 0xa6, 0xf5, 0xff, 0xa6, 0xf5, 0xff, 0xa6, 0xf5, 0xff,
  0xa6, 0xf5, 0xff, 0xa6, 0xf5, 0xff, 0xa6, 0xf5, 0xff, 0xa6, 0xf5, 0xff,
  0xa6, 0xf5, 0xff, 0xa6, 0xf5, 0xff, 0xa6, 0xf5, 0xff, 0xa6, 0xf5, 0xff,
  0xa6, 0xf5, 0xff, 0xa6, 0xf5, 0xff, 0xa6, 0xf5, 0xff, 0xa6, 0xf5, 0xff,
  0xa6, 0xf5, 0xff, 0xa6, 0xf5, 0xff, 0xa6, 0xf5, 0xff, 0xa6, 0xf5, 0xff,
  0xa6, 0xf5, 0xff, 0xa6, 0xf5, 0xff, 0xa6, 0xf5, 0xff, 0xa6, 0xf5, 0xff,
  0xa6, 0xf5, 0xff, 0xa6, 0xf5, 0xff, 0xa6, 0xf5, 0xff, 0xa6, 0xf5, 0xff,
  0xa6, 0xf5, 0xff, 0xa6, 0xf5, 0xff, 0xa6, 0xf5, 0xff, 0xa6, 0xf5, 0xff,
  0xa6, 0xf5, 0xff, 0xa6, 0xf5, 0xff, 0xa6, 0xf5, 0xff, 0xa6, 0xf5, 0xff,
  0xa6, 0xf5, 0xff, 0xa6, 0xf5, 0xff, 0xa6, 0xf5, 0xff, 0xa6, 0xf5, 0xff,
  0xa6, 0xf5, 0xff, 0xa6, 0xf5, 0xff, 0xa6, 0xf5, 0xff, 0xa6, 0xf5, 0xff,
  0xa6, 0xf5, 0xff, 0xa6, 0xf5, 0xff, 0xa6, 0xf5, 0xff, 0xa6, 0xf5, 0xff,
  0xa6, 0xf5, 0x8f, 0x00, 0x00, 0x00, 0x00, 0x00, 0x00, 0x00, 0x00, 0x00,
  0x00, 0x00, 0x00, 0x00, 0x00, 0x00, 0x00, 0x00, 0x00, 0x00, 0x00, 0x00,
  0x00, 0x00, 0x00, 0x00, 0x00, 0x00, 0x00, 0x00, 0x00, 0x00, 0x00, 0x00,
  0x00, 0x00, 0x00, 0x00, 0x00, 0x00, 0x00, 0x00, 0x00, 0x00, 0x00, 0x00,
  0x00, 0x00, 0x00, 0x00, 0x00, 0x00, 0x00, 0x00, 0x00, 0x00, 0x00, 0x00,
  0x00, 0x00, 0x00, 0x00, 0x00, 0x00, 0x00, 0x00, 0x00, 0x00, 0x00, 0x00,
  0x00, 0x00, 0x00, 0x00, 0x00, 0x00, 0x00, 0x00, 0x00, 0x00, 0x00, 0x00,
  0x00, 0x00, 0x00, 0x00, 0x00, 0x00, 0x00, 0x00, 0x00, 0x00, 0x00, 0x00,
  0xa6, 0xf5, 0x5f, 0xa6, 0xf5, 0xef, 0xa6, 0xf5, 0xff, 0xa6, 0xf5, 0xff,
  0xa6, 0xf5, 0xff, 0xa6, 0xf5, 0xff, 0xa6, 0xf5, 0xff, 0xa6, 0xf5, 0xff,
  0xa6, 0xf5, 0xff, 0xa6, 0xf5, 0xff, 0xa6, 0xf5, 0xff, 0xa6, 0xf5, 0xff,
  0xa6, 0xf5, 0xff, 0xa6, 0xf5, 0xff, 0xa6, 0xf5, 0xff, 0xa6, 0xf5, 0xff,
  0xa6, 0xf5, 0xff, 0xa6, 0xf5, 0xff, 0xa6, 0xf5, 0xff, 0xa6, 0xf5, 0xff,
  0xa6, 0xf5, 0xff, 0xa6, 0xf5, 0xff, 0xa6, 0xf5, 0xff, 0xa6, 0xf5, 0xff,
  0xa6, 0xf5, 0xff, 0xa6, 0xf5, 0xff, 0xa6, 0xf5, 0xff, 0xa6, 0xf5, 0xff,
  0xa6, 0xf5, 0xff, 0xa6, 0xf5, 0xff, 0xa6, 0xf5, 0xff, 0xa6, 0xf5, 0xff,
  0xa6, 0xf5, 0xff, 0xa6, 0xf5, 0xff, 0xa6, 0xf5, 0xff, 0xa6, 0xf5, 0xff,
  0xa6, 0xf5, 0xff, 0xa6, 0xf5, 0xff, 0xa6, 0xf5, 0xff, 0xa6, 0xf5, 0xff,
  0xa6, 0xf5, 0xff, 0xa6, 0xf5, 0xff, 0xa6, 0xf5, 0xff, 0xa6, 0xf5, 0xff,
  0xa6, 0xf5, 0xff, 0xa6, 0xf5, 0xff, 0xa6, 0xf5, 0xff, 0xa6, 0xf5, 0xff,
  0xa6, 0xf5, 0xff, 0xa6, 0xf5, 0xff, 0xa6, 0xf5, 0xff, 0xa6, 0xf5, 0xff,
  0xa6, 0xf5, 0xff, 0xa6, 0xf5, 0xff, 0xa6, 0xf5, 0xff, 0xa6, 0xf5, 0xff,
  0xa6, 0xf5, 0xff, 0xa6, 0xf5, 0xff, 0xa6, 0xf5, 0xff, 0xa6, 0xf5, 0xff,
  0xa6, 0xf5, 0xff, 0xa6, 0xf5, 0xff, 0xa6, 0xf5, 0xff, 0xa6, 0xf5, 0xff,
  0xa6, 0xf5, 0xff, 0xa6, 0xf5, 0xff, 0xa6, 0xf5, 0xff, 0xa6, 0xf5, 0xff,
  0xa6, 0xf5, 0xff, 0xa6, 0xf5, 0xff, 0xa6, 0xf5, 0xff, 0xa6, 0xf5, 0xff,
  0xa6, 0xf5, 0xff, 0xa6, 0xf5, 0xff, 0xa6, 0xf5, 0xff, 0xa6, 0xf5, 0xff,
  0xa6, 0xf5, 0xff, 0xa6, 0xf5, 0xff, 0xa6, 0xf5, 0xff, 0xa6, 0xf5, 0x8f,
  0x00, 0x00, 0x00, 0x00, 0x00, 0x00, 0x00, 0x00, 0x00, 0x00, 0x00, 0x00,
  0x00, 0x00, 0x00, 0x00, 0x00, 0x00, 0x00, 0x00, 0x00, 0x00, 0x00, 0x00,
  0x00, 0x00, 0x00, 0x00, 0x00, 0x00, 0x00, 0x00, 0x00, 0x00, 0x00, 0x00,
  0x00, 0x00, 0x00, 0x00, 0x00, 0x00, 0x00, 0x00, 0x00, 0x00, 0x00, 0x00,
  0x00, 0x00, 0x00, 0x00, 0x00, 0x00, 0x00, 0x00, 0x00, 0x00, 0x00, 0x00,
  0x00, 0x00, 0x00, 0x00, 0x00, 0x00, 0x00, 0x00, 0x00, 0x00, 0x00, 0x00,
  0x00, 0x00, 0x00, 0x00, 0x00, 0x00, 0x00, 0x00, 0x00, 0x00, 0x00, 0x00,
  0x00, 0x00, 0x00, 0x00, 0x00, 0x00, 0x00, 0x00, 0x00, 0x00, 0x00, 0x00,
  0x00, 0x00, 0x00, 0xa6, 0xf5, 0x1f, 0xa6, 0xf5, 0x9f, 0xa6, 0xf5, 0xef,
  0xa6, 0xf5, 0xff, 0xa6, 0xf5, 0xff, 0xa6, 0xf5, 0xff, 0xa6, 0xf5, 0xff,
  0xa6, 0xf5, 0xff, 0xa6, 0xf5, 0xff, 0xa6, 0xf5, 0xff, 0xa6, 0xf5, 0xff,
  0xa6, 0xf5, 0xff, 0xa6, 0xf5, 0xff, 0xa6, 0xf5, 0xff, 0xa6, 0xf5, 0xff,
  0xa6, 0xf5, 0xff, 0xa6, 0xf5, 0xff, 0xa6, 0xf5, 0xff, 0xa6, 0xf5, 0xff,
  0xa6, 0xf5, 0xff, 0xa6, 0xf5, 0xff, 0xa6, 0xf5, 0xff, 0xa6, 0xf5, 0xff,
  0xa6, 0xf5, 0xff, 0xa6, 0xf5, 0xff, 0xa6, 0xf5, 0xff, 0xa6, 0xf5, 0xff,
  0xa6, 0xf5, 0xff, 0xa6, 0xf5, 0xff, 0xa6, 0xf5, 0xff, 0xa6, 0xf5, 0xff,
  0xa6, 0xf5, 0xff, 0xa6, 0xf5, 0xff, 0xa6, 0xf5, 0xff, 0xa6, 0xf5, 0xff,
  0xa6, 0xf5, 0xff, 0xa6, 0xf5, 0xff, 0xa6, 0xf5, 0xff, 0xa6, 0xf5, 0xff,
  0xa6, 0xf5, 0xff, 0xa6, 0xf5, 0xff, 0xa6, 0xf5, 0xff, 0xa6, 0xf5, 0xff,
  0xa6, 0xf5, 0xff, 0xa6, 0xf5, 0xff, 0xa6, 0xf5, 0xff, 0xa6, 0xf5, 0xff,
  0xa6, 0xf5, 0xff, 0xa6, 0xf5, 0xff, 0xa6, 0xf5, 0xff, 0xa6, 0xf5, 0xff,
  0xa6, 0xf5, 0xff, 0xa6, 0xf5, 0xff, 0xa6, 0xf5, 0xff, 0xa6, 0xf5, 0xff,
  0xa6, 0xf5, 0xff, 0xa6, 0xf5, 0xff, 0xa6, 0xf5, 0xff, 0xa6, 0xf5, 0xff,
  0xa6, 0xf5, 0xff, 0xa6, 0xf5, 0xff, 0xa6, 0xf5, 0xff, 0xa6, 0xf5, 0xff,
  0xa6, 0xf5, 0xff, 0xa6, 0xf5, 0xff, 0xa6, 0xf5, 0xff, 0xa6, 0xf5, 0xff,
  0xa6, 0xf5, 0xff, 0xa6, 0xf5, 0xff, 0xa6, 0xf5, 0xff, 0xa6, 0xf5, 0xff,
  0xa6, 0xf5, 0xff, 0xa6, 0xf5, 0xff, 0xa6, 0xf5, 0xff, 0xa6, 0xf5, 0xff,
  0xa6, 0xf5, 0xff, 0xa6, 0xf5, 0xaf, 0xa6, 0xf5, 0x3f, 0x00, 0x00, 0x00,
  0x00, 0x00, 0x00, 0x00, 0x00, 0x00, 0x00, 0x00, 0x00, 0x00, 0x00, 0x00,
  0x00, 0x00, 0x00, 0x00, 0x00, 0x00, 0x00, 0x00, 0x00, 0x00, 0x00, 0x00,
  0x00, 0x00, 0x00, 0x00, 0x00, 0x00, 0x00, 0x00, 0x00, 0x00, 0x00, 0x00,
  0x00, 0x00, 0x00, 0x00, 0x00, 0x00, 0x00, 0x00, 0x00, 0x00, 0x00, 0x00,
  0x00, 0x00, 0x00, 0x00, 0x00, 0x00, 0x00, 0x00, 0x00, 0x00, 0x00, 0x00,
  0x00, 0x00, 0x00, 0x00, 0x00, 0x00, 0x00, 0x00, 0x00, 0x00, 0x00, 0x00,
  0x00, 0x00, 0x00, 0x00, 0x00, 0x00, 0x00, 0x00, 0x00, 0x00, 0x00, 0x00,
  0x00, 0x00, 0x00, 0x00, 0x00, 0x00, 0x00, 0x00, 0x00, 0x00, 0x00, 0x00,
  0x00, 0x00, 0x00, 0x00, 0x00, 0x00, 0x00, 0x00, 0x00, 0x00, 0x00, 0x00,
  0x00, 0x00, 0x00, 0xa6, 0xf5, 0x3f, 0xa6, 0xf5, 0x3f, 0xa6, 0xf5, 0x3f,
  0xa6, 0xf5, 0x3f, 0xa6, 0xf5, 0x3f, 0xa6, 0xf5, 0x3f, 0xa6, 0xf5, 0x3f,
  0xa6, 0xf5, 0x3f, 0xa6, 0xf5, 0x3f, 0xa6, 0xf5, 0x3f, 0xa6, 0xf5, 0x3f,
  0xa6, 0xf5, 0x3f, 0xa6, 0xf5, 0x3f, 0xa6, 0xf5, 0x3f, 0xa6, 0xf5, 0x3f,
  0xa6, 0xf5, 0x3f, 0xa6, 0xf5, 0x3f, 0xa6, 0xf5, 0x3f, 0xa6, 0xf5, 0x3f,
  0xa6, 0xf5, 0x3f, 0xa6, 0xf5, 0x3f, 0xa6, 0xf5, 0x3f, 0xa6, 0xf5, 0x3f,
  0xa6, 0xf5, 0x3f, 0xa6, 0xf5, 0x3f, 0xa6, 0xf5, 0x3f, 0xa6, 0xf5, 0x3f,
  0xa6, 0xf5, 0x3f, 0xa6, 0xf5, 0x3f, 0xa6, 0xf5, 0x3f, 0xa6, 0xf5, 0x3f,
  0xa6, 0xf5, 0x3f, 0xa6, 0xf5, 0x3f, 0xa6, 0xf5, 0x3f, 0xa6, 0xf5, 0x3f,
  0xa6, 0xf5, 0x3f, 0xa6, 0xf5, 0x3f, 0xa6, 0xf5, 0x3f, 0xa6, 0xf5, 0x3f,
  0xa6, 0xf5, 0x3f, 0xa6, 0xf5, 0x3f, 0xa6, 0xf5, 0x3f, 0xa6, 0xf5, 0x3f,
  0xa6, 0xf5, 0x3f, 0xa6, 0xf5, 0x3f, 0xa6, 0xf5, 0x3f, 0xa6, 0xf5, 0x3f,
  0xa6, 0xf5, 0x3f, 0xa6, 0xf5, 0x3f, 0xa6, 0xf5, 0x3f, 0xa6, 0xf5, 0x3f,
  0xa6, 0xf5, 0x3f, 0xa6, 0xf5, 0x3f, 0xa6, 0xf5, 0x3f, 0xa6, 0xf5, 0x3f,
  0xa6, 0xf5, 0x3f, 0xa6, 0xf5, 0x3f, 0xa6, 0xf5, 0x3f, 0xa6, 0xf5, 0x3f,
  0xa6, 0xf5, 0x3f, 0xa6, 0xf5, 0x3f, 0xa6, 0xf5, 0x3f, 0xa6, 0xf5, 0x3f,
  0xa6, 0xf5, 0x3f, 0xa6, 0xf5, 0x3f, 0xa6, 0xf5, 0x3f, 0xa6, 0xf5, 0x3f,
  0xa6, 0xf5, 0x3f, 0xa6, 0xf5, 0x3f, 0xa6, 0xf5, 0x3f, 0xa6, 0xf5, 0x0f,
  0x00, 0x00, 0x00, 0x00, 0x00, 0x00, 0x00, 0x00, 0x00, 0x00, 0x00, 0x00,
  0x00, 0x00, 0x00, 0x00, 0x00, 0x00, 0x00, 0x00, 0x00, 0x00, 0x00, 0x00,
  0x00, 0x00, 0x00, 0x00, 0x00, 0x00, 0x00, 0x00, 0x00, 0x00, 0x00, 0x00,
  0x00, 0x00, 0x00, 0x00, 0x00, 0x00, 0x00, 0x00, 0x00, 0x00, 0x00, 0x00,
  0x00, 0x00, 0x00, 0x00, 0x00, 0x00, 0x00, 0x00, 0x00, 0x00, 0x00, 0x00,
  0x00, 0x00, 0x00, 0x00, 0x00, 0x00, 0x00, 0x00, 0x00, 0x00, 0x00, 0x00,
  0x00, 0x00, 0x00, 0x00, 0x00, 0x00, 0x00, 0x00, 0x00, 0x00, 0x00, 0x00,
  0x00, 0x00, 0x00, 0x00, 0x00, 0x00, 0x00, 0x00, 0x00, 0x00, 0x00, 0x00,
  0x00, 0x00, 0x00, 0x00, 0x00, 0x00, 0x00, 0x00, 0x00, 0x00, 0x00, 0x00,
  0x00, 0x00, 0x00, 0x00, 0x00, 0x00, 0x00, 0x00, 0x00, 0x00, 0x00, 0x00,
  0x00, 0x00, 0x00, 0x00, 0x00, 0x00, 0x00, 0x00, 0x00, 0x00, 0x00, 0x00,
  0x00, 0x00, 0x00, 0x00, 0x00, 0x00, 0x00, 0x00, 0x00, 0x00, 0x00, 0x00,
  0x00, 0x00, 0x00, 0x00, 0x00, 0x00, 0x00, 0x00, 0x00, 0x00, 0x00, 0x00,
  0x00, 0x00, 0x00, 0x00, 0x00, 0x00, 0x00, 0x00, 0x00, 0x00, 0x00, 0x00,
  0x00, 0x00, 0x00, 0x00, 0x00, 0x00, 0x00, 0x00, 0x00, 0x00, 0x00, 0x00,
  0x00, 0x00, 0x00, 0x00, 0x00, 0x00, 0x00, 0x00, 0x00, 0x00, 0x00, 0x00,
  0x00, 0x00, 0x00, 0x00, 0x00, 0x00, 0x00, 0x00, 0x00, 0x00, 0x00, 0x00,
  0x00, 0x00, 0x00, 0x00, 0x00, 0x00, 0x00, 0x00, 0x00, 0x00, 0x00, 0x00,
  0x00, 0x00, 0x00, 0x00, 0x00, 0x00, 0x00, 0x00, 0x00, 0x00, 0x00, 0x00,
  0x00, 0x00, 0x00, 0x00, 0x00, 0x00, 0x00, 0x00, 0x00, 0x00, 0x00, 0x00,
  0x00, 0x00, 0x00, 0x00, 0x00, 0x00, 0x00, 0x00, 0x00, 0x00, 0x00, 0x00,
  0x00, 0x00, 0x00, 0x00, 0x00, 0x00, 0x00, 0x00, 0x00, 0x00, 0x00, 0x00,
  0x00, 0x00, 0x00, 0x00, 0x00, 0x00, 0x00, 0x00, 0x00, 0x00, 0x00, 0x00,
  0x00, 0x00, 0x00, 0x00, 0x00, 0x00, 0x00, 0x00, 0x00, 0x00, 0x00, 0x00,
  0x00, 0x00, 0x00, 0x00, 0x00, 0x00, 0x00, 0x00, 0x00, 0x00, 0x00, 0x00,
  0x00, 0x00, 0x00, 0x00, 0x00, 0x00, 0x00, 0x00, 0x00, 0x00, 0x00, 0x00,
  0x00, 0x00, 0x00, 0x00, 0x00, 0x00, 0x00, 0x00, 0x00, 0x00, 0x00, 0x00,
  0x00, 0x00, 0x00, 0x00, 0x00, 0x00, 0x00, 0x00, 0x00, 0x00, 0x00, 0x00,
  0x00, 0x00, 0x00, 0x00, 0x00, 0x00, 0x00, 0x00, 0x00, 0x00, 0x00, 0x00,
  0x00, 0x00, 0x00, 0x00, 0x00, 0x00, 0x00, 0x00, 0x00, 0x00, 0x00, 0x00,
  0x00, 0x00, 0x00, 0x00, 0x00, 0x00, 0x00, 0x00, 0x00, 0x00, 0x00, 0x00,
  0x00, 0x00, 0x00, 0x00, 0x00, 0x00, 0x00, 0x00, 0x00, 0x00, 0x00, 0x00,
  0x00, 0x00, 0x00, 0x00, 0x00, 0x00, 0x00, 0x00, 0x00, 0x00, 0x00, 0x00,
  0x00, 0x00, 0x00, 0x00, 0x00, 0x00, 0x00, 0x00, 0x00, 0x00, 0x00, 0x00,
  0x00, 0x00, 0x00, 0x00, 0x00, 0x00, 0x00, 0x00, 0x00, 0x00, 0x00, 0x00,
  0x00, 0x00, 0x00, 0x00, 0x00, 0x00, 0x00, 0x00, 0x00, 0x00, 0x00, 0x00,
  0x00, 0x00, 0x00, 0x00, 0x00, 0x00, 0x00, 0x00, 0x00, 0x00, 0x00, 0x00,
  0x00, 0x00, 0x00, 0x00, 0x00, 0x00, 0x00, 0x00, 0x00, 0x00, 0x00, 0x00,
  0x00, 0x00, 0x00, 0x00, 0x00, 0x00, 0x00, 0x00, 0x00, 0x00, 0x00, 0x00,
  0x00, 0x00, 0x00, 0x00, 0x00, 0x00, 0x00, 0x00, 0x00, 0x00, 0x00, 0x00,
  0x00, 0x00, 0x00, 0x00, 0x00, 0x00, 0x00, 0x00, 0x00, 0x00, 0x00, 0x00,
  0x00, 0x00, 0x00, 0x00, 0x00, 0x00, 0x00, 0x00, 0x00, 0x00, 0x00, 0x00,
  0x00, 0x00, 0x00, 0x00, 0x00, 0x00, 0x00, 0x00, 0x00, 0x00, 0x00, 0x00,
  0x00, 0x00, 0x00, 0x00, 0x00, 0x00, 0x00, 0x00, 0x00, 0x00, 0x00, 0x00,
  0x00, 0x00, 0x00, 0x00, 0x00, 0x00, 0x00, 0x00, 0x00, 0x00, 0x00, 0x00,
  0x00, 0x00, 0x00, 0x00, 0x00, 0x00, 0x00, 0x00, 0x00, 0x00, 0x00, 0x00,
  0x00, 0x00, 0x00, 0x00, 0x00, 0x00, 0x00, 0x00, 0x00, 0x00, 0x00, 0x00,
  0x00, 0x00, 0x00, 0x00, 0x00, 0x00, 0x00, 0x00, 0x00, 0x00, 0x00, 0x00,
  0x00, 0x00, 0x00, 0x00, 0x00, 0x00, 0x00, 0x00, 0x00, 0x00, 0x00, 0x00,
  0x00, 0x00, 0x00, 0x00, 0x00, 0x00, 0x00, 0x00, 0x00, 0x00, 0x00, 0x00,
  0x00, 0x00, 0x00, 0x00, 0x00, 0x00, 0x00, 0x00, 0x00, 0x00, 0x00, 0x00,
  0x00, 0x00, 0x00, 0x00, 0x00, 0x00, 0x00, 0x00, 0x00, 0x00, 0x00, 0x00,
  0x00, 0x00, 0x00, 0x00, 0x00, 0x00, 0x00, 0x00, 0x00, 0x00, 0x00, 0x00,
  0x00, 0x00, 0x00, 0x00, 0x00, 0x00, 0x00, 0x00, 0x00, 0x00, 0x00, 0x00,
  0x00, 0x00, 0x00, 0x00, 0x00, 0x00, 0x00, 0x00, 0x00, 0x00, 0x00, 0x00,
  0x00, 0x00, 0x00, 0x00, 0x00, 0x00, 0x00, 0x00, 0x00, 0x00, 0x00, 0x00,
  0x00, 0x00, 0x00, 0x00, 0x00, 0x00, 0x00, 0x00, 0x00, 0x00, 0x00, 0x00,
  0x00, 0x00, 0x00, 0x00, 0x00, 0x00, 0x00, 0x00, 0x00, 0x00, 0x00, 0x00,
  0x00, 0x00, 0x00, 0x00, 0x00, 0x00, 0x00, 0x00, 0x00, 0x00, 0x00, 0x00,
  0x00, 0x00, 0x00, 0x00, 0x00, 0x00, 0x00, 0x00, 0x00, 0x00, 0x00, 0x00,
  0x00, 0x00, 0x00, 0x00, 0x00, 0x00, 0x00, 0x00, 0x00, 0x00, 0x00, 0x00,
  0x00, 0x00, 0x00, 0x00, 0x00, 0x00, 0x00, 0x00, 0x00, 0x00, 0x00, 0x00,
  0x00, 0x00, 0x00, 0x00, 0x00, 0x00, 0x00, 0x00, 0x00, 0x00, 0x00, 0x00,
  0x00, 0x00, 0x00, 0x00, 0x00, 0x00, 0x00, 0x00, 0x00, 0x00, 0x00, 0x00,
  0x00, 0x00, 0x00, 0x00, 0x00, 0x00, 0x00, 0x00, 0x00, 0x00, 0x00, 0x00,
  0x00, 0x00, 0x00, 0x00, 0x00, 0x00, 0x00, 0x00, 0x00, 0x00, 0x00, 0x00,
  0x00, 0x00, 0x00, 0x00, 0x00, 0x00, 0x00, 0x00, 0x00, 0x00, 0x00, 0x00,
  0x00, 0x00, 0x00, 0x00, 0x00, 0x00, 0x00, 0x00, 0x00, 0x00, 0x00, 0x00,
  0x00, 0x00, 0x00, 0x00, 0x00, 0x00, 0x00, 0x00, 0x00, 0x00, 0x00, 0x00,
  0x00, 0x00, 0x00, 0x00, 0x00, 0x00, 0x00, 0x00, 0x00, 0x00, 0x00, 0x00,
  0x00, 0x00, 0x00, 0x00, 0x00, 0x00, 0x00, 0x00, 0x00, 0x00, 0x00, 0x00,
  0x00, 0x00, 0x00, 0x00, 0x00, 0x00, 0x00, 0x00, 0x00, 0x00, 0x00, 0x00,
  0x00, 0x00, 0x00, 0x00, 0x00, 0x00, 0x00, 0x00, 0x00, 0x00, 0x00, 0x00,
  0x00, 0x00, 0x00, 0x00, 0x00, 0x00, 0x00, 0x00, 0x00, 0x00, 0x00, 0x00,
  0x00, 0x00, 0x00, 0x00, 0x00, 0x00, 0x00, 0x00, 0x00, 0x00, 0x00, 0x00,
  0x00, 0x00, 0x00, 0x00, 0x00, 0x00, 0x00, 0x00, 0x00, 0x00, 0x00, 0x00,
  0x00, 0x00, 0x00, 0x00, 0x00, 0x00, 0x00, 0x00, 0x00, 0x00, 0x00, 0x00,
  0x00, 0x00, 0x00, 0x00, 0x00, 0x00, 0x00, 0x00, 0x00, 0x00, 0x00, 0x00,
  0x00, 0x00, 0x00, 0x00, 0x00, 0x00, 0x00, 0x00, 0x00, 0x00, 0x00, 0x00,
  0x00, 0x00, 0x00, 0x00, 0x00, 0x00, 0x00, 0x00, 0x00, 0x00, 0x00, 0x00,
  0x00, 0x00, 0x00, 0x00, 0x00, 0x00, 0x00, 0x00, 0x00, 0x00, 0x00, 0x00,
  0x00, 0x00, 0x00, 0x00, 0x00, 0x00, 0x00, 0x00, 0x00, 0x00, 0x00, 0x00,
  0x00, 0x00, 0x00, 0x00, 0x00, 0x00, 0x00, 0x00, 0x00, 0x00, 0x00, 0x00,
  0x00, 0x00, 0x00, 0x00, 0x00, 0x00, 0x00, 0x00, 0x00, 0x00, 0x00, 0x00,
  0x00, 0x00, 0x00, 0x00, 0x00, 0x00, 0x00, 0x00, 0x00, 0x00, 0x00, 0x00,
  0x00, 0x00, 0x00, 0x00, 0x00, 0x00, 0x00, 0x00, 0x00, 0x00, 0x00, 0x00,
  0x00, 0x00, 0x00, 0x00, 0x00, 0x00, 0x00, 0x00, 0x00, 0x00, 0x00, 0x00,
  0x00, 0x00, 0x00, 0x00, 0x00, 0x00, 0x00, 0x00, 0x00, 0x00, 0x00, 0x00,
  0x00, 0x00, 0x00, 0x00, 0x00, 0x00, 0x00, 0x00, 0x00, 0x00, 0x00, 0x00,
  0x00, 0x00, 0x00, 0x00, 0x00, 0x00, 0x00, 0x00, 0x00, 0x00, 0x00, 0x00,
  0x00, 0x00, 0x00, 0x00, 0x00, 0x00, 0x00, 0x00, 0x00, 0x00, 0x00, 0x00,
  0x00, 0x00, 0x00, 0x00, 0x00, 0x00, 0x00, 0x00, 0x00, 0x00, 0x00, 0x00,
  0x00, 0x00, 0x00, 0x00, 0x00, 0x00, 0x00, 0x00, 0x00, 0x00, 0x00, 0x00,
  0x00, 0x00, 0x00, 0x00, 0x00, 0x00, 0x00, 0x00, 0x00, 0x00, 0x00, 0x00,
  0x00, 0x00, 0x00, 0x00, 0x00, 0x00, 0x00, 0x00, 0x00, 0x00, 0x00, 0x00,
  0x00, 0x00, 0x00, 0x00, 0x00, 0x00, 0x00, 0x00, 0x00, 0x00, 0x00, 0x00,
  0x00, 0x00, 0x00, 0x00, 0x00, 0x00, 0x00, 0x00, 0x00, 0x00, 0x00, 0x00,
  0x00, 0x00, 0x00, 0x00, 0x00, 0x00, 0x00, 0x00, 0x00, 0x00, 0x00, 0x00,
  0x00, 0x00, 0x00, 0x00, 0x00, 0x00, 0x00, 0x00, 0x00, 0x00, 0x00, 0x00,
  0x00, 0x00, 0x00, 0x00, 0x00, 0x00, 0x00, 0x00, 0x00, 0x00, 0x00, 0x00,
  0x00, 0x00, 0x00, 0x00, 0x00, 0x00, 0x00, 0x00, 0x00, 0x00, 0x00, 0x00,
  0x00, 0x00, 0x00, 0x00, 0x00, 0x00, 0x00, 0x00, 0x00, 0x00, 0x00, 0x00,
  0x00, 0x00, 0x00, 0x00, 0x00, 0x00, 0x00, 0x00, 0x00, 0x00, 0x00, 0x00,
  0x00, 0x00, 0x00, 0x00, 0x00, 0x00, 0x00, 0x00, 0x00, 0x00, 0x00, 0x00,
  0x00, 0x00, 0x00, 0x00, 0x00, 0x00, 0x00, 0x00, 0x00, 0x00, 0x00, 0x00,
  0x00, 0x00, 0x00, 0x00, 0x00, 0x00, 0x00, 0x00, 0x00, 0x00, 0x00, 0x00,
  0x00, 0x00, 0x00, 0x00, 0x00, 0x00, 0x00, 0x00, 0x00, 0x00, 0x00, 0x00,
  0x00, 0x00, 0x00, 0x00, 0x00, 0x00, 0x00, 0x00, 0x00, 0x00, 0x00, 0x00,
  0x00, 0x00, 0x00, 0x00, 0x00, 0x00, 0x00, 0x00, 0x00, 0x00, 0x00, 0x00,
  0x00, 0x00, 0x00, 0x00, 0x00, 0x00, 0x00, 0x00, 0x00, 0x00, 0x00, 0x00,
  0x00, 0x00, 0x00, 0x00, 0x00, 0x00, 0x00, 0x00, 0x00, 0x00, 0x00, 0x00,
  0x00, 0x00, 0x00, 0x00, 0x00, 0x00, 0x00, 0x00, 0x00, 0x00, 0x00, 0x00,
  0x00, 0x00, 0x00, 0x00, 0x00, 0x00, 0x00, 0x00, 0x00, 0x00, 0x00, 0x00,
  0x00, 0x00, 0x00, 0x00, 0x00, 0x00, 0x00, 0x00, 0x00, 0x00, 0x00, 0x00,
  0x00, 0x00, 0x00, 0x00, 0x00, 0x00, 0x00, 0x00, 0x00, 0x00, 0x00, 0x00,
  0x00, 0x00, 0x00, 0x00, 0x00, 0x00, 0x00, 0x00, 0x00, 0x00, 0x00, 0x00,
  0x00, 0x00, 0x00, 0x00, 0x00, 0x00, 0x00, 0x00, 0x00, 0x00, 0x00, 0x00,
  0x00, 0x00, 0x00, 0x00, 0x00, 0x00, 0x00, 0x00, 0x00, 0x00, 0x00, 0x00,
  0x00, 0x00, 0x00, 0x00, 0x00, 0x00, 0x00, 0x00, 0x00, 0x00, 0x00, 0x00,
  0x00, 0x00, 0x00, 0x00, 0x00, 0x00, 0x00, 0x00, 0x00, 0x00, 0x00, 0x00,
  0x00, 0x00, 0x00, 0x00, 0x00, 0x00, 0x00, 0x00, 0x00, 0x00, 0x00, 0x00,
  0x00, 0x00, 0x00, 0x00, 0x00, 0x00, 0x00, 0x00, 0x00, 0x00, 0x00, 0x00,
  0x00, 0x00, 0x00, 0x00, 0x00, 0x00, 0x00, 0x00, 0x00, 0x00, 0x00, 0x00,
  0x00, 0x00, 0x00, 0x00, 0x00, 0x00, 0x00, 0x00, 0x00, 0x00, 0x00, 0x00,
  0x00, 0x00, 0x00, 0x00, 0x00, 0x00, 0x00, 0x00, 0x00, 0x00, 0x00, 0x00,
  0x00, 0x00, 0x00, 0x00, 0x00, 0x00, 0x00, 0x00, 0x00, 0x00, 0x00, 0x00,
  0x00, 0x00, 0x00, 0x00, 0x00, 0x00, 0x00, 0x00, 0x00, 0x00, 0x00, 0x00,
  0x00, 0x00, 0x00, 0x00, 0x00, 0x00, 0x00, 0x00, 0x00, 0x00, 0x00, 0x00,
  0x00, 0x00, 0x00, 0x00, 0x00, 0x00, 0x00, 0x00, 0x00, 0x00, 0x00, 0x00,
  0x00, 0x00, 0x00, 0x00, 0x00, 0x00, 0x00, 0x00, 0x00, 0x00, 0x00, 0x00,
  0x00, 0x00, 0x00, 0x00, 0x00, 0x00, 0x00, 0x00, 0x00, 0x00, 0x00, 0x00,
  0x00, 0x00, 0x00, 0x00, 0x00, 0x00, 0x00, 0x00, 0x00, 0x00, 0x00, 0x00,
  0x00, 0x00, 0x00, 0x00, 0x00, 0x00, 0x00, 0x00, 0x00, 0x00, 0x00, 0x00,
  0x00, 0x00, 0x00, 0x00, 0x00, 0x00, 0x00, 0x00, 0x00, 0x00, 0x00, 0x00,
  0x00, 0x00, 0x00, 0x00, 0x00, 0x00, 0x00, 0x00, 0x00, 0x00, 0x00, 0x00,
  0x00, 0x00, 0x00, 0x00, 0x00, 0x00, 0x00, 0x00, 0x00, 0x00, 0x00, 0x00,
  0x00, 0x00, 0x00, 0x00, 0x00, 0x00, 0x00, 0x00, 0x00, 0x00, 0x00, 0x00,
  0x00, 0x00, 0x00, 0x00, 0x00, 0x00, 0x00, 0x00, 0x00, 0x00, 0x00, 0x00,
  0x00, 0x00, 0x00, 0x00, 0x00, 0x00, 0x00, 0x00, 0x00, 0x00, 0x00, 0x00,
  0x00, 0x00, 0x00, 0x00, 0x00, 0x00, 0x00, 0x00, 0x00, 0x00, 0x00, 0x00,
  0x00, 0x00, 0x00, 0x00, 0x00, 0x00, 0x00, 0x00, 0x00, 0x00, 0x00, 0x00,
  0x00, 0x00, 0x00, 0x00, 0x00, 0x00, 0x00, 0x00, 0x00, 0x00, 0x00, 0x00,
  0x00, 0x00, 0x00, 0x00, 0x00, 0x00, 0x00, 0x00, 0x00, 0x00, 0x00, 0x00,
  0x00, 0x00, 0x00, 0x00, 0x00, 0x00, 0x00, 0x00, 0x00, 0x00, 0x00, 0x00,
  0x00, 0x00, 0x00, 0x00, 0x00, 0x00, 0x00, 0x00, 0x00, 0x00, 0x00, 0x00,
  0x00, 0x00, 0x00, 0x00, 0x00, 0x00, 0x00, 0x00, 0x00, 0x00, 0x00, 0x00,
  0x00, 0x00, 0x00, 0x00, 0x00, 0x00, 0x00, 0x00, 0x00, 0x00, 0x00, 0x00,
  0x00, 0x00, 0x00, 0x00, 0x00, 0x00, 0x00, 0x00, 0x00, 0x00, 0x00, 0x00,
  0x00, 0x00, 0x00, 0x00, 0x00, 0x00, 0x00, 0x00, 0x00, 0x00, 0x00, 0x00,
  0x00, 0x00, 0x00, 0x00, 0x00, 0x00, 0x00, 0x00, 0x00, 0x00, 0x00, 0x00,
  0x00, 0x00, 0x00, 0x00, 0x00, 0x00, 0x00, 0x00, 0x00, 0x00, 0x00, 0x00,
  0x00, 0x00, 0x00, 0x00, 0x00, 0x00, 0x00, 0x00, 0x00, 0x00, 0x00, 0x00,
  0x00, 0x00, 0x00, 0x00, 0x00, 0x00, 0x00, 0x00, 0x00, 0x00, 0x00, 0x00,
  0x00, 0x00, 0x00, 0x00, 0x00, 0x00, 0x00, 0x00, 0x00, 0x00, 0x00, 0x00,
  0x00, 0x00, 0x00, 0x00, 0x00, 0x00, 0x00, 0x00, 0x00, 0x00, 0x00, 0x00,
  0x00, 0x00, 0x00, 0x00, 0x00, 0x00, 0x00, 0x00, 0x00, 0x00, 0x00, 0x00,
  0x00, 0x00, 0x00, 0x00, 0x00, 0x00, 0x00, 0x00, 0x00, 0x00, 0x00, 0x00,
  0x00, 0x00, 0x00, 0x00, 0x00, 0x00, 0x00, 0x00, 0x00, 0x00, 0x00, 0x00,
  0x00, 0x00, 0x00, 0x00, 0x00, 0x00, 0x00, 0x00, 0x00, 0x00, 0x00, 0x00,
  0x00, 0x00, 0x00, 0x00, 0x00, 0x00, 0x00, 0x00, 0x00, 0x00, 0x00, 0x00,
  0x00, 0x00, 0x00, 0x00, 0x00, 0x00, 0x00, 0x00, 0x00, 0x00, 0x00, 0x00,
  0x00, 0x00, 0x00, 0x00, 0x00, 0x00, 0x00, 0x00, 0x00, 0x00, 0x00, 0x00,
  0x00, 0x00, 0x00, 0x00, 0x00, 0x00, 0x00, 0x00, 0x00, 0x00, 0x00, 0x00,
  0x00, 0x00, 0x00, 0x00, 0x00, 0x00, 0x00, 0x00, 0x00, 0x00, 0x00, 0x00,
  0x00, 0x00, 0x00, 0x00, 0x00, 0x00, 0x00, 0x00, 0x00, 0x00, 0x00, 0x00,
  0x00, 0x00, 0x00, 0x00, 0x00, 0x00, 0x00, 0x00, 0x00, 0x00, 0x00, 0x00,
  0x00, 0x00, 0x00, 0x00, 0x00, 0x00, 0x00, 0x00, 0x00, 0x00, 0x00, 0x00,
  0x00, 0x00, 0x00, 0x00, 0x00, 0x00, 0x00, 0x00, 0x00, 0x00, 0x00, 0x00,
  0x00, 0x00, 0x00, 0x00, 0x00, 0x00, 0x00, 0x00, 0x00, 0x00, 0x00, 0x00,
  0x00, 0x00, 0x00, 0x00, 0x00, 0x00, 0x00, 0x00, 0x00, 0x00, 0x00, 0x00,
  0x00, 0x00, 0x00, 0x00, 0x00, 0x00, 0x00, 0x00, 0x00, 0x00, 0x00, 0x00,
  0x00, 0x00, 0x00, 0x00, 0x00, 0x00, 0x00, 0x00, 0x00, 0x00, 0x00, 0x00,
  0x00, 0x00, 0x00, 0x00, 0x00, 0x00, 0x00, 0x00, 0x00, 0x00, 0x00, 0x00,
  0x00, 0x00, 0x00, 0x00, 0x00, 0x00, 0x00, 0x00, 0x00, 0x00, 0x00, 0x00,
  0x00, 0x00, 0x00, 0x00, 0x00, 0x00, 0x00, 0x00, 0x00, 0x00, 0x00, 0x00,
  0x00, 0x00, 0x00, 0x00, 0x00, 0x00, 0x00, 0x00, 0x00, 0x00, 0x00, 0x00,
  0x00, 0x00, 0x00, 0x00, 0x00, 0x00, 0x00, 0x00, 0x00, 0x00, 0x00, 0x00,
  0x00, 0x00, 0x00, 0x00, 0x00, 0x00, 0x00, 0x00, 0x00, 0x00, 0x00, 0x00,
  0x00, 0x00, 0x00, 0x00, 0x00, 0x00, 0x00, 0x00, 0x00, 0x00, 0x00, 0x00,
  0x00, 0x00, 0x00, 0x00, 0x00, 0x00, 0x00, 0x00, 0x00, 0x00, 0x00, 0x00,
  0x00, 0x00, 0x00, 0x00, 0x00, 0x00, 0x00, 0x00, 0x00, 0x00, 0x00, 0x00,
  0x00, 0x00, 0x00, 0x00, 0x00, 0x00, 0x00, 0x00, 0x00, 0x00, 0x00, 0x00,
  0x00, 0x00, 0x00, 0x00, 0x00, 0x00, 0x00, 0x00, 0x00, 0x00, 0x00, 0x00,
  0x00, 0x00, 0x00, 0x00, 0x00, 0x00, 0x00, 0x00, 0x00, 0x00, 0x00, 0x00,
  0x00, 0x00, 0x00, 0x00, 0x00, 0x00, 0x00, 0x00, 0x00, 0x00, 0x00, 0x00,
  0x00, 0x00, 0x00, 0x00, 0x00, 0x00, 0x00, 0x00, 0x00, 0x00, 0x00, 0x00,
  0x00, 0x00, 0x00, 0x00, 0x00, 0x00, 0x00, 0x00, 0x00, 0x00, 0x00, 0x00,
  0x00, 0x00, 0x00, 0x00, 0x00, 0x00, 0x00, 0x00, 0x00, 0x00, 0x00, 0x00,
  0x00, 0x00, 0x00, 0x00, 0x00, 0x00, 0x00, 0x00, 0x00, 0x00, 0x00, 0x00,
  0x00, 0x00, 0x00, 0x00, 0x00, 0x00, 0x00, 0x00, 0x00, 0x00, 0x00, 0x00,
  0x00, 0x00, 0x00, 0x00, 0x00, 0x00, 0x00, 0x00, 0x00, 0x00, 0x00, 0x00,
  0x00, 0x00, 0x00, 0x00, 0x00, 0x00, 0x00, 0x00, 0x00, 0x00, 0x00, 0x00,
  0x00, 0x00, 0x00, 0x00, 0x00, 0x00, 0x00, 0x00, 0x00, 0x00, 0x00, 0x00,
  0x00, 0x00, 0x00, 0x00, 0x00, 0x00, 0x00, 0x00, 0x00, 0x00, 0x00, 0x00,
  0x00, 0x00, 0x00, 0x00, 0x00, 0x00, 0x00, 0x00, 0x00, 0x00, 0x00, 0x00,
  0x00, 0x00, 0x00, 0x00, 0x00, 0x00, 0x00, 0x00, 0x00, 0x00, 0x00, 0x00,
  0x00, 0x00, 0x00, 0x00, 0x00, 0x00, 0x00, 0x00, 0x00, 0x00, 0x00, 0x00,
  0x00, 0x00, 0x00, 0x00, 0x00, 0x00, 0x00, 0x00, 0x00, 0x00, 0x00, 0x00,
  0x00, 0x00, 0x00, 0x00, 0x00, 0x00, 0x00, 0x00, 0x00, 0x00, 0x00, 0x00,
  0x00, 0x00, 0x00, 0x00, 0x00, 0x00, 0x00, 0x00, 0x00, 0x00, 0x00, 0x00,
  0x00, 0x00, 0x00, 0x00, 0x00, 0x00, 0x00, 0x00, 0x00, 0x00, 0x00, 0x00,
  0x00, 0x00, 0x00, 0x00, 0x00, 0x00, 0x00, 0x00, 0x00, 0x00, 0x00, 0x00,
  0x00, 0x00, 0x00, 0x00, 0x00, 0x00, 0x00, 0x00, 0x00, 0x00, 0x00, 0x00,
  0x00, 0x00, 0x00, 0x00, 0x00, 0x00, 0x00, 0x00, 0x00, 0x00, 0x00, 0x00,
  0x00, 0x00, 0x00, 0x00, 0x00, 0x00, 0x00, 0x00, 0x00, 0x00, 0x00, 0x00,
  0x00, 0x00, 0x00, 0x00, 0x00, 0x00, 0x00, 0x00, 0x00, 0x00, 0x00, 0x00,
  0x00, 0x00, 0x00, 0x00, 0x00, 0x00, 0x00, 0x00, 0x00, 0x00, 0x00, 0x00,
  0x00, 0x00, 0x00, 0x00, 0x00, 0x00, 0x00, 0x00, 0x00, 0x00, 0x00, 0x00,
  0x00, 0x00, 0x00, 0x00, 0x00, 0x00, 0x00, 0x00, 0x00, 0x00, 0x00, 0x00,
  0x00, 0x00, 0x00, 0x00, 0x00, 0x00, 0x00, 0x00, 0x00, 0x00, 0x00, 0x00,
  0x00, 0x00, 0x00, 0x00, 0x00, 0x00, 0x00, 0x00, 0x00, 0x00, 0x00, 0x00,
  0x00, 0x00, 0x00, 0x00, 0x00, 0x00, 0x00, 0x00, 0x00, 0x00, 0x00, 0x00,
  0x00, 0x00, 0x00, 0x00, 0x00, 0x00, 0x00, 0x00, 0x00, 0x00, 0x00, 0x00,
  0x00, 0x00, 0x00, 0x00, 0x00, 0x00, 0x00, 0x00, 0x00, 0x00, 0x00, 0x00,
  0x00, 0x00, 0x00, 0x00, 0x00, 0x00, 0x00, 0x00, 0x00, 0x00, 0x00, 0x00,
  0x00, 0x00, 0x00, 0x00, 0x00, 0x00, 0x00, 0x00, 0x00, 0x00, 0x00, 0x00,
  0x00, 0x00, 0x00, 0x00, 0x00, 0x00, 0x00, 0x00, 0x00, 0x00, 0x00, 0x00,
  0x00, 0x00, 0x00, 0x00, 0x00, 0x00, 0x00, 0x00, 0x00, 0x00, 0x00, 0x00,
  0x00, 0x00, 0x00, 0x00, 0x00, 0x00, 0x00, 0x00, 0x00, 0x00, 0x00, 0x00,
  0x00, 0x00, 0x00, 0x00, 0x00, 0x00, 0x00, 0x00, 0x00, 0x00, 0x00, 0x00,
  0x00, 0x00, 0x00, 0x00, 0x00, 0x00, 0x00, 0x00, 0x00, 0x00, 0x00, 0x00,
  0x00, 0x00, 0x00, 0x00, 0x00, 0x00, 0x00, 0x00, 0x00, 0x00, 0x00, 0x00,
  0x00, 0x00, 0x00, 0x00, 0x00, 0x00, 0x00, 0x00, 0x00, 0x00, 0x00, 0x00,
  0x00, 0x00, 0x00, 0x00, 0x00, 0x00, 0x00, 0x00, 0x00, 0x00, 0x00, 0x00,
  0x00, 0x00, 0x00, 0x00, 0x00, 0x00, 0x00, 0x00, 0x00, 0x00, 0x00, 0x00,
  0x00, 0x00, 0x00, 0x00, 0x00, 0x00, 0x00, 0x00, 0x00, 0x00, 0x00, 0x00,
  0x00, 0x00, 0x00, 0x00, 0x00, 0x00, 0x00, 0x00, 0x00, 0x00, 0x00, 0x00,
  0x00, 0x00, 0x00, 0x00, 0x00, 0x00, 0x00, 0x00, 0x00, 0x00, 0x00, 0x00,
  0x00, 0x00, 0x00, 0x00, 0x00, 0x00, 0x00, 0x00, 0x00, 0x00, 0x00, 0x00,
  0x00, 0x00, 0x00, 0x00, 0x00, 0x00, 0x00, 0x00, 0x00, 0x00, 0x00, 0x00,
  0x00, 0x00, 0x00, 0x00, 0x00, 0x00, 0x00, 0x00, 0x00, 0x00, 0x00, 0x00,
  0x00, 0x00, 0x00, 0x00, 0x00, 0x00, 0x00, 0x00, 0x00, 0x00, 0x00, 0x00,
  0x00, 0x00, 0x00, 0x00, 0x00, 0x00, 0x00, 0x00, 0x00, 0x00, 0x00, 0x00,
  0x00, 0x00, 0x00, 0x00, 0x00, 0x00, 0x00, 0x00, 0x00, 0x00, 0x00, 0x00,
  0x00, 0x00, 0x00, 0x00, 0x00, 0x00, 0x00, 0x00, 0x00, 0x00, 0x00, 0x00,
  0x00, 0x00, 0x00, 0x00, 0x00, 0x00, 0x00, 0x00, 0x00, 0x00, 0x00, 0x00,
  0x00, 0x00, 0x00, 0x00, 0x00, 0x00, 0x00, 0x00, 0x00, 0x00, 0x00, 0x00,
  0x00, 0x00, 0x00, 0x00, 0x00, 0x00, 0x00, 0x00, 0x00, 0x00, 0x00, 0x00,
  0x00, 0x00, 0x00, 0x00, 0x00, 0x00, 0x00, 0x00, 0x00, 0x00, 0x00, 0x00,
  0x00, 0x00, 0x00, 0x00, 0x00, 0x00, 0x00, 0x00, 0x00, 0x00, 0x00, 0x00,
  0x00, 0x00, 0x00, 0x00, 0x00, 0x00, 0x00, 0x00, 0x00, 0x00, 0x00, 0x00,
  0x00, 0x00, 0x00, 0x00, 0x00, 0x00, 0x00, 0x00, 0x00, 0x00, 0x00, 0x00,
  0x00, 0x00, 0x00, 0x00, 0x00, 0x00, 0x00, 0x00, 0x00, 0x00, 0x00, 0x00,
  0x00, 0x00, 0x00, 0x00, 0x00, 0x00, 0x00, 0x00, 0x00, 0x00, 0x00, 0x00,
  0x00, 0x00, 0x00, 0x00, 0x00, 0x00, 0x00, 0x00, 0x00, 0x00, 0x00, 0x00,
  0x00, 0x00, 0x00, 0x00, 0x00, 0x00, 0x00, 0x00, 0x00, 0x00, 0x00, 0x00,
  0x00, 0x00, 0x00, 0x00, 0x00, 0x00, 0x00, 0x00, 0x00, 0x00, 0x00, 0x00,
  0x00, 0x00, 0x00, 0x00, 0x00, 0x00, 0x00, 0x00, 0x00, 0x00, 0x00, 0x00,
  0x00, 0x00, 0x00, 0x00, 0x00, 0x00, 0x00, 0x00, 0x00, 0x00, 0x00, 0x00,
  0x00, 0x00, 0x00, 0x00, 0x00, 0x00, 0x00, 0x00, 0x00, 0x00, 0x00, 0x00,
  0x00, 0x00, 0x00, 0x00, 0x00, 0x00, 0x00, 0x00, 0x00, 0x00, 0x00, 0x00,
  0x00, 0x00, 0x00, 0x00, 0x00, 0x00, 0x00, 0x00, 0x00, 0x00, 0x00, 0x00,
  0x00, 0x00, 0x00, 0x00, 0x00, 0x00, 0x00, 0x00, 0x00, 0x00, 0x00, 0x00,
  0x00, 0x00, 0x00, 0x00, 0x00, 0x00, 0x00, 0x00, 0x00, 0x00, 0x00, 0x00,
  0x00, 0x00, 0x00, 0x00, 0x00, 0x00, 0x00, 0x00, 0x00, 0x00, 0x00, 0x00,
  0x00, 0x00, 0x00, 0x00, 0x00, 0x00, 0x00, 0x00, 0x00, 0x00, 0x00, 0x00,
  0x00, 0x00, 0x00, 0x00, 0x00, 0x00, 0x00, 0x00, 0x00, 0x00, 0x00, 0x00,
  0x00, 0x00, 0x00, 0x00, 0x00, 0x00, 0x00, 0x00, 0x00, 0x00, 0x00, 0x00,
  0x00, 0x00, 0x00, 0x00, 0x00, 0x00, 0x00, 0x00, 0x00, 0x00, 0x00, 0x00,
  0x00, 0x00, 0x00, 0x00, 0x00, 0x00, 0x00, 0x00, 0x00, 0x00, 0x00, 0x00,
  0x00, 0x00, 0x00, 0x00, 0x00, 0x00, 0x00, 0x00, 0x00, 0x00, 0x00, 0x00,
  0x00, 0x00, 0x00, 0x00, 0x00, 0x00, 0x00, 0x00, 0x00, 0x00, 0x00, 0x00,
  0x00, 0x00, 0x00, 0x00, 0x00, 0x00, 0x00, 0x00, 0x00, 0x00, 0x00, 0x00,
  0x00, 0x00, 0x00, 0x00, 0x00, 0x00, 0x00, 0x00, 0x00, 0x00, 0x00, 0x00,
  0x00, 0x00, 0x00, 0x00, 0x00, 0x00, 0x00, 0x00, 0x00, 0x00, 0x00, 0x00,
  0x00, 0x00, 0x00, 0x00, 0x00, 0x00, 0x00, 0x00, 0x00, 0x00, 0x00, 0x00,
  0x00, 0x00, 0x00, 0x00, 0x00, 0x00, 0x00, 0x00, 0x00, 0x00, 0x00, 0x00,
  0x00, 0x00, 0x00, 0x00, 0x00, 0x00, 0x00, 0x00, 0x00, 0x00, 0x00, 0x00,
  0x00, 0x00, 0x00, 0x00, 0x00, 0x00, 0x00, 0x00, 0x00, 0x00, 0x00, 0x00,
  0x00, 0x00, 0x00, 0x00, 0x00, 0x00, 0x00, 0x00, 0x00, 0x00, 0x00, 0x00,
  0x00, 0x00, 0x00, 0x00, 0x00, 0x00, 0x00, 0x00, 0x00, 0x00, 0x00, 0x00,
  0x00, 0x00, 0x00, 0x00, 0x00, 0x00, 0x00, 0x00, 0x00, 0x00, 0x00, 0x00,
  0x00, 0x00, 0x00, 0x00, 0x00, 0x00, 0x00, 0x00, 0x00, 0x00, 0x00, 0x00,
  0x00, 0x00, 0x00, 0x00, 0x00, 0x00, 0x00, 0x00, 0x00, 0x00, 0x00, 0x00,
  0x00, 0x00, 0x00, 0x00, 0x00, 0x00, 0x00, 0x00, 0x00, 0x00, 0x00, 0x00,
  0x00, 0x00, 0x00, 0x00, 0x00, 0x00, 0x00, 0x00, 0x00, 0x00, 0x00, 0x00,
  0x00, 0x00, 0x00, 0x00, 0x00, 0x00, 0x00, 0x00, 0x00, 0x00, 0x00, 0x00,
  0x00, 0x00, 0x00, 0x00, 0x00, 0x00, 0x00, 0x00, 0x00, 0x00, 0x00, 0x00,
  0x00, 0x00, 0x00, 0x00, 0x00, 0x00, 0x00, 0x00, 0x00, 0x00, 0x00, 0x00,
  0x00, 0x00, 0x00, 0x00, 0x00, 0x00, 0x00, 0x00, 0x00, 0x00, 0x00, 0x00,
  0x00, 0x00, 0x00, 0x00, 0x00, 0x00, 0x00, 0x00, 0x00, 0x00, 0x00, 0x00,
  0x00, 0x00, 0x00, 0x00, 0x00, 0x00, 0x00, 0x00, 0x00, 0x00, 0x00, 0x00,
  0x00, 0x00, 0x00, 0x00, 0x00, 0x00, 0x00, 0x00, 0x00, 0x00, 0x00, 0x00,
  0x00, 0x00, 0x00, 0x00, 0x00, 0x00, 0x00, 0x00, 0x00, 0x00, 0x00, 0x00,
  0x00, 0x00, 0x00, 0x00, 0x00, 0x00, 0x00, 0x00, 0x00, 0x00, 0x00, 0x00,
  0x00, 0x00, 0x00, 0x00, 0x00, 0x00, 0x00, 0x00, 0x00, 0x00, 0x00, 0x00,
  0x00, 0x00, 0x00, 0x00, 0x00, 0x00, 0x00, 0x00, 0x00, 0x00, 0x00, 0x00,
  0x00, 0x00, 0x00, 0x00, 0x00, 0x00, 0x00, 0x00, 0x00, 0x00, 0x00, 0x00,
  0x00, 0x00, 0x00, 0x00, 0x00, 0x00, 0x00, 0x00, 0x00, 0x00, 0x00, 0x00,
  0x00, 0x00, 0x00, 0x00, 0x00, 0x00, 0x00, 0x00, 0x00, 0x00, 0x00, 0x00,
  0x00, 0x00, 0x00, 0x00, 0x00, 0x00, 0x00, 0x00, 0x00, 0x00, 0x00, 0x00,
  0x00, 0x00, 0x00, 0x00, 0x00, 0x00, 0x00, 0x00, 0x00, 0x00, 0x00, 0x00,
  0x00, 0x00, 0x00, 0x00, 0x00, 0x00, 0x00, 0x00, 0x00, 0x00, 0x00, 0x00,
  0x00, 0x00, 0x00, 0x00, 0x00, 0x00, 0x00, 0x00, 0x00, 0x00, 0x00, 0x00,
  0x00, 0x00, 0x00, 0x00, 0x00, 0x00, 0x00, 0x00, 0x00, 0x00, 0x00, 0x00,
  0x00, 0x00, 0x00, 0x00, 0x00, 0x00, 0x00, 0x00, 0x00, 0x00, 0x00, 0x00,
  0x00, 0x00, 0x00, 0x00, 0x00, 0x00, 0x00, 0x00, 0x00, 0x00, 0x00, 0x00,
  0x00, 0x00, 0x00, 0x00, 0x00, 0x00, 0x00, 0x00, 0x00, 0x00, 0x00, 0x00,
  0x00, 0x00, 0x00, 0x00, 0x00, 0x00, 0x00, 0x00, 0x00, 0x00, 0x00, 0x00,
  0x00, 0x00, 0x00, 0x00, 0x00, 0x00, 0x00, 0x00, 0x00, 0x00, 0x00, 0x00,
  0x00, 0x00, 0x00, 0x00, 0x00, 0x00, 0x00, 0x00, 0x00, 0x00, 0x00, 0x00,
  0x00, 0x00, 0x00, 0x00, 0x00, 0x00, 0x00, 0x00, 0x00, 0x00, 0x00, 0x00,
  0x00, 0x00, 0x00, 0x00, 0x00, 0x00, 0x00, 0x00, 0x00, 0x00, 0x00, 0x00,
  0x00, 0x00, 0x00, 0x00, 0x00, 0x00, 0x00, 0x00, 0x00, 0x00, 0x00, 0x00,
  0x00, 0x00, 0x00, 0x00, 0x00, 0x00, 0x00, 0x00, 0x00, 0x00, 0x00, 0x00,
  0x00, 0x00, 0x00, 0x00, 0x00, 0x00, 0x00, 0x00, 0x00, 0x00, 0x00, 0x00,
  0x00, 0x00, 0x00, 0x00, 0x00, 0x00, 0x00, 0x00, 0x00, 0x00, 0x00, 0x00,
  0x00, 0x00, 0x00, 0x00, 0x00, 0x00, 0x00, 0x00, 0x00, 0x00, 0x00, 0x00,
  0x00, 0x00, 0x00, 0x00, 0x00, 0x00, 0x00, 0x00, 0x00, 0x00, 0x00, 0x00,
  0x00, 0x00, 0x00, 0x00, 0x00, 0x00, 0x00, 0x00, 0x00, 0x00, 0x00, 0x00,
  0x00, 0x00, 0x00, 0x00, 0x00, 0x00, 0x00, 0x00, 0x00, 0x00, 0x00, 0x00,
  0x00, 0x00, 0x00, 0x00, 0x00, 0x00, 0x00, 0x00, 0x00, 0x00, 0x00, 0x00,
  0x00, 0x00, 0x00, 0x00, 0x00, 0x00, 0x00, 0x00, 0x00, 0x00, 0x00, 0x00,
  0x00, 0x00, 0x00, 0x00, 0x00, 0x00, 0x00, 0x00, 0x00, 0x00, 0x00, 0x00,
  0x00, 0x00, 0x00, 0x00, 0x00, 0x00, 0x00, 0x00, 0x00, 0x00, 0x00, 0x00,
  0x00, 0x00, 0x00, 0x00, 0x00, 0x00, 0x00, 0x00, 0x00, 0x00, 0x00, 0x00,
  0x00, 0x00, 0x00, 0x00, 0x00, 0x00, 0x00, 0x00, 0x00, 0x00, 0x00, 0x00,
  0x00, 0x00, 0x00, 0x00, 0x00, 0x00, 0x00, 0x00, 0x00, 0x00, 0x00, 0x00,
  0x00, 0x00, 0x00, 0x00, 0x00, 0x00, 0x00, 0x00, 0x00, 0x00, 0x00, 0x00,
  0x00, 0x00, 0x00, 0x00, 0x00, 0x00, 0x00, 0x00, 0x00, 0x00, 0x00, 0x00,
  0x00, 0x00, 0x00, 0x00, 0x00, 0x00, 0x00, 0x00, 0x00, 0x00, 0x00, 0x00,
  0x00, 0x00, 0x00, 0x00, 0x00, 0x00, 0x00, 0x00, 0x00, 0x00, 0x00, 0x00,
  0x00, 0x00, 0x00, 0x00, 0x00, 0x00, 0x00, 0x00, 0x00, 0x00, 0x00, 0x00,
  0x00, 0x00, 0x00, 0x00, 0x00, 0x00, 0x00, 0x00, 0x00, 0x00, 0x00, 0x00,
  0x00, 0x00, 0x00, 0x00, 0x00, 0x00, 0x00, 0x00, 0x00, 0x00, 0x00, 0x00,
  0x00, 0x00, 0x00, 0x00, 0x00, 0x00, 0x00, 0x00, 0x00, 0x00, 0x00, 0x00,
  0x00, 0x00, 0x00, 0x00, 0x00, 0x00, 0x00, 0x00, 0x00, 0x00, 0x00, 0x00,
  0x00, 0x00, 0x00, 0x00, 0x00, 0x00, 0x00, 0x00, 0x00, 0x00, 0x00, 0x00,
  0x00, 0x00, 0x00, 0x00, 0x00, 0x00, 0x00, 0x00, 0x00, 0x00, 0x00, 0x00,
  0x00, 0x00, 0x00, 0x00, 0x00, 0x00, 0x00, 0x00, 0x00, 0x00, 0x00, 0x00,
  0x00, 0x00, 0x00, 0x00, 0x00, 0x00, 0x00, 0x00, 0x00, 0x00, 0x00, 0x00,
  0x00, 0x00, 0x00, 0x00, 0x00, 0x00, 0x00, 0x00, 0x00, 0x00, 0x00, 0x00,
  0x00, 0x00, 0x00, 0x00, 0x00, 0x00, 0x00, 0x00, 0x00, 0x00, 0x00, 0x00,
  0x00, 0x00, 0x00, 0x00, 0x00, 0x00, 0x00, 0x00, 0x00, 0x00, 0x00, 0x00,
  0x00, 0x00, 0x00, 0x00, 0x00, 0x00, 0x00, 0x00, 0x00, 0x00, 0x00, 0x00,
  0x00, 0x00, 0x00, 0x00, 0x00, 0x00, 0x00, 0x00, 0x00, 0x00, 0x00, 0x00,
  0x00, 0x00, 0x00, 0x00, 0x00, 0x00, 0x00, 0x00, 0x00, 0x00, 0x00, 0x00,
  0x00, 0x00, 0x00, 0x00, 0x00, 0x00, 0x00, 0x00, 0x00, 0x00, 0x00, 0x00,
  0x00, 0x00, 0x00, 0x00, 0x00, 0x00, 0x00, 0x00, 0x00, 0x00, 0x00, 0x00,
  0x00, 0x00, 0x00, 0x00, 0x00, 0x00, 0x00, 0x00, 0x00, 0x00, 0x00, 0x00,
  0x00, 0x00, 0x00, 0x00, 0x00, 0x00, 0x00, 0x00, 0x00, 0x00, 0x00, 0x00,
  0x00, 0x00, 0x00, 0x00, 0x00, 0x00, 0x00, 0x00, 0x00, 0x00, 0x00, 0x00,
  0x00, 0x00, 0x00, 0x00, 0x00, 0x00, 0x00, 0x00, 0x00, 0x00, 0x00, 0x00,
  0x00, 0x00, 0x00, 0x00, 0x00, 0x00, 0x00, 0x00, 0x00, 0x00, 0x00, 0x00,
  0x00, 0x00, 0x00, 0x00, 0x00, 0x00, 0x00, 0x00, 0x00, 0x00, 0x00, 0x00,
  0x00, 0x00, 0x00, 0x00, 0x00, 0x00, 0x00, 0x00, 0x00, 0x00, 0x00, 0x00,
  0x00, 0x00, 0x00, 0x00, 0x00, 0x00, 0x00, 0x00, 0x00, 0x00, 0x00, 0x00,
  0x00, 0x00, 0x00, 0x00, 0x00, 0x00, 0x00, 0x00, 0x00, 0x00, 0x00, 0x00,
  0x00, 0x00, 0x00, 0x00, 0x00, 0x00, 0x00, 0x00, 0x00, 0x00, 0x00, 0x00,
  0x00, 0x00, 0x00, 0x00, 0x00, 0x00, 0x00, 0x00, 0x00, 0x00, 0x00, 0x00,
  0x00, 0x00, 0x00, 0x00, 0x00, 0x00, 0x00, 0x00, 0x00, 0x00, 0x00, 0x00,
  0x00, 0x00, 0x00, 0x00, 0x00, 0x00, 0x00, 0x00, 0x00, 0x00, 0x00, 0x00,
  0x00, 0x00, 0x00, 0x00, 0x00, 0x00, 0x00, 0x00, 0x00, 0x00, 0x00, 0x00,
  0x00, 0x00, 0x00, 0x00, 0x00, 0x00, 0x00, 0x00, 0x00, 0x00, 0x00, 0x00,
  0x00, 0x00, 0x00, 0x00, 0x00, 0x00, 0x00, 0x00, 0x00, 0x00, 0x00, 0x00,
  0x00, 0x00, 0x00, 0x00, 0x00, 0x00, 0x00, 0x00, 0x00, 0x00, 0x00, 0x00,
  0x00, 0x00, 0x00, 0x00, 0x00, 0x00, 0x00, 0x00, 0x00, 0x00, 0x00, 0x00,
  0x00, 0x00, 0x00, 0x00, 0x00, 0x00, 0x00, 0x00, 0x00, 0x00, 0x00, 0x00,
  0x00, 0x00, 0x00, 0x00, 0x00, 0x00, 0x00, 0x00, 0x00, 0x00, 0x00, 0x00,
  0x00, 0x00, 0x00, 0x00, 0x00, 0x00, 0x00, 0x00, 0x00, 0x00, 0x00, 0x00,
  0x00, 0x00, 0x00, 0x00, 0x00, 0x00, 0x00, 0x00, 0x00, 0x00, 0x00, 0x00,
  0x00, 0x00, 0x00, 0x00, 0x00, 0x00, 0x00, 0x00, 0x00, 0x00, 0x00, 0x00,
  0x00, 0x00, 0x00, 0x00, 0x00, 0x00, 0x00, 0x00, 0x00, 0x00, 0x00, 0x00,
  0x00, 0x00, 0x00, 0x00, 0x00, 0x00, 0x00, 0x00, 0x00, 0x00, 0x00, 0x00,
  0x00, 0x00, 0x00, 0x00, 0x00, 0x00, 0x00, 0x00, 0x00, 0x00, 0x00, 0x00,
  0x00, 0x00, 0x00, 0x00, 0x00, 0x00, 0x00, 0x00, 0x00, 0x00, 0x00, 0x00,
  0x00, 0x00, 0x00, 0x00, 0x00, 0x00, 0x00, 0x00, 0x00, 0x00, 0x00, 0x00,
  0x00, 0x00, 0x00, 0x00, 0x00, 0x00, 0x00, 0x00, 0x00, 0x00, 0x00, 0x00,
  0x00, 0x00, 0x00, 0x00, 0x00, 0x00, 0x00, 0x00, 0x00, 0x00, 0x00, 0x00,
  0x00, 0x00, 0x00, 0x00, 0x00, 0x00, 0x00, 0x00, 0x00, 0x00, 0x00, 0x00,
  0x00, 0x00, 0x00, 0x00, 0x00, 0x00, 0x00, 0x00, 0x00, 0x00, 0x00, 0x00,
  0x00, 0x00, 0x00, 0x00, 0x00, 0x00, 0x00, 0x00, 0x00, 0x00, 0x00, 0x00,
  0x00, 0x00, 0x00, 0x00, 0x00, 0x00, 0x00, 0x00, 0x00, 0x00, 0x00, 0x00,
  0x00, 0x00, 0x00, 0x00, 0x00, 0x00, 0x00, 0x00, 0x00, 0x00, 0x00, 0x00,
  0x00, 0x00, 0x00, 0x00, 0x00, 0x00, 0x00, 0x00, 0x00, 0x00, 0x00, 0x00,
  0x00, 0x00, 0x00, 0x00, 0x00, 0x00, 0x00, 0x00, 0x00, 0x00, 0x00, 0x00,
  0x00, 0x00, 0x00, 0x00, 0x00, 0x00, 0x00, 0x00, 0x00, 0x00, 0x00, 0x00,
  0x00, 0x00, 0x00, 0x00, 0x00, 0x00, 0x00, 0x00, 0x00, 0x00, 0x00, 0x00,
  0x00, 0x00, 0x00, 0x00, 0x00, 0x00, 0x00, 0x00, 0x00, 0x00, 0x00, 0x00,
  0x00, 0x00, 0x00, 0x00, 0x00, 0x00, 0x00, 0x00, 0x00, 0x00, 0x00, 0x00,
  0x00, 0x00, 0x00, 0x00, 0x00, 0x00, 0x00, 0x00, 0x00, 0x00, 0x00, 0x00,
  0x00, 0x00, 0x00, 0x00, 0x00, 0x00, 0x00, 0x00, 0x00, 0x00, 0x00, 0x00,
  0x00, 0x00, 0x00, 0x00, 0x00, 0x00, 0x00, 0x00, 0x00, 0x00, 0x00, 0x00,
  0x00, 0x00, 0x00, 0x00, 0x00, 0x00, 0x00, 0x00, 0x00, 0x00, 0x00, 0x00,
  0x00, 0x00, 0x00, 0x00, 0x00, 0x00, 0x00, 0x00, 0x00, 0x00, 0x00, 0x00,
  0x00, 0x00, 0x00, 0x00, 0x00, 0x00, 0x00, 0x00, 0x00, 0x00, 0x00, 0x00,
  0x00, 0x00, 0x00, 0x00, 0x00, 0x00, 0x00, 0x00, 0x00, 0x00, 0x00, 0x00,
  0x00, 0x00, 0x00, 0x00, 0x00, 0x00, 0x00, 0x00, 0x00, 0x00, 0x00, 0x00,
  0x00, 0x00, 0x00, 0x00, 0x00, 0x00, 0x00, 0x00, 0x00, 0x00, 0x00, 0x00,
  0x00, 0x00, 0x00, 0x00, 0x00, 0x00, 0x00, 0x00, 0x00, 0x00, 0x00, 0x00,
  0x00, 0x00, 0x00, 0x00, 0x00, 0x00, 0x00, 0x00, 0x00, 0x00, 0x00, 0x00,
  0x00, 0x00, 0x00, 0x00, 0x00, 0x00, 0x00, 0x00, 0x00, 0x00, 0x00, 0x00,
  0x00, 0x00, 0x00, 0x00, 0x00, 0x00, 0x00, 0x00, 0x00, 0x00, 0x00, 0x00,
  0x00, 0x00, 0x00, 0x00, 0x00, 0x00, 0x00, 0x00, 0x00, 0x00, 0x00, 0x00,
  0x00, 0x00, 0x00, 0x00, 0x00, 0x00, 0x00, 0x00, 0x00, 0x00, 0x00, 0x00,
  0x00, 0x00, 0x00, 0x00, 0x00, 0x00, 0x00, 0x00, 0x00, 0x00, 0x00, 0x00,
  0x00, 0x00, 0x00, 0x00, 0x00, 0x00, 0x00, 0x00, 0x00, 0x00, 0x00, 0x00,
  0x00, 0x00, 0x00, 0x00, 0x00, 0x00, 0x00, 0x00, 0x00, 0x00, 0x00, 0x00,
  0x00, 0x00, 0x00, 0x00, 0x00, 0x00, 0x00, 0x00, 0x00, 0x00, 0x00, 0x00,
  0x00, 0x00, 0x00, 0x00, 0x00, 0x00, 0x00, 0x00, 0x00, 0x00, 0x00, 0x00,
  0x00, 0x00, 0x00, 0x00, 0x00, 0x00, 0x00, 0x00, 0x00, 0x00, 0x00, 0x00,
  0x00, 0x00, 0x00, 0x00, 0x00, 0x00, 0x00, 0x00, 0x00, 0x00, 0x00, 0x00,
  0x00, 0x00, 0x00, 0x00, 0x00, 0x00, 0x00, 0x00, 0x00, 0x00, 0x00, 0x00,
  0x00, 0x00, 0x00, 0x00, 0x00, 0x00, 0x00, 0x00, 0x00, 0x00, 0x00, 0x00,
  0x00, 0x00, 0x00, 0x00, 0x00, 0x00, 0x00, 0x00, 0x00, 0x00, 0x00, 0x00,
  0x00, 0x00, 0x00, 0x00, 0x00, 0x00, 0x00, 0x00, 0x00, 0x00, 0x00, 0x00,
  0x00, 0x00, 0x00, 0x00, 0x00, 0x00, 0x00, 0x00, 0x00, 0x00, 0x00, 0x00,
  0x00, 0x00, 0x00, 0x00, 0x00, 0x00, 0x00, 0x00, 0x00, 0x00, 0x00, 0x00,
  0x00, 0x00, 0x00, 0x00, 0x00, 0x00, 0x00, 0x00, 0x00, 0x00, 0x00, 0x00,
  0x00, 0x00, 0x00, 0x00, 0x00, 0x00, 0x00, 0x00, 0x00, 0x00, 0x00, 0x00,
  0x00, 0x00, 0x00, 0x00, 0x00, 0x00, 0x00, 0x00, 0x00, 0x00, 0x00, 0x00,
  0x00, 0x00, 0x00, 0x00, 0x00, 0x00, 0x00, 0x00, 0x00, 0x00, 0x00, 0x00,
  0x00, 0x00, 0x00, 0x00, 0x00, 0x00, 0x00, 0x00, 0x00, 0x00, 0x00, 0x00,
  0x00, 0x00, 0x00, 0x00, 0x00, 0x00, 0x00, 0x00, 0x00, 0x00, 0x00, 0x00,
  0x00, 0x00, 0x00, 0x00, 0x00, 0x00, 0x00, 0x00, 0x00, 0x00, 0x00, 0x00,
  0x00, 0x00, 0x00, 0x00, 0x00, 0x00, 0x00, 0x00, 0x00, 0x00, 0x00, 0x00,
  0x00, 0x00, 0x00, 0x00, 0x00, 0x00, 0x00, 0x00, 0x00, 0x00, 0x00, 0x00,
  0x00, 0x00, 0x00, 0x00, 0x00, 0x00, 0x00, 0x00, 0x00, 0x00, 0x00, 0x00,
  0x00, 0x00, 0x00, 0x00, 0x00, 0x00, 0x00, 0x00, 0x00, 0x00, 0x00, 0x00,
  0x00, 0x00, 0x00, 0x00, 0x00, 0x00, 0x00, 0x00, 0x00, 0x00, 0x00, 0x00,
  0x00, 0x00, 0x00, 0x00, 0x00, 0x00, 0x00, 0x00, 0x00, 0x00, 0x00, 0x00,
  0x00, 0x00, 0x00, 0x00, 0x00, 0x00, 0x00, 0x00, 0x00, 0x00, 0x00, 0x00,
  0x00, 0x00, 0x00, 0x00, 0x00, 0x00, 0x00, 0x00, 0x00, 0x00, 0x00, 0x00,
  0x00, 0x00, 0x00, 0x00, 0x00, 0x00, 0x00, 0x00, 0x00, 0x00, 0x00, 0x00,
  0x00, 0x00, 0x00, 0x00, 0x00, 0x00, 0x00, 0x00, 0x00, 0x00, 0x00, 0x00,
  0x00, 0x00, 0x00, 0x00, 0x00, 0x00, 0x00, 0x00, 0x00, 0x00, 0x00, 0x00,
  0x00, 0x00, 0x00, 0x00, 0x00, 0x00, 0x00, 0x00, 0x00, 0x00, 0x00, 0x00,
  0x00, 0x00, 0x00, 0x00, 0x00, 0x00, 0x00, 0x00, 0x00, 0x00, 0x00, 0x00,
  0x00, 0x00, 0x00, 0x00, 0x00, 0x00, 0x00, 0x00, 0x00, 0x00, 0x00, 0x00,
  0x00, 0x00, 0x00, 0x00, 0x00, 0x00, 0x00, 0x00, 0x00, 0x00, 0x00, 0x00,
  0x00, 0x00, 0x00, 0x00, 0x00, 0x00, 0x00, 0x00, 0x00, 0x00, 0x00, 0x00,
  0x00, 0x00, 0x00, 0x00, 0x00, 0x00, 0x00, 0x00, 0x00, 0x00, 0x00, 0x00,
  0x00, 0x00, 0x00, 0x00, 0x00, 0x00, 0x00, 0x00, 0x00, 0x00, 0x00, 0x00,
  0x00, 0x00, 0x00, 0x00, 0x00, 0x00, 0x00, 0x00, 0x00, 0x00, 0x00, 0x00,
  0x00, 0x00, 0x00, 0x00, 0x00, 0x00, 0x00, 0x00, 0x00, 0x00, 0x00, 0x00,
  0x00, 0x00, 0x00, 0x00, 0x00, 0x00, 0x00, 0x00, 0x00, 0x00, 0x00, 0x00,
  0x00, 0x00, 0x00, 0x00, 0x00, 0x00, 0x00, 0x00, 0x00, 0x00, 0x00, 0x00,
  0x00, 0x00, 0x00, 0x00, 0x00, 0x00, 0x00, 0x00, 0x00, 0x00, 0x00, 0x00,
  0x00, 0x00, 0x00, 0x00, 0x00, 0x00, 0x00, 0x00, 0x00, 0x00, 0x00, 0x00,
  0x00, 0x00, 0x00, 0x00, 0x00, 0x00, 0x00, 0x00, 0x00, 0x00, 0x00, 0x00,
  0x00, 0x00, 0x00, 0x00, 0x00, 0x00, 0x00, 0x00, 0x00, 0x00, 0x00, 0x00,
  0x00, 0x00, 0x00, 0x00, 0x00, 0x00, 0x00, 0x00, 0x00, 0x00, 0x00, 0x00,
  0x00, 0x00, 0x00, 0x00, 0x00, 0x00, 0x00, 0x00, 0x00, 0x00, 0x00, 0x00,
  0x00, 0x00, 0x00, 0x00, 0x00, 0x00, 0x00, 0x00, 0x00, 0x00, 0x00, 0x00,
  0x00, 0x00, 0x00, 0x00, 0x00, 0x00, 0x00, 0x00, 0x00, 0x00, 0x00, 0x00,
  0x00, 0x00, 0x00, 0x00, 0x00, 0x00, 0x00, 0x00, 0x00, 0x00, 0x00, 0x00,
  0x00, 0x00, 0x00, 0x00, 0x00, 0x00, 0x00, 0x00, 0x00, 0x00, 0x00, 0x00,
  0x00, 0x00, 0x00, 0x00, 0x00, 0x00, 0x00, 0x00, 0x00, 0x00, 0x00, 0x00,
  0x00, 0x00, 0x00, 0x00, 0x00, 0x00, 0x00, 0x00, 0x00, 0x00, 0x00, 0x00,
  0x00, 0x00, 0x00, 0x00, 0x00, 0x00, 0x00, 0x00, 0x00, 0x00, 0x00, 0x00,
  0x00, 0x00, 0x00, 0x00, 0x00, 0x00, 0x00, 0x00, 0x00, 0x00, 0x00, 0x00,
  0x00, 0x00, 0x00, 0x00, 0x00, 0x00, 0x00, 0x00, 0x00, 0x00, 0x00, 0x00,
  0x00, 0x00, 0x00, 0x00, 0x00, 0x00, 0x00, 0x00, 0x00, 0x00, 0x00, 0x00,
  0x00, 0x00, 0x00, 0x00, 0x00, 0x00, 0x00, 0x00, 0x00, 0x00, 0x00, 0x00,
  0x00, 0x00, 0x00, 0x00, 0x00, 0x00, 0x00, 0x00, 0x00, 0x00, 0x00, 0x00,
  0x00, 0x00, 0x00, 0x00, 0x00, 0x00, 0x00, 0x00, 0x00, 0x00, 0x00, 0x00,
  0x00, 0x00, 0x00, 0x00, 0x00, 0x00, 0x00, 0x00, 0x00, 0x00, 0x00, 0x00,
  0x00, 0x00, 0x00, 0x00, 0x00, 0x00, 0x00, 0x00, 0x00, 0x00, 0x00, 0x00,
  0x00, 0x00, 0x00, 0x00, 0x00, 0x00, 0x00, 0x00, 0x00, 0x00, 0x00, 0x00,
  0x00, 0x00, 0x00, 0x00, 0x00, 0x00, 0x00, 0x00, 0x00, 0x00, 0x00, 0x00,
  0x00, 0x00, 0x00, 0x00, 0x00, 0x00, 0x00, 0x00, 0x00, 0x00, 0x00, 0x00,
  0x00, 0x00, 0x00, 0x00, 0x00, 0x00, 0x00, 0x00, 0x00, 0x00, 0x00, 0x00,
  0x00, 0x00, 0x00, 0x00, 0x00, 0x00, 0x00, 0x00, 0x00, 0x00, 0x00, 0x00,
  0x00, 0x00, 0x00, 0x00, 0x00, 0x00, 0x00, 0x00, 0x00, 0x00, 0x00, 0x00,
  0x00, 0x00, 0x00, 0x00, 0x00, 0x00, 0x00, 0x00, 0x00, 0x00, 0x00, 0x00,
  0x00, 0x00, 0x00, 0x00, 0x00, 0x00, 0x00, 0x00, 0x00, 0x00, 0x00, 0x00,
  0x00, 0x00, 0x00, 0x00, 0x00, 0x00, 0x00, 0x00, 0x00, 0x00, 0x00, 0x00,
  0x00, 0x00, 0x00, 0x00, 0x00, 0x00, 0x00, 0x00, 0x00, 0x00, 0x00, 0x00,
  0x00, 0x00, 0x00, 0x00, 0x00, 0x00, 0x00, 0x00, 0x00, 0x00, 0x00, 0x00,
  0x00, 0x00, 0x00, 0x00, 0x00, 0x00, 0x00, 0x00, 0x00, 0x00, 0x00, 0x00,
  0x00, 0x00, 0x00, 0x00, 0x00, 0x00, 0x00, 0x00, 0x00, 0x00, 0x00, 0x00,
  0x00, 0x00, 0x00, 0x00, 0x00, 0x00, 0x00, 0x00, 0x00, 0x00, 0x00, 0x00,
  0x00, 0x00, 0x00, 0x00, 0x00, 0x00, 0x00, 0x00, 0x00, 0x00, 0x00, 0x00,
  0x00, 0x00, 0x00, 0x00, 0x00, 0x00, 0x00, 0x00, 0x00, 0x00, 0x00, 0x00,
  0x00, 0x00, 0x00, 0x00, 0x00, 0x00, 0x00, 0x00, 0x00, 0x00, 0x00, 0x00,
  0x00, 0x00, 0x00, 0x00, 0x00, 0x00, 0x00, 0x00, 0x00, 0x00, 0x00, 0x00,
  0x00, 0x00, 0x00, 0x00, 0x00, 0x00, 0x00, 0x00, 0x00, 0x00, 0x00, 0x00,
  0x00, 0x00, 0x00, 0x00, 0x00, 0x00, 0x00, 0x00, 0x00, 0x00, 0x00, 0x00,
  0x00, 0x00, 0x00, 0x00, 0x00, 0x00, 0x00, 0x00, 0x00, 0x00, 0x00, 0x00,
  0x00, 0x00, 0x00, 0x00, 0x00, 0x00, 0x00, 0x00, 0x00, 0x00, 0x00, 0x00,
  0x00, 0x00, 0x00, 0x00, 0x00, 0x00, 0x00, 0x00, 0x00, 0x00, 0x00, 0x00,
  0x00, 0x00, 0x00, 0x00, 0x00, 0x00, 0x00, 0x00, 0x00, 0x00, 0x00, 0x00,
  0x00, 0x00, 0x00, 0x00, 0x00, 0x00, 0x00, 0x00, 0x00, 0x00, 0x00, 0x00,
  0x00, 0x00, 0x00, 0x00, 0x00, 0x00, 0x00, 0x00, 0x00, 0x00, 0x00, 0x00,
  0x00, 0x00, 0x00, 0x00, 0x00, 0x00, 0x00, 0x00, 0x00, 0x00, 0x00, 0x00,
  0x00, 0x00, 0x00, 0x00, 0x00, 0x00, 0x00, 0x00, 0x00, 0x00, 0x00, 0x00,
  0x00, 0x00, 0x00, 0x00, 0x00, 0x00, 0x00, 0x00, 0x00, 0x00, 0x00, 0x00,
  0x00, 0x00, 0x00, 0x00, 0x00, 0x00, 0x00, 0x00, 0x00, 0x00, 0x00, 0x00,
  0x00, 0x00, 0x00, 0x00, 0x00, 0x00, 0x00, 0x00, 0x00, 0x00, 0x00, 0x00,
  0x00, 0x00, 0x00, 0x00, 0x00, 0x00, 0x00, 0x00, 0x00, 0x00, 0x00, 0x00,
  0x00, 0x00, 0x00, 0x00, 0x00, 0x00, 0x00, 0x00, 0x00, 0x00, 0x00, 0x00,
  0x00, 0x00, 0x00, 0x00, 0x00, 0x00, 0x00, 0x00, 0x00, 0x00, 0x00, 0x00,
  0x00, 0x00, 0x00, 0x00, 0x00, 0x00, 0x00, 0x00, 0x00, 0x00, 0x00, 0x00,
  0x00, 0x00, 0x00, 0x00, 0x00, 0x00, 0x00, 0x00, 0x00, 0x00, 0x00, 0x00,
  0x00, 0x00, 0x00, 0x00, 0x00, 0x00, 0x00, 0x00, 0x00, 0x00, 0x00, 0x00,
  0x00, 0x00, 0x00, 0x00, 0x00, 0x00, 0x00, 0x00, 0x00, 0x00, 0x00, 0x00,
  0x00, 0x00, 0x00, 0x00, 0x00, 0x00, 0x00, 0x00, 0x00, 0x00, 0x00, 0x00,
  0x00, 0x00, 0x00, 0x00, 0x00, 0x00, 0x00, 0x00, 0x00, 0x00, 0x00, 0x00,
  0x00, 0x00, 0x00, 0x00, 0x00, 0x00, 0x00, 0x00, 0x00, 0x00, 0x00, 0x00,
  0x00, 0x00, 0x00, 0x00, 0x00, 0x00, 0x00, 0x00, 0x00, 0x00, 0x00, 0x00,
  0x00, 0x00, 0x00, 0x00, 0x00, 0x00, 0x00, 0x00, 0x00, 0x00, 0x00, 0x00,
  0x00, 0x00, 0x00, 0x00, 0x00, 0x00, 0x00, 0x00, 0x00, 0x00, 0x00, 0x00,
  0x00, 0x00, 0x00, 0x00, 0x00, 0x00, 0x00, 0x00, 0x00, 0x00, 0x00, 0x00,
  0x00, 0x00, 0x00, 0x00, 0x00, 0x00, 0x00, 0x00, 0x00, 0x00, 0x00, 0x00,
  0x00, 0x00, 0x00, 0x00, 0x00, 0x00, 0x00, 0x00, 0x00, 0x00, 0x00, 0x00,
  0x00, 0x00, 0x00, 0x00, 0x00, 0x00, 0x00, 0x00, 0x00, 0x00, 0x00, 0x00,
  0x00, 0x00, 0x00, 0x00, 0x00, 0x00, 0x00, 0x00, 0x00, 0x00, 0x00, 0x00,
  0x00, 0x00, 0x00, 0x00, 0x00, 0x00, 0x00, 0x00, 0x00, 0x00, 0x00, 0x00,
  0x00, 0x00, 0x00, 0x00, 0x00, 0x00, 0x00, 0x00, 0x00, 0x00, 0x00, 0x00,
  0x00, 0x00, 0x00, 0x00, 0x00, 0x00, 0x00, 0x00, 0x00, 0x00, 0x00, 0x00,
  0x00, 0x00, 0x00, 0x00, 0x00, 0x00, 0x00, 0x00, 0x00, 0x00, 0x00, 0x00,
  0x00, 0x00, 0x00, 0x00, 0x00, 0x00, 0x00, 0x00, 0x00, 0x00, 0x00, 0x00,
  0x00, 0x00, 0x00, 0x00, 0x00, 0x00, 0x00, 0x00, 0x00, 0x00, 0x00, 0x00,
  0x00, 0x00, 0x00, 0x00, 0x00, 0x00, 0x00, 0x00, 0x00, 0x00, 0x00, 0x00,
  0x00, 0x00, 0x00, 0x00, 0x00, 0x00, 0x00, 0x00, 0x00, 0x00, 0x00, 0x00,
  0x00, 0x00, 0x00, 0x00, 0x00, 0x00, 0x00, 0x00, 0x00, 0x00, 0x00, 0x00,
  0x00, 0x00, 0x00, 0x00, 0x00, 0x00, 0x00, 0x00, 0x00, 0x00, 0x00, 0x00,
  0x00, 0x00, 0x00, 0x00, 0x00, 0x00, 0x00, 0x00, 0x00, 0x00, 0x00, 0x00,
  0x00, 0x00, 0x00, 0x00, 0x00, 0x00, 0x00, 0x00, 0x00, 0x00, 0x00, 0x00,
  0x00, 0x00, 0x00, 0x00, 0x00, 0x00, 0x00, 0x00, 0x00, 0x00, 0x00, 0x00,
  0x00, 0x00, 0x00, 0x00, 0x00, 0x00, 0x00, 0x00, 0x00, 0x00, 0x00, 0x00,
  0x00, 0x00, 0x00, 0x00, 0x00, 0x00, 0x00, 0x00, 0x00, 0x00, 0x00, 0x00,
  0x00, 0x00, 0x00, 0x00, 0x00, 0x00, 0x00, 0x00, 0x00, 0x00, 0x00, 0x00,
  0x00, 0x00, 0x00, 0x00, 0x00, 0x00, 0x00, 0x00, 0x00, 0x00, 0x00, 0x00,
  0x00, 0x00, 0x00, 0x00, 0x00, 0x00, 0x00, 0x00, 0x00, 0x00, 0x00, 0x00,
  0x00, 0x00, 0x00, 0x00, 0x00, 0x00, 0x00, 0x00, 0x00, 0x00, 0x00, 0x00,
  0x00, 0x00, 0x00, 0x00, 0x00, 0x00, 0x00, 0x00, 0x00, 0x00, 0x00, 0x00,
  0x00, 0x00, 0x00, 0x00, 0x00, 0x00, 0x00, 0x00, 0x00, 0x00, 0x00, 0x00,
  0x00, 0x00, 0x00, 0x00, 0x00, 0x00, 0x00, 0x00, 0x00, 0x00, 0x00, 0x00,
  0x00, 0x00, 0x00, 0x00, 0x00, 0x00, 0x00, 0x00, 0x00, 0x00, 0x00, 0x00,
  0x00, 0x00, 0x00, 0x00, 0x00, 0x00, 0x00, 0x00, 0x00, 0x00, 0x00, 0x00,
  0x00, 0x00, 0x00, 0x00, 0x00, 0x00, 0x00, 0x00, 0x00, 0x00, 0x00, 0x00,
  0x00, 0x00, 0x00, 0x00, 0x00, 0x00, 0x00, 0x00, 0x00, 0x00, 0x00, 0x00,
  0x00, 0x00, 0x00, 0x00, 0x00, 0x00, 0x00, 0x00, 0x00, 0x00, 0x00, 0x00,
  0x00, 0x00, 0x00, 0x00, 0x00, 0x00, 0x00, 0x00, 0x00, 0x00, 0x00, 0x00,
  0x00, 0x00, 0x00, 0x00, 0x00, 0x00, 0x00, 0x00, 0x00, 0x00, 0x00, 0x00,
  0x00, 0x00, 0x00, 0x00, 0x00, 0x00, 0x00, 0x00, 0x00, 0x00, 0x00, 0x00,
  0x00, 0x00, 0x00, 0x00, 0x00, 0x00, 0x00, 0x00, 0x00, 0x00, 0x00, 0x00,
  0x00, 0x00, 0x00, 0x00, 0x00, 0x00, 0x00, 0x00, 0x00, 0x00, 0x00, 0x00,
  0x00, 0x00, 0x00, 0x00, 0x00, 0x00, 0x00, 0x00, 0x00, 0x00, 0x00, 0x00,
  0x00, 0x00, 0x00, 0x00, 0x00, 0x00, 0x00, 0x00, 0x00, 0x00, 0x00, 0x00,
  0x00, 0x00, 0x00, 0x00, 0x00, 0x00, 0x00, 0x00, 0x00, 0x00, 0x00, 0x00,
  0x00, 0x00, 0x00, 0x00, 0x00, 0x00, 0x00, 0x00, 0x00, 0x00, 0x00, 0x00,
  0x00, 0x00, 0x00, 0x00, 0x00, 0x00, 0x00, 0x00, 0x00, 0x00, 0x00, 0x00,
  0x00, 0x00, 0x00, 0x00, 0x00, 0x00, 0x00, 0x00, 0x00, 0x00, 0x00, 0x00,
  0x00, 0x00, 0x00, 0x00, 0x00, 0x00, 0x00, 0x00, 0x00, 0x00, 0x00, 0x00,
  0x00, 0x00, 0x00, 0x00, 0x00, 0x00, 0x00, 0x00, 0x00, 0x00, 0x00, 0x00,
  0x00, 0x00, 0x00, 0x00, 0x00, 0x00, 0x00, 0x00, 0x00, 0x00, 0x00, 0x00,
  0x00, 0x00, 0x00, 0x00, 0x00, 0x00, 0x00, 0x00, 0x00, 0x00, 0x00, 0x00,
  0x00, 0x00, 0x00, 0x00, 0x00, 0x00, 0x00, 0x00, 0x00, 0x00, 0x00, 0x00,
  0x00, 0x00, 0x00, 0x00, 0x00, 0x00, 0x00, 0x00, 0x00, 0x00, 0x00, 0x00,
  0x00, 0x00, 0x00, 0x00, 0x00, 0x00, 0x00, 0x00, 0x00, 0x00, 0x00, 0x00,
  0x00, 0x00, 0x00, 0x00, 0x00, 0x00, 0x00, 0x00, 0x00, 0x00, 0x00, 0x00,
  0x00, 0x00, 0x00, 0x00, 0x00, 0x00, 0x00, 0x00, 0x00, 0x00, 0x00, 0x00,
  0x00, 0x00, 0x00, 0x00, 0x00, 0x00, 0x00, 0x00, 0x00, 0x00, 0x00, 0x00,
  0x00, 0x00, 0x00, 0x00, 0x00, 0x00, 0x00, 0x00, 0x00, 0x00, 0x00, 0x00,
  0x00, 0x00, 0x00, 0x00, 0x00, 0x00, 0x00, 0x00, 0x00, 0x00, 0x00, 0x00,
  0x00, 0x00, 0x00, 0x00, 0x00, 0x00, 0x00, 0x00, 0x00, 0x00, 0x00, 0x00,
  0x00, 0x00, 0x00, 0x00, 0x00, 0x00, 0x00, 0x00, 0x00, 0x00, 0x00, 0x00,
  0x00, 0x00, 0x00, 0x00, 0x00, 0x00, 0x00, 0x00, 0x00, 0x00, 0x00, 0x00,
  0x00, 0x00, 0x00, 0x00, 0x00, 0x00, 0x00, 0x00, 0x00, 0x00, 0x00, 0x00,
  0x00, 0x00, 0x00, 0x00, 0x00, 0x00, 0x00, 0x00, 0x00, 0x00, 0x00, 0x00,
  0x00, 0x00, 0x00, 0x00, 0x00, 0x00, 0x00, 0x00, 0x00, 0x00, 0x00, 0x00,
  0x00, 0x00, 0x00, 0x00, 0x00, 0x00, 0x00, 0x00, 0x00, 0x00, 0x00, 0x00,
  0x00, 0x00, 0x00, 0x00, 0x00, 0x00, 0x00, 0x00, 0x00, 0x00, 0x00, 0x00,
  0x00, 0x00, 0x00, 0x00, 0x00, 0x00, 0x00, 0x00, 0x00, 0x00, 0x00, 0x00,
  0x00, 0x00, 0x00, 0x00, 0x00, 0x00, 0x00, 0x00, 0x00, 0x00, 0x00, 0x00,
  0x00, 0x00, 0x00, 0x00, 0x00, 0x00, 0x00, 0x00, 0x00, 0x00, 0x00, 0x00,
  0x00, 0x00, 0x00, 0x00, 0x00, 0x00, 0x00, 0x00, 0x00, 0x00, 0x00, 0x00,
  0x00, 0x00, 0x00, 0x00, 0x00, 0x00, 0x00, 0x00, 0x00, 0x00, 0x00, 0x00,
  0x00, 0x00, 0x00, 0x00, 0x00, 0x00, 0x00, 0x00, 0x00, 0x00, 0x00, 0x00,
  0x00, 0x00, 0x00, 0x00, 0x00, 0x00, 0x00, 0x00, 0x00, 0x00, 0x00, 0x00,
  0x00, 0x00, 0x00, 0x00, 0x00, 0x00, 0x00, 0x00, 0x00, 0x00, 0x00, 0x00,
  0x00, 0x00, 0x00, 0x00, 0x00, 0x00, 0x00, 0x00, 0x00, 0x00, 0x00, 0x00,
  0x00, 0x00, 0x00, 0x00, 0x00, 0x00, 0x00, 0x00, 0x00, 0x00, 0x00, 0x00,
  0x00, 0x00, 0x00, 0x00, 0x00, 0x00, 0x00, 0x00, 0x00, 0x00, 0x00, 0x00,
  0x00, 0x00, 0x00, 0x00, 0x00, 0x00, 0x00, 0x00, 0x00, 0x00, 0x00, 0x00,
  0x00, 0x00, 0x00, 0x00, 0x00, 0x00, 0x00, 0x00, 0x00, 0x00, 0x00, 0x00,
  0x00, 0x00, 0x00, 0x00, 0x00, 0x00, 0x00, 0x00, 0x00, 0x00, 0x00, 0x00,
  0x00, 0x00, 0x00, 0x00, 0x00, 0x00, 0x00, 0x00, 0x00, 0x00, 0x00, 0x00,
  0x00, 0x00, 0x00, 0x00, 0x00, 0x00, 0x00, 0x00, 0x00, 0x00, 0x00, 0x00,
  0x00, 0x00, 0x00, 0x00, 0x00, 0x00, 0x00, 0x00, 0x00, 0x00, 0x00, 0x00,
  0x00, 0x00, 0x00, 0x00, 0x00, 0x00, 0x00, 0x00, 0x00, 0x00, 0x00, 0x00,
  0x00, 0x00, 0x00, 0x00, 0x00, 0x00, 0x00, 0x00, 0x00, 0x00, 0x00, 0x00,
  0x00, 0x00, 0x00, 0x00, 0x00, 0x00, 0x00, 0x00, 0x00, 0x00, 0x00, 0x00,
  0x00, 0x00, 0x00, 0x00, 0x00, 0x00, 0x00, 0x00, 0x00, 0x00, 0x00, 0x00,
  0x00, 0x00, 0x00, 0x00, 0x00, 0x00, 0x00, 0x00, 0x00, 0x00, 0x00, 0x00,
  0x00, 0x00, 0x00, 0x00, 0x00, 0x00, 0x00, 0x00, 0x00, 0x00, 0x00, 0x00,
  0x00, 0x00, 0x00, 0x00, 0x00, 0x00, 0x00, 0x00, 0x00, 0x00, 0x00, 0x00,
  0x00, 0x00, 0x00, 0x00, 0x00, 0x00, 0x00, 0x00, 0x00, 0x00, 0x00, 0x00,
  0x00, 0x00, 0x00, 0x00, 0x00, 0x00, 0x00, 0x00, 0x00, 0x00, 0x00, 0x00,
  0x00, 0x00, 0x00, 0x00, 0x00, 0x00, 0x00, 0x00, 0x00, 0x00, 0x00, 0x00,
  0x00, 0x00, 0x00, 0x00, 0x00, 0x00, 0x00, 0x00, 0x00, 0x00, 0x00, 0x00,
  0x00, 0x00, 0x00, 0x00, 0x00, 0x00, 0x00, 0x00, 0x00, 0x00, 0x00, 0x00,
  0x00, 0x00, 0x00, 0x00, 0x00, 0x00, 0x00, 0x00, 0x00, 0x00, 0x00, 0x00,
  0x00, 0x00, 0x00, 0x00, 0x00, 0x00, 0x00, 0x00, 0x00, 0x00, 0x00, 0x00,
  0x00, 0x00, 0x00, 0x00, 0x00, 0x00, 0x00, 0x00, 0x00, 0x00, 0x00, 0x00,
  0x00, 0x00, 0x00, 0x00, 0x00, 0x00, 0x00, 0x00, 0x00, 0x00, 0x00, 0x00,
  0x00, 0x00, 0x00, 0x00, 0x00, 0x00, 0x00, 0x00, 0x00, 0x00, 0x00, 0x00,
  0x00, 0x00, 0x00, 0x00, 0x00, 0x00, 0x00, 0x00, 0x00, 0x00, 0x00, 0x00,
  0x00, 0x00, 0x00, 0x00, 0x00, 0x00, 0x00, 0x00, 0x00, 0x00, 0x00, 0x00,
  0x00, 0x00, 0x00, 0x00, 0x00, 0x00, 0x00, 0x00, 0x00, 0x00, 0x00, 0x00,
  0x00, 0x00, 0x00, 0x00, 0x00, 0x00, 0x00, 0x00, 0x00, 0x00, 0x00, 0x00,
  0x00, 0x00, 0x00, 0x00, 0x00, 0x00, 0x00, 0x00, 0x00, 0x00, 0x00, 0x00,
  0x00, 0x00, 0x00, 0x00, 0x00, 0x00, 0x00, 0x00, 0x00, 0x00, 0x00, 0x00,
  0x00, 0x00, 0x00, 0x00, 0x00, 0x00, 0x00, 0x00, 0x00, 0x00, 0x00, 0x00,
  0x00, 0x00, 0x00, 0x00, 0x00, 0x00, 0x00, 0x00, 0x00, 0x00, 0x00, 0x00,
  0x00, 0x00, 0x00, 0x00, 0x00, 0x00, 0x00, 0x00, 0x00, 0x00, 0x00, 0x00,
  0x00, 0x00, 0x00, 0x00, 0x00, 0x00, 0x00, 0x00, 0x00, 0x00, 0x00, 0x00,
  0x00, 0x00, 0x00, 0x00, 0x00, 0x00, 0x00, 0x00, 0x00, 0x00, 0x00, 0x00,
  0x00, 0x00, 0x00, 0x00, 0x00, 0x00, 0x00, 0x00, 0x00, 0x00, 0x00, 0x00,
  0x00, 0x00, 0x00, 0x00, 0x00, 0x00, 0x00, 0x00, 0x00, 0x00, 0x00, 0x00,
  0x00, 0x00, 0x00, 0x00, 0x00, 0x00, 0x00, 0x00, 0x00, 0x00, 0x00, 0x00,
  0x00, 0x00, 0x00, 0x00, 0x00, 0x00, 0x00, 0x00, 0x00, 0x00, 0x00, 0x00,
  0x00, 0x00, 0x00, 0x00, 0x00, 0x00, 0x00, 0x00, 0x00, 0x00, 0x00, 0x00,
  0x00, 0x00, 0x00, 0x00, 0x00, 0x00, 0x00, 0x00, 0x00, 0x00, 0x00, 0x00,
  0x00, 0x00, 0x00, 0x00, 0x00, 0x00, 0x00, 0x00, 0x00, 0x00, 0x00, 0x00,
  0x00, 0x00, 0x00, 0x00, 0x00, 0x00, 0x00, 0x00, 0x00, 0x00, 0x00, 0x00,
  0x00, 0x00, 0x00, 0x00, 0x00, 0x00, 0x00, 0x00, 0x00, 0x00, 0x00, 0x00,
  0x00, 0x00, 0x00, 0x00, 0x00, 0x00, 0x00, 0x00, 0x00, 0x00, 0x00, 0x00,
  0x00, 0x00, 0x00, 0x00, 0x00, 0x00, 0x00, 0x00, 0x00, 0x00, 0x00, 0x00,
  0x00, 0x00, 0x00, 0x00, 0x00, 0x00, 0x00, 0x00, 0x00, 0x00, 0x00, 0x00,
  0x00, 0x00, 0x00, 0x00, 0x00, 0x00, 0x00, 0x00, 0x00, 0x00, 0x00, 0x00,
  0x00, 0x00, 0x00, 0x00, 0x00, 0x00, 0x00, 0x00, 0x00, 0x00, 0x00, 0x00,
  0x00, 0x00, 0x00, 0x00, 0x00, 0x00, 0x00, 0x00, 0x00, 0x00, 0x00, 0x00,
  0x00, 0x00, 0x00, 0x00, 0x00, 0x00, 0x00, 0x00, 0x00, 0x00, 0x00, 0x00,
  0x00, 0x00, 0x00, 0x00, 0x00, 0x00, 0x00, 0x00, 0x00, 0x00, 0x00, 0x00,
  0x00, 0x00, 0x00, 0x00, 0x00, 0x00, 0x00, 0x00, 0x00, 0x00, 0x00, 0x00,
  0x00, 0x00, 0x00, 0x00, 0x00, 0x00, 0x00, 0x00, 0x00, 0x00, 0x00, 0x00,
  0x00, 0x00, 0x00, 0x00, 0x00, 0x00, 0x00, 0x00, 0x00, 0x00, 0x00, 0x00,
  0x00, 0x00, 0x00, 0x00, 0x00, 0x00, 0x00, 0x00, 0x00, 0x00, 0x00, 0x00,
  0x00, 0x00, 0x00, 0x00, 0x00, 0x00, 0x00, 0x00, 0x00, 0x00, 0x00, 0x00,
  0x00, 0x00, 0x00, 0x00, 0x00, 0x00, 0x00, 0x00, 0x00, 0x00, 0x00, 0x00,
  0x00, 0x00, 0x00, 0x00, 0x00, 0x00, 0x00, 0x00, 0x00, 0x00, 0x00, 0x00,
  0x00, 0x00, 0x00, 0x00, 0x00, 0x00, 0x00, 0x00, 0x00, 0x00, 0x00, 0x00,
  0x00, 0x00, 0x00, 0x00, 0x00, 0x00, 0x00, 0x00, 0x00, 0x00, 0x00, 0x00,
  0x00, 0x00, 0x00, 0x00, 0x00, 0x00, 0x00, 0x00, 0x00, 0x00, 0x00, 0x00,
  0x00, 0x00, 0x00, 0x00, 0x00, 0x00, 0x00, 0x00, 0x00, 0x00, 0x00, 0x00,
  0x00, 0x00, 0x00, 0x00, 0x00, 0x00, 0x00, 0x00, 0x00, 0x00, 0x00, 0x00,
  0x00, 0x00, 0x00, 0x00, 0x00, 0x00, 0x00, 0x00, 0x00, 0x00, 0x00, 0x00,
  0x00, 0x00, 0x00, 0x00, 0x00, 0x00, 0x00, 0x00, 0x00, 0x00, 0x00, 0x00,
  0x00, 0x00, 0x00, 0x00, 0x00, 0x00, 0x00, 0x00, 0x00, 0x00, 0x00, 0x00,
  0x00, 0x00, 0x00, 0x00, 0x00, 0x00, 0x00, 0x00, 0x00, 0x00, 0x00, 0x00,
  0x00, 0x00, 0x00, 0x00, 0x00, 0x00, 0x00, 0x00, 0x00, 0x00, 0x00, 0x00,
  0x00, 0x00, 0x00, 0x00, 0x00, 0x00, 0x00, 0x00, 0x00, 0x00, 0x00, 0x00,
  0x00, 0x00, 0x00, 0x00, 0x00, 0x00, 0x00, 0x00, 0x00, 0x00, 0x00, 0x00,
  0x00, 0x00, 0x00, 0x00, 0x00, 0x00, 0x00, 0x00, 0x00, 0x00, 0x00, 0x00,
  0x00, 0x00, 0x00, 0x00, 0x00, 0x00, 0x00, 0x00, 0x00, 0x00, 0x00, 0x00,
  0x00, 0x00, 0x00, 0x00, 0x00, 0x00, 0x00, 0x00, 0x00, 0x00, 0x00, 0x00,
};

const lv_img_dsc_t img_app_esplora = {
  .header.cf = LV_IMG_CF_TRUE_COLOR_ALPHA,
  .header.always_zero = 0,
  .header.reserved = 0,
  .header.w = 112,
  .header.h = 112,
  .data_size = 112 * 112 * 3,
  .data = img_app_esplora_map,
};
