/*******************************************************************************
 * Size: 20 px
 * Bpp: 4
 * Opts: --font D:\HA_DISPLAY\strumenti\icone\node_modules\@mdi\font\fonts\materialdesignicons-webfont.ttf -r 0xF0599,0xF0594,0xF0595,0xF0F31,0xF0590,0xF0597,0xF0596,0xF0598,0xF067F,0xF0F36,0xF0592,0xF0591,0xF0593,0xF067E,0xF059D,0xF059E,0xF0F30,0xF059A,0xF059C,0xF059B,0xF0898,0xF054A,0xF0717,0xF058E,0xF0F38,0xF0335,0xF0336,0xF06E8,0xF06E9,0xF1253,0xF0769,0xF08DD,0xF06B5,0xF1051,0xF12BA,0xF0914,0xF091C,0xF00DE,0xF00E0,0xF03D8,0xF0521,0xF0522,0xF0425,0xF06A5,0xF06A6,0xF07E7,0xF12A8,0xF0BC2,0xF040A,0xF03E4,0xF04DB,0xF0709,0xF0450,0xF04E6,0xF050F,0xF10C3,0xF10C2,0xF0393,0xF0438,0xF0AD8,0xF0AD7,0xF001B,0xF0D43,0xF1099,0xF0210,0xF081D,0xF0238,0xF1A43,0xF1A71,0xF0F54,0xF0241,0xF0243,0xF140B,0xF0A72,0xF1A73,0xF0D3E,0xF192C,0xF192D,0xF1903,0xF1901,0xF0079,0xF0084,0xF008E,0xF007E,0xF0083,0xF05F1,0xF0B6C,0xF029A,0xF0875,0xF0874,0xF0199,0xF1A57,0xF033E,0xF033F,0xF0FC6,0xF081A,0xF081C,0xF081B,0xF06D9,0xF06DA,0xF05AE,0xF05B1,0xF111C,0xF111E,0xF00AC,0xF1011,0xF1846,0xF1847,0xF0299,0xF116A,0xF068A,0xF099D,0xF0483,0xF07AE,0xF0D91,0xF1435,0xF009A,0xF009B,0xF009E,0xF0392,0xF15D7,0xF1502,0xF1066,0xF0004,0xF0849,0xF000E,0xF17C4,0xF0583,0xF070E,0xF04B2,0xF02DC,0xF06A1,0xF034E,0xF0351,0xF01A4,0xF0502,0xF07F4,0xF04C3,0xF0D38,0xF075A,0xF057E,0xF0580,0xF057F,0xF0581,0xF04AD,0xF04AE,0xF0118,0xF0439,0xF036C,0xF02CB,0xF072A,0xF0AAC,0xF0290,0xF04DE,0xF0176,0xF070D,0xF0F92,0xF09A0,0xF0606,0xF0A70,0xF02E3,0xF04B9,0xF05A9,0xF05AA,0xF0469,0xF0002,0xF0318,0xF0319,0xF048B,0xF011C,0xF04F6,0xF0322,0xF01C5,0xF02CA,0xF035B,0xF061A,0xF042A,0xF06B0,0xF01DA,0xF0552,0xF015F,0xF01BC,0xF04A2,0xF04C5,0xF012A,0xF0128,0xF0127,0xF081F,0xF01AD,0xF0114,0xF07E4,0xF0647,0xF078D,0xF058C,0xF058D,0xF032A,0xF0531,0xF024A,0xF0E66,0xF0F37,0xF0026,0xF05D6,0xF002A,0xF02FD,0xF0625,0xF012C,0xF05E0,0xF0156,0xF0159,0xF0493,0xF0208,0xF0209,0xF00ED,0xF00F6,0xF00F0,0xF0150,0xF051B,0xF0279,0xF05C7,0xF0135,0xF0131,0xF09ED,0xF09EE,0xF024B,0xF0306,0xF030B,0xF1064,0xF05B7,0xF0415,0xF0374,0xF005D,0xF0045,0xF004D,0xF0054,0xF0143,0xF0140,0xF0141,0xF0142,0xF01D8,0xF035C,0xF0349,0xF03EB,0xF01B4,0xF0193 --size 20 --bpp 4 --no-compress --format lvgl --lv-include lvgl.h --lv-font-name lv_font_mdi_20 -o D:\HA_DISPLAY\V0.2\components\apps\home_dashboard\assets\lv_font_mdi_20.c
 ******************************************************************************/

#ifdef LV_LVGL_H_INCLUDE_SIMPLE
#include "lvgl.h"
#else
#include "lvgl.h"
#endif

#ifndef LV_FONT_MDI_20
#define LV_FONT_MDI_20 1
#endif

#if LV_FONT_MDI_20

/*-----------------
 *    BITMAPS
 *----------------*/

/*Store the image of the glyphs*/
static LV_ATTRIBUTE_LARGE_CONST const uint8_t glyph_bitmap[] = {
    /* U+F0002 "󰀂" */
    0x0, 0x0, 0x0, 0x0, 0x0, 0x0, 0x0, 0x0,
    0x0, 0x0, 0x6d, 0x10, 0x0, 0x0, 0x0, 0x0,
    0xb9, 0x0, 0x1, 0xfd, 0x10, 0x0, 0x0, 0x0,
    0x0, 0xbf, 0x30, 0x9, 0xf3, 0x9, 0x10, 0x0,
    0x0, 0x90, 0x1f, 0xb0, 0xe, 0xc0, 0x6f, 0x80,
    0x0, 0x5, 0xf8, 0xa, 0xf1, 0x1f, 0x80, 0xbf,
    0x2, 0xde, 0x40, 0xde, 0x5, 0xf4, 0x3f, 0x60,
    0xed, 0x8, 0xff, 0xb0, 0xaf, 0x4, 0xf6, 0x2f,
    0x70, 0xde, 0x4, 0xff, 0x70, 0xbf, 0x4, 0xf5,
    0xf, 0xa0, 0x9f, 0x50, 0x23, 0x3, 0xfb, 0x7,
    0xf3, 0xb, 0xf1, 0x1e, 0x50, 0x0, 0x3, 0xf3,
    0xd, 0xe0, 0x5, 0xf9, 0x1, 0x0, 0xac, 0x0,
    0x10, 0x6f, 0x70, 0x0, 0xbf, 0x20, 0x0, 0xbe,
    0x0, 0x0, 0xed, 0x0, 0x0, 0x15, 0x0, 0x0,
    0xbe, 0x0, 0x0, 0x32, 0x0, 0x0, 0x0, 0x0,
    0x18, 0xef, 0x82, 0x0, 0x0, 0x0, 0x2b, 0xbb,
    0xbb, 0xcf, 0xff, 0xfd, 0xbb, 0xbb, 0xb4, 0x3f,
    0xff, 0xff, 0xff, 0xff, 0xff, 0xff, 0xff, 0xf6,
    0x0, 0x0, 0x0, 0x2c, 0xcc, 0xc4, 0x0, 0x0,
    0x0,

    /* U+F0004 "󰀄" */
    0x0, 0x0, 0x0, 0x1, 0x0, 0x0, 0x0, 0x0,
    0x0, 0x9, 0xff, 0xd3, 0x0, 0x0, 0x0, 0x0,
    0x9f, 0xff, 0xfe, 0x10, 0x0, 0x0, 0x0, 0xff,
    0xff, 0xff, 0x60, 0x0, 0x0, 0x0, 0xff, 0xff,
    0xff, 0x70, 0x0, 0x0, 0x0, 0xcf, 0xff, 0xff,
    0x30, 0x0, 0x0, 0x0, 0x3e, 0xff, 0xf8, 0x0,
    0x0, 0x0, 0x0, 0x1, 0x67, 0x30, 0x0, 0x0,
    0x0, 0x0, 0x0, 0x0, 0x0, 0x0, 0x0, 0x0,
    0x5, 0xad, 0xee, 0xdb, 0x72, 0x0, 0x4, 0xef,
    0xff, 0xff, 0xff, 0xff, 0x90, 0x2f, 0xff, 0xff,
    0xff, 0xff, 0xff, 0xf9, 0x6f, 0xff, 0xff, 0xff,
    0xff, 0xff, 0xfe, 0x7f, 0xff, 0xff, 0xff, 0xff,
    0xff, 0xfe, 0x0, 0x0, 0x0, 0x0, 0x0, 0x0,
    0x0,

    /* U+F000E "󰀎" */
    0x0, 0x0, 0x0, 0x10, 0x0, 0x1, 0x0, 0x0,
    0x0, 0x0, 0x0, 0x4e, 0xfe, 0x50, 0xcf, 0xe5,
    0x0, 0x0, 0x0, 0x1, 0xff, 0xff, 0xf2, 0x7f,
    0xff, 0x20, 0x0, 0x0, 0x4, 0xff, 0xff, 0xf7,
    0x4f, 0xff, 0x70, 0x0, 0x0, 0x3, 0xff, 0xff,
    0xf6, 0x5f, 0xff, 0x60, 0x0, 0x0, 0x0, 0xbf,
    0xff, 0xd0, 0xaf, 0xfd, 0x0, 0x0, 0x0, 0x0,
    0x7, 0xa8, 0x10, 0x7a, 0x81, 0x0, 0x0, 0x0,
    0x0, 0x0, 0x0, 0x0, 0x0, 0x0, 0x0, 0x0,
    0x0, 0x3, 0x79, 0xa9, 0x73, 0x0, 0x27, 0x30,
    0x0, 0x1, 0xcf, 0xff, 0xff, 0xff, 0xc2, 0xa,
    0xfd, 0x20, 0xc, 0xff, 0xff, 0xff, 0xff, 0xfd,
    0x2, 0xff, 0xe1, 0x3f, 0xff, 0xff, 0xff, 0xff,
    0xff, 0x40, 0xff, 0xf5, 0x3f, 0xff, 0xff, 0xff,
    0xff, 0xff, 0x50, 0xef, 0xf6, 0x15, 0x55, 0x55,
    0x55, 0x55, 0x55, 0x10, 0x55, 0x52,

    /* U+F001B "󰀛" */
    0x0, 0x0, 0x43, 0x0, 0x0, 0x24, 0x0, 0x0,
    0x0, 0xb, 0xff, 0xa0, 0x2, 0xff, 0xc0, 0x0,
    0x0, 0x8f, 0xff, 0xf6, 0x4, 0xff, 0xf8, 0x0,
    0x0, 0xaf, 0xff, 0xfd, 0x6, 0xff, 0xfb, 0x0,
    0x0, 0x2b, 0xce, 0xff, 0x8d, 0xff, 0xf6, 0x0,
    0x0, 0x0, 0x0, 0xdf, 0xff, 0xff, 0x70, 0x0,
    0x0, 0x0, 0x16, 0xff, 0xff, 0x61, 0x0, 0x0,
    0x0, 0x8, 0xff, 0xff, 0xfe, 0x10, 0x0, 0x0,
    0x0, 0x6f, 0xff, 0xd7, 0xff, 0xfc, 0xc3, 0x0,
    0x0, 0xbf, 0xff, 0x60, 0xcf, 0xff, 0xfb, 0x0,
    0x0, 0x7f, 0xff, 0x50, 0x5f, 0xff, 0xf8, 0x0,
    0x0, 0xb, 0xff, 0x10, 0x9, 0xff, 0xb0, 0x0,
    0x0, 0x0, 0x31, 0x0, 0x0, 0x22, 0x0, 0x0,
    0x0, 0x0, 0x0, 0x0, 0x0, 0x0, 0x0, 0x0,
    0x2d, 0xff, 0xd2, 0x0, 0x6f, 0x44, 0xef, 0xf6,
    0x9f, 0xaa, 0xf8, 0x0, 0xce, 0xb, 0xfa, 0xa4,
    0x9f, 0x11, 0xf9, 0x2, 0xf8, 0xc, 0xe0, 0x0,
    0x9f, 0xbb, 0xf9, 0x7, 0xf2, 0xc, 0xe0, 0x0,
    0x9f, 0xff, 0xf9, 0xd, 0xd0, 0xb, 0xe0, 0x0,
    0x9f, 0x11, 0xf9, 0x3f, 0x70, 0x9, 0xff, 0xf6,
    0x6a, 0x0, 0xa5, 0x4a, 0x10, 0x1, 0x8a, 0xa4,

    /* U+F0026 "󰀦" */
    0x0, 0x0, 0x0, 0x0, 0x3, 0x40, 0x0, 0x0,
    0x0, 0x0, 0x0, 0x0, 0x0, 0x0, 0xc, 0xd0,
    0x0, 0x0, 0x0, 0x0, 0x0, 0x0, 0x0, 0x0,
    0x6f, 0xf6, 0x0, 0x0, 0x0, 0x0, 0x0, 0x0,
    0x0, 0x0, 0xef, 0xfe, 0x10, 0x0, 0x0, 0x0,
    0x0, 0x0, 0x0, 0x8, 0xff, 0xff, 0x90, 0x0,
    0x0, 0x0, 0x0, 0x0, 0x0, 0x2f, 0xfe, 0xef,
    0xf2, 0x0, 0x0, 0x0, 0x0, 0x0, 0x0, 0xbf,
    0xf2, 0x2f, 0xfb, 0x0, 0x0, 0x0, 0x0, 0x0,
    0x4, 0xff, 0xf2, 0x2f, 0xff, 0x40, 0x0, 0x0,
    0x0, 0x0, 0xd, 0xff, 0xf2, 0x2f, 0xff, 0xd0,
    0x0, 0x0, 0x0, 0x0, 0x6f, 0xff, 0xf2, 0x2f,
    0xff, 0xf7, 0x0, 0x0, 0x0, 0x1, 0xef, 0xff,
    0xff, 0xff, 0xff, 0xff, 0x10, 0x0, 0x0, 0x9,
    0xff, 0xff, 0xfb, 0xbf, 0xff, 0xff, 0x90, 0x0,
    0x0, 0x2f, 0xff, 0xff, 0xf2, 0x2f, 0xff, 0xff,
    0xf2, 0x0, 0x0, 0xbf, 0xff, 0xff, 0xf9, 0x9f,
    0xff, 0xff, 0xfb, 0x0, 0x4, 0xff, 0xff, 0xff,
    0xff, 0xff, 0xff, 0xff, 0xff, 0x50, 0xd, 0xff,
    0xff, 0xff, 0xff, 0xff, 0xff, 0xff, 0xff, 0xd0,

    /* U+F002A "󰀪" */
    0x0, 0x0, 0x0, 0x0, 0x2, 0x40, 0x0, 0x0,
    0x0, 0x0, 0x0, 0x0, 0x0, 0x0, 0xa, 0xd0,
    0x0, 0x0, 0x0, 0x0, 0x0, 0x0, 0x0, 0x0,
    0x4f, 0xf7, 0x0, 0x0, 0x0, 0x0, 0x0, 0x0,
    0x0, 0x0, 0xdf, 0xef, 0x10, 0x0, 0x0, 0x0,
    0x0, 0x0, 0x0, 0x6, 0xf8, 0x5f, 0x90, 0x0,
    0x0, 0x0, 0x0, 0x0, 0x0, 0x1e, 0xe0, 0xb,
    0xf3, 0x0, 0x0, 0x0, 0x0, 0x0, 0x0, 0x9f,
    0x52, 0x22, 0xfc, 0x0, 0x0, 0x0, 0x0, 0x0,
    0x2, 0xfc, 0xb, 0xe0, 0x9f, 0x50, 0x0, 0x0,
    0x0, 0x0, 0xb, 0xf3, 0xb, 0xe0, 0x1e, 0xe0,
    0x0, 0x0, 0x0, 0x0, 0x4f, 0x90, 0xb, 0xe0,
    0x6, 0xf8, 0x0, 0x0, 0x0, 0x0, 0xdf, 0x10,
    0x1, 0x20, 0x0, 0xdf, 0x10, 0x0, 0x0, 0x7,
    0xf7, 0x0, 0x2, 0x20, 0x0, 0x3f, 0xa0, 0x0,
    0x0, 0x1f, 0xd0, 0x0, 0xb, 0xe0, 0x0, 0xa,
    0xf4, 0x0, 0x0, 0xaf, 0x40, 0x0, 0x5, 0x70,
    0x0, 0x1, 0xfd, 0x0, 0x3, 0xff, 0xaa, 0xaa,
    0xaa, 0xaa, 0xaa, 0xaa, 0xef, 0x60, 0xc, 0xff,
    0xff, 0xff, 0xff, 0xff, 0xff, 0xff, 0xff, 0xe1,

    /* U+F0045 "󰁅" */
    0x0, 0x0, 0x0, 0x22, 0x0, 0x0, 0x0, 0x0,
    0x0, 0x0, 0xbe, 0x0, 0x0, 0x0, 0x0, 0x0,
    0x0, 0xbe, 0x0, 0x0, 0x0, 0x0, 0x0, 0x0,
    0xbe, 0x0, 0x0, 0x0, 0x0, 0x0, 0x0, 0xbe,
    0x0, 0x0, 0x0, 0x0, 0x0, 0x0, 0xbe, 0x0,
    0x0, 0x0, 0x7, 0x10, 0x0, 0xbe, 0x0, 0x0,
    0x70, 0x3f, 0xd1, 0x0, 0xbe, 0x0, 0xb, 0xf7,
    0x6, 0xfd, 0x10, 0xbe, 0x0, 0xbf, 0x90, 0x0,
    0x6f, 0xd1, 0xbe, 0xb, 0xf9, 0x0, 0x0, 0x6,
    0xfd, 0xcf, 0xbf, 0x90, 0x0, 0x0, 0x0, 0x6f,
    0xff, 0xf9, 0x0, 0x0, 0x0, 0x0, 0x6, 0xff,
    0x90, 0x0, 0x0, 0x0, 0x0, 0x0, 0x69, 0x0,
    0x0, 0x0, 0x0, 0x0, 0x0, 0x0, 0x0, 0x0,
    0x0,

    /* U+F004D "󰁍" */
    0x0, 0x0, 0x0, 0x1, 0x0, 0x0, 0x0, 0x0,
    0x0, 0x0, 0xbd, 0x0, 0x0, 0x0, 0x0, 0x0,
    0xb, 0xf9, 0x0, 0x0, 0x0, 0x0, 0x0, 0xbf,
    0x90, 0x0, 0x0, 0x0, 0x0, 0xb, 0xf9, 0x0,
    0x0, 0x0, 0x0, 0x0, 0xbf, 0x90, 0x0, 0x0,
    0x0, 0x0, 0xb, 0xff, 0x88, 0x88, 0x88, 0x88,
    0x86, 0x3f, 0xff, 0xff, 0xff, 0xff, 0xff, 0xfb,
    0x4, 0xff, 0x41, 0x11, 0x11, 0x11, 0x11, 0x0,
    0x4f, 0xe2, 0x0, 0x0, 0x0, 0x0, 0x0, 0x5,
    0xfe, 0x20, 0x0, 0x0, 0x0, 0x0, 0x0, 0x5f,
    0xe2, 0x0, 0x0, 0x0, 0x0, 0x0, 0x5, 0xfe,
    0x10, 0x0, 0x0, 0x0, 0x0, 0x0, 0x57, 0x0,
    0x0, 0x0,

    /* U+F0054 "󰁔" */
    0x0, 0x0, 0x0, 0x10, 0x0, 0x0, 0x0, 0x0,
    0x0, 0x0, 0xdb, 0x0, 0x0, 0x0, 0x0, 0x0,
    0x0, 0x9f, 0xb0, 0x0, 0x0, 0x0, 0x0, 0x0,
    0x9, 0xfb, 0x0, 0x0, 0x0, 0x0, 0x0, 0x0,
    0x9f, 0xb0, 0x0, 0x0, 0x0, 0x0, 0x0, 0x9,
    0xfb, 0x0, 0x58, 0x88, 0x88, 0x88, 0x88, 0xff,
    0xb0, 0xaf, 0xff, 0xff, 0xff, 0xff, 0xff, 0xf3,
    0x11, 0x11, 0x11, 0x11, 0x14, 0xff, 0x50, 0x0,
    0x0, 0x0, 0x0, 0x2e, 0xf5, 0x0, 0x0, 0x0,
    0x0, 0x2, 0xef, 0x50, 0x0, 0x0, 0x0, 0x0,
    0x2e, 0xf5, 0x0, 0x0, 0x0, 0x0, 0x1, 0xef,
    0x50, 0x0, 0x0, 0x0, 0x0, 0x0, 0x75, 0x0,
    0x0, 0x0,

    /* U+F005D "󰁝" */
    0x0, 0x0, 0x0, 0x0, 0x0, 0x0, 0x0, 0x0,
    0x0, 0x0, 0x69, 0x0, 0x0, 0x0, 0x0, 0x0,
    0x6, 0xff, 0xa0, 0x0, 0x0, 0x0, 0x0, 0x6f,
    0xff, 0xf9, 0x0, 0x0, 0x0, 0x6, 0xfd, 0xcf,
    0xbf, 0x90, 0x0, 0x0, 0x6f, 0xd1, 0xbe, 0xb,
    0xf9, 0x0, 0x6, 0xfd, 0x10, 0xbe, 0x0, 0xbf,
    0x90, 0x3f, 0xd1, 0x0, 0xbe, 0x0, 0xb, 0xf7,
    0x7, 0x10, 0x0, 0xbe, 0x0, 0x0, 0x80, 0x0,
    0x0, 0x0, 0xbe, 0x0, 0x0, 0x0, 0x0, 0x0,
    0x0, 0xbe, 0x0, 0x0, 0x0, 0x0, 0x0, 0x0,
    0xbe, 0x0, 0x0, 0x0, 0x0, 0x0, 0x0, 0xbe,
    0x0, 0x0, 0x0, 0x0, 0x0, 0x0, 0xbe, 0x0,
    0x0, 0x0, 0x0, 0x0, 0x0, 0x12, 0x0, 0x0,
    0x0,

    /* U+F0079 "󰁹" */
    0x0, 0x5b, 0xbb, 0xb5, 0x0, 0x0, 0x8f, 0xff,
    0xf8, 0x0, 0xcf, 0xff, 0xff, 0xff, 0xfc, 0xff,
    0xff, 0xff, 0xff, 0xff, 0xff, 0xff, 0xff, 0xff,
    0xff, 0xff, 0xff, 0xff, 0xff, 0xff, 0xff, 0xff,
    0xff, 0xff, 0xff, 0xff, 0xff, 0xff, 0xff, 0xff,
    0xff, 0xff, 0xff, 0xff, 0xff, 0xff, 0xff, 0xff,
    0xff, 0xff, 0xff, 0xff, 0xff, 0xff, 0xff, 0xff,
    0xff, 0xff, 0xff, 0xff, 0xff, 0xff, 0xff, 0xff,
    0xff, 0xff, 0xff, 0xff, 0xff, 0xff, 0xff, 0xff,
    0xff, 0xff, 0xff, 0xff, 0xff, 0xff, 0xff, 0xff,
    0xaf, 0xff, 0xff, 0xff, 0xfa,

    /* U+F007E "󰁾" */
    0x0, 0x5a, 0xaa, 0xa5, 0x0, 0x0, 0x8f, 0xff,
    0xf8, 0x0, 0xbf, 0xff, 0xff, 0xff, 0xfb, 0xfe,
    0xaa, 0xaa, 0xaa, 0xef, 0xfa, 0x0, 0x0, 0x0,
    0xaf, 0xfa, 0x0, 0x0, 0x0, 0xaf, 0xfa, 0x0,
    0x0, 0x0, 0xaf, 0xfa, 0x0, 0x0, 0x0, 0xaf,
    0xfa, 0x0, 0x0, 0x0, 0xaf, 0xfd, 0x88, 0x88,
    0x88, 0xdf, 0xff, 0xff, 0xff, 0xff, 0xff, 0xff,
    0xff, 0xff, 0xff, 0xff, 0xff, 0xff, 0xff, 0xff,
    0xff, 0xff, 0xff, 0xff, 0xff, 0xff, 0xff, 0xff,
    0xff, 0xff, 0xff, 0xff, 0xff, 0xff, 0xff, 0xff,
    0xaf, 0xff, 0xff, 0xff, 0xfa,

    /* U+F0083 "󰂃" */
    0x0, 0x7f, 0xff, 0xf7, 0x0, 0x14, 0xaf, 0xff,
    0xfa, 0x41, 0xef, 0xff, 0xff, 0xff, 0xfd, 0xff,
    0xff, 0xff, 0xff, 0xfe, 0xff, 0xff, 0xff, 0xff,
    0xfe, 0xff, 0xff, 0x33, 0xff, 0xfe, 0xff, 0xff,
    0x22, 0xff, 0xfe, 0xff, 0xff, 0x22, 0xff, 0xfe,
    0xff, 0xff, 0x22, 0xff, 0xfe, 0xff, 0xff, 0x22,
    0xff, 0xfe, 0xff, 0xff, 0xff, 0xff, 0xfe, 0xff,
    0xff, 0xbb, 0xff, 0xfe, 0xff, 0xff, 0x22, 0xff,
    0xfe, 0xff, 0xff, 0x77, 0xff, 0xfe, 0xff, 0xff,
    0xff, 0xff, 0xfe, 0xff, 0xff, 0xff, 0xff, 0xfe,
    0xaf, 0xff, 0xff, 0xff, 0xf9,

    /* U+F0084 "󰂄" */
    0x0, 0x6c, 0xcc, 0xc6, 0x0, 0x0, 0x8f, 0xff,
    0xf8, 0x0, 0xcf, 0xff, 0xff, 0xff, 0xfc, 0xff,
    0xff, 0xff, 0xff, 0xff, 0xff, 0xff, 0xfe, 0xff,
    0xff, 0xff, 0xff, 0xf6, 0xff, 0xff, 0xff, 0xff,
    0xb2, 0xff, 0xff, 0xff, 0xff, 0x32, 0xff, 0xff,
    0xff, 0xfa, 0x2, 0xff, 0xff, 0xff, 0xf2, 0x0,
    0xc, 0xff, 0xff, 0xc4, 0x0, 0x4f, 0xff, 0xff,
    0xff, 0x20, 0xdf, 0xff, 0xff, 0xff, 0x25, 0xff,
    0xff, 0xff, 0xff, 0x3d, 0xff, 0xff, 0xff, 0xff,
    0x9f, 0xff, 0xff, 0xff, 0xff, 0xff, 0xff, 0xff,
    0xaf, 0xff, 0xff, 0xff, 0xfa,

    /* U+F008E "󰂎" */
    0x0, 0x5a, 0xaa, 0xa5, 0x0, 0x0, 0x8f, 0xff,
    0xf8, 0x0, 0xbf, 0xff, 0xff, 0xff, 0xfb, 0xfe,
    0xaa, 0xaa, 0xaa, 0xef, 0xfa, 0x0, 0x0, 0x0,
    0xaf, 0xfa, 0x0, 0x0, 0x0, 0xaf, 0xfa, 0x0,
    0x0, 0x0, 0xaf, 0xfa, 0x0, 0x0, 0x0, 0xaf,
    0xfa, 0x0, 0x0, 0x0, 0xaf, 0xfa, 0x0, 0x0,
    0x0, 0xaf, 0xfa, 0x0, 0x0, 0x0, 0xaf, 0xfa,
    0x0, 0x0, 0x0, 0xaf, 0xfa, 0x0, 0x0, 0x0,
    0xaf, 0xfa, 0x0, 0x0, 0x0, 0xaf, 0xfa, 0x0,
    0x0, 0x0, 0xaf, 0xfe, 0xbb, 0xbb, 0xbb, 0xef,
    0xaf, 0xff, 0xff, 0xff, 0xfa,

    /* U+F009A "󰂚" */
    0x0, 0x0, 0x0, 0x3c, 0x90, 0x0, 0x0, 0x0,
    0x0, 0x0, 0x0, 0xdf, 0xf6, 0x0, 0x0, 0x0,
    0x0, 0x0, 0x2a, 0xff, 0xfe, 0x60, 0x0, 0x0,
    0x0, 0x3, 0xff, 0xff, 0xff, 0xfb, 0x0, 0x0,
    0x0, 0x2f, 0xff, 0xff, 0xff, 0xff, 0xa0, 0x0,
    0x0, 0x9f, 0xff, 0xff, 0xff, 0xff, 0xf2, 0x0,
    0x0, 0xef, 0xff, 0xff, 0xff, 0xff, 0xf7, 0x0,
    0x0, 0xff, 0xff, 0xff, 0xff, 0xff, 0xf9, 0x0,
    0x0, 0xff, 0xff, 0xff, 0xff, 0xff, 0xf9, 0x0,
    0x0, 0xff, 0xff, 0xff, 0xff, 0xff, 0xf9, 0x0,
    0x0, 0xff, 0xff, 0xff, 0xff, 0xff, 0xf9, 0x0,
    0x0, 0xff, 0xff, 0xff, 0xff, 0xff, 0xf9, 0x0,
    0x1, 0xff, 0xff, 0xff, 0xff, 0xff, 0xfa, 0x0,
    0x1c, 0xff, 0xff, 0xff, 0xff, 0xff, 0xff, 0x70,
    0xaf, 0xff, 0xff, 0xff, 0xff, 0xff, 0xff, 0xf3,
    0x12, 0x22, 0x22, 0x22, 0x22, 0x22, 0x22, 0x20,
    0x0, 0x0, 0x0, 0xcf, 0xf5, 0x0, 0x0, 0x0,
    0x0, 0x0, 0x0, 0x29, 0x70, 0x0, 0x0, 0x0,

    /* U+F009B "󰂛" */
    0x0, 0x0, 0x0, 0x0, 0x0, 0x0, 0x0, 0x0,
    0x0, 0x0, 0x99, 0x0, 0x0, 0x1, 0xbb, 0x10,
    0x0, 0x0, 0x0, 0x8, 0xf9, 0x0, 0x0, 0x9f,
    0xf9, 0x0, 0x0, 0x0, 0x0, 0x8, 0xf9, 0x0,
    0x9f, 0xff, 0xf8, 0x10, 0x0, 0x0, 0x0, 0x9,
    0xf9, 0x5, 0xff, 0xff, 0xfd, 0x10, 0x0, 0x0,
    0x0, 0x9, 0xf9, 0x5, 0xff, 0xff, 0xfd, 0x0,
    0x0, 0x0, 0x0, 0x5f, 0xf9, 0x5, 0xff, 0xff,
    0xf6, 0x0, 0x0, 0x0, 0xa, 0xff, 0xf8, 0x5,
    0xff, 0xff, 0xb0, 0x0, 0x0, 0x0, 0xcf, 0xff,
    0xf8, 0x5, 0xff, 0xfc, 0x0, 0x0, 0x0, 0xd,
    0xff, 0xff, 0xf8, 0x5, 0xff, 0xd0, 0x0, 0x0,
    0x0, 0xdf, 0xff, 0xff, 0xf8, 0x5, 0xfd, 0x0,
    0x0, 0x0, 0xd, 0xff, 0xff, 0xff, 0xf8, 0x5,
    0xd0, 0x0, 0x0, 0x0, 0xdf, 0xff, 0xff, 0xff,
    0xf8, 0x3, 0x0, 0x0, 0x0, 0xd, 0xff, 0xff,
    0xff, 0xff, 0xf8, 0x0, 0x0, 0x0, 0xa, 0xff,
    0xff, 0xff, 0xff, 0xff, 0xf8, 0x0, 0x0, 0x7,
    0xff, 0xff, 0xff, 0xff, 0xff, 0xff, 0xf8, 0x0,
    0x0, 0x12, 0x22, 0x22, 0x22, 0x22, 0x22, 0x29,
    0xf8, 0x0, 0x0, 0x0, 0x0, 0x8, 0xff, 0x80,
    0x0, 0x9, 0xf3, 0x0, 0x0, 0x0, 0x0, 0x19,
    0x91, 0x0, 0x0, 0x3, 0x0,

    /* U+F009E "󰂞" */
    0x0, 0x0, 0x0, 0x0, 0x3c, 0x90, 0x0, 0x0,
    0x0, 0x0, 0x1, 0x90, 0x0, 0xd, 0xff, 0x60,
    0x0, 0x37, 0x0, 0x0, 0xcf, 0x40, 0x2a, 0xff,
    0xfe, 0x60, 0xb, 0xf5, 0x0, 0x5f, 0x90, 0x3f,
    0xff, 0xff, 0xff, 0xb0, 0x1e, 0xe0, 0xc, 0xf1,
    0x2f, 0xff, 0xff, 0xff, 0xff, 0xa0, 0x7f, 0x51,
    0xfa, 0x9, 0xff, 0xff, 0xff, 0xff, 0xff, 0x21,
    0xfa, 0x4f, 0x60, 0xef, 0xff, 0xff, 0xff, 0xff,
    0xf7, 0xd, 0xd3, 0xa3, 0xf, 0xff, 0xff, 0xff,
    0xff, 0xff, 0x90, 0x8a, 0x0, 0x0, 0xff, 0xff,
    0xff, 0xff, 0xff, 0xf9, 0x0, 0x0, 0x0, 0xf,
    0xff, 0xff, 0xff, 0xff, 0xff, 0x90, 0x0, 0x0,
    0x0, 0xff, 0xff, 0xff, 0xff, 0xff, 0xf9, 0x0,
    0x0, 0x0, 0xf, 0xff, 0xff, 0xff, 0xff, 0xff,
    0x90, 0x0, 0x0, 0x1, 0xff, 0xff, 0xff, 0xff,
    0xff, 0xfa, 0x0, 0x0, 0x1, 0xcf, 0xff, 0xff,
    0xff, 0xff, 0xff, 0xf7, 0x0, 0x0, 0xaf, 0xff,
    0xff, 0xff, 0xff, 0xff, 0xff, 0xf3, 0x0, 0x1,
    0x22, 0x22, 0x22, 0x22, 0x22, 0x22, 0x22, 0x0,
    0x0, 0x0, 0x0, 0x0, 0xcf, 0xf5, 0x0, 0x0,
    0x0, 0x0, 0x0, 0x0, 0x0, 0x2, 0x97, 0x0,
    0x0, 0x0, 0x0,

    /* U+F00AC "󰂬" */
    0xd, 0xff, 0xff, 0xff, 0xff, 0xff, 0xff, 0xff,
    0xe5, 0x1f, 0xff, 0xff, 0xff, 0xff, 0xff, 0xff,
    0xff, 0xf8, 0xf, 0xff, 0xff, 0xff, 0xff, 0xff,
    0xff, 0xff, 0xf8, 0x4, 0xaf, 0xff, 0xff, 0xff,
    0xff, 0xff, 0xff, 0x51, 0x0, 0x7f, 0xff, 0xff,
    0xff, 0xff, 0xff, 0xfe, 0x0, 0x0, 0x7f, 0xff,
    0xff, 0xff, 0xff, 0xff, 0xfe, 0x0, 0x0, 0x7f,
    0xff, 0xff, 0xff, 0xff, 0xff, 0xfe, 0x0, 0x0,
    0x7f, 0xff, 0xff, 0xff, 0xff, 0xff, 0xfe, 0x0,
    0x0, 0x7f, 0xff, 0xff, 0xff, 0xff, 0xff, 0xfe,
    0x0, 0x0, 0x4f, 0xff, 0xff, 0xff, 0xff, 0xff,
    0xfb, 0x0, 0x0, 0x0, 0x0, 0x0, 0x9f, 0x10,
    0x0, 0x0, 0x0, 0x0, 0x0, 0x0, 0x0, 0x9f,
    0x0, 0x0, 0x0, 0x0, 0x0, 0x0, 0x0, 0x7,
    0xff, 0xc1, 0x0, 0x0, 0x0, 0x0, 0x0, 0x0,
    0x1f, 0xda, 0xf8, 0x0, 0x0, 0x0, 0x0, 0x0,
    0x0, 0x3f, 0x81, 0xfa, 0x0, 0x0, 0x0, 0x0,
    0x0, 0x0, 0xe, 0xfe, 0xf6, 0x0, 0x0, 0x0,
    0x0, 0x0, 0x0, 0x2, 0xbc, 0x70, 0x0, 0x0,
    0x0,

    /* U+F00DE "󰃞" */
    0x0, 0x0, 0x0, 0x0, 0x3, 0x90, 0x0, 0x0,
    0x0, 0x0, 0x0, 0x0, 0x0, 0x0, 0x3f, 0xfa,
    0x0, 0x0, 0x0, 0x0, 0x0, 0x1, 0x22, 0x25,
    0xff, 0xff, 0xa3, 0x22, 0x20, 0x0, 0x0, 0x7,
    0xff, 0xff, 0xff, 0xff, 0xff, 0xff, 0xe0, 0x0,
    0x0, 0x7, 0xff, 0xff, 0xd9, 0x8a, 0xff, 0xff,
    0xe0, 0x0, 0x0, 0x7, 0xff, 0xf5, 0x0, 0x0,
    0x1b, 0xff, 0xe0, 0x0, 0x0, 0x7, 0xff, 0x40,
    0x0, 0x0, 0x0, 0xcf, 0xe0, 0x0, 0x0, 0x4f,
    0xfa, 0x0, 0x0, 0x0, 0x0, 0x3f, 0xfa, 0x0,
    0x4, 0xff, 0xf5, 0x0, 0x0, 0x0, 0x0, 0xe,
    0xff, 0xa0, 0xe, 0xff, 0xf4, 0x0, 0x0, 0x0,
    0x0, 0xc, 0xff, 0xf6, 0x3, 0xff, 0xf5, 0x0,
    0x0, 0x0, 0x0, 0xe, 0xff, 0xa0, 0x0, 0x3f,
    0xfa, 0x0, 0x0, 0x0, 0x0, 0x3f, 0xfa, 0x0,
    0x0, 0x7, 0xff, 0x40, 0x0, 0x0, 0x0, 0xcf,
    0xe0, 0x0, 0x0, 0x7, 0xff, 0xf5, 0x0, 0x0,
    0x1b, 0xff, 0xe0, 0x0, 0x0, 0x7, 0xff, 0xff,
    0xd9, 0x8b, 0xff, 0xff, 0xe0, 0x0, 0x0, 0x7,
    0xff, 0xff, 0xff, 0xff, 0xff, 0xff, 0xe0, 0x0,
    0x0, 0x1, 0x22, 0x25, 0xff, 0xff, 0xa2, 0x22,
    0x20, 0x0, 0x0, 0x0, 0x0, 0x0, 0x3f, 0xfa,
    0x0, 0x0, 0x0, 0x0, 0x0, 0x0, 0x0, 0x0,
    0x3, 0x90, 0x0, 0x0, 0x0, 0x0,

    /* U+F00E0 "󰃠" */
    0x0, 0x0, 0x0, 0x0, 0x3, 0x90, 0x0, 0x0,
    0x0, 0x0, 0x0, 0x0, 0x0, 0x0, 0x4f, 0xfa,
    0x0, 0x0, 0x0, 0x0, 0x0, 0x1, 0x22, 0x25,
    0xff, 0xff, 0xa2, 0x22, 0x20, 0x0, 0x0, 0x7,
    0xff, 0xff, 0xff, 0xff, 0xff, 0xff, 0xe0, 0x0,
    0x0, 0x7, 0xff, 0xff, 0xd9, 0x8a, 0xff, 0xff,
    0xe0, 0x0, 0x0, 0x7, 0xff, 0xf5, 0x0, 0x0,
    0x1b, 0xff, 0xe0, 0x0, 0x0, 0x7, 0xff, 0x40,
    0x4a, 0xc8, 0x0, 0xcf, 0xe0, 0x0, 0x0, 0x4f,
    0xfa, 0x5, 0xff, 0xff, 0xc0, 0x3f, 0xfa, 0x0,
    0x4, 0xff, 0xf5, 0xe, 0xff, 0xff, 0xf5, 0xe,
    0xff, 0xa0, 0xe, 0xff, 0xf4, 0xf, 0xff, 0xff,
    0xf7, 0xc, 0xff, 0xf6, 0x3, 0xff, 0xf5, 0xe,
    0xff, 0xff, 0xf5, 0xe, 0xff, 0xa0, 0x0, 0x3f,
    0xfa, 0x5, 0xff, 0xff, 0xc0, 0x3f, 0xfa, 0x0,
    0x0, 0x7, 0xff, 0x40, 0x4a, 0xc8, 0x0, 0xcf,
    0xe0, 0x0, 0x0, 0x7, 0xff, 0xf5, 0x0, 0x0,
    0x1b, 0xff, 0xe0, 0x0, 0x0, 0x7, 0xff, 0xff,
    0xd9, 0x8b, 0xff, 0xff, 0xe0, 0x0, 0x0, 0x7,
    0xff, 0xff, 0xff, 0xff, 0xff, 0xff, 0xe0, 0x0,
    0x0, 0x1, 0x22, 0x25, 0xff, 0xff, 0xa2, 0x22,
    0x20, 0x0, 0x0, 0x0, 0x0, 0x0, 0x3f, 0xfa,
    0x0, 0x0, 0x0, 0x0, 0x0, 0x0, 0x0, 0x0,
    0x3, 0x90, 0x0, 0x0, 0x0, 0x0,

    /* U+F00ED "󰃭" */
    0x0, 0x1a, 0x60, 0x0, 0x0, 0x8, 0xa0, 0x0,
    0x0, 0x1f, 0x90, 0x0, 0x0, 0xc, 0xf0, 0x0,
    0x2d, 0xff, 0xff, 0xff, 0xff, 0xff, 0xff, 0xd2,
    0x9f, 0xff, 0xff, 0xff, 0xff, 0xff, 0xff, 0xf8,
    0x9f, 0xff, 0xff, 0xff, 0xff, 0xff, 0xff, 0xf9,
    0x9f, 0xff, 0xff, 0xff, 0xff, 0xff, 0xff, 0xf9,
    0x9f, 0x32, 0x22, 0x22, 0x22, 0x22, 0x23, 0xf9,
    0x9f, 0x10, 0x0, 0x0, 0x0, 0x0, 0x1, 0xf9,
    0x9f, 0x10, 0x0, 0x0, 0x0, 0x0, 0x1, 0xf9,
    0x9f, 0x10, 0x0, 0x0, 0x44, 0x44, 0x1, 0xf9,
    0x9f, 0x10, 0x0, 0x1, 0xff, 0xff, 0x11, 0xf9,
    0x9f, 0x10, 0x0, 0x1, 0xff, 0xff, 0x11, 0xf9,
    0x9f, 0x10, 0x0, 0x1, 0xff, 0xff, 0x11, 0xf9,
    0x9f, 0x10, 0x0, 0x1, 0xee, 0xee, 0x11, 0xf9,
    0x9f, 0x10, 0x0, 0x0, 0x0, 0x0, 0x1, 0xf9,
    0x9f, 0xba, 0xaa, 0xaa, 0xaa, 0xaa, 0xab, 0xf8,
    0x2d, 0xff, 0xff, 0xff, 0xff, 0xff, 0xff, 0xd2,

    /* U+F00F0 "󰃰" */
    0x0, 0x1b, 0x60, 0x0, 0x0, 0x6, 0xb1, 0x0,
    0x0, 0x0, 0x1f, 0x90, 0x0, 0x0, 0x9, 0xf1,
    0x0, 0x0, 0x2d, 0xff, 0xff, 0xff, 0xff, 0xff,
    0xff, 0xd2, 0x0, 0x9f, 0xff, 0xff, 0xff, 0xff,
    0xff, 0xff, 0xf8, 0x0, 0x9f, 0xff, 0xff, 0xff,
    0xff, 0xff, 0xff, 0xf9, 0x0, 0x9f, 0xff, 0xff,
    0xff, 0xff, 0xff, 0xff, 0xf9, 0x0, 0x9f, 0x32,
    0x22, 0x22, 0x22, 0x22, 0x23, 0xf9, 0x0, 0x9f,
    0x10, 0x0, 0x0, 0x3a, 0xef, 0xda, 0xf9, 0x0,
    0x9f, 0x10, 0x0, 0x9, 0xff, 0xed, 0xff, 0xf9,
    0x0, 0x9f, 0x10, 0x0, 0x7f, 0xd4, 0x0, 0x7,
    0xff, 0x30, 0x9f, 0x10, 0x1, 0xfe, 0x10, 0x49,
    0x0, 0x5f, 0xc0, 0x9f, 0x10, 0x6, 0xf7, 0x0,
    0x6d, 0x0, 0xc, 0xf1, 0x9f, 0x10, 0x9, 0xf3,
    0x0, 0x6e, 0x0, 0x8, 0xf3, 0x9f, 0x10, 0x8,
    0xf4, 0x0, 0x3d, 0xe5, 0x9, 0xf3, 0x9f, 0x10,
    0x5, 0xf9, 0x0, 0x0, 0x77, 0xe, 0xf0, 0x9f,
    0xbb, 0xbb, 0xff, 0x40, 0x0, 0x0, 0x9f, 0x80,
    0x2d, 0xff, 0xff, 0xff, 0xf9, 0x32, 0x5c, 0xfd,
    0x0, 0x0, 0x0, 0x0, 0x4, 0xef, 0xff, 0xff,
    0xb1, 0x0, 0x0, 0x0, 0x0, 0x0, 0x6, 0x9a,
    0x83, 0x0, 0x0,

    /* U+F00F6 "󰃶" */
    0x0, 0x1a, 0x60, 0x0, 0x0, 0x8, 0xa0, 0x0,
    0x0, 0x1f, 0x90, 0x0, 0x0, 0xb, 0xe0, 0x0,
    0x2d, 0xff, 0xff, 0xff, 0xff, 0xff, 0xff, 0xc0,
    0x9f, 0xff, 0xff, 0xff, 0xff, 0xff, 0xff, 0xf6,
    0x9f, 0xff, 0xff, 0xff, 0xff, 0xff, 0xff, 0xf6,
    0x9f, 0xff, 0xff, 0xff, 0xff, 0xff, 0xff, 0xf6,
    0x9f, 0x32, 0x22, 0x22, 0x22, 0x22, 0x26, 0xf6,
    0x9f, 0x10, 0x33, 0x33, 0x0, 0x0, 0x3, 0xf6,
    0x9f, 0x14, 0xff, 0xff, 0x0, 0x0, 0x3, 0xf6,
    0x9f, 0x14, 0xff, 0xff, 0x0, 0x0, 0x3, 0xf6,
    0x9f, 0x14, 0xff, 0xff, 0x0, 0x0, 0x3, 0xf6,
    0x9f, 0x14, 0xff, 0xff, 0x0, 0x0, 0x3, 0xf6,
    0x9f, 0x10, 0x0, 0x0, 0x0, 0x0, 0x3, 0xf6,
    0x9f, 0x10, 0x0, 0x0, 0x0, 0x0, 0x3, 0xf6,
    0x9f, 0x10, 0x0, 0x0, 0x0, 0x0, 0x3, 0xf6,
    0x9f, 0xba, 0xaa, 0xaa, 0xaa, 0xaa, 0xac, 0xf6,
    0x2d, 0xff, 0xff, 0xff, 0xff, 0xff, 0xff, 0xc0,

    /* U+F0114 "󰄔" */
    0x6a, 0xaa, 0xaa, 0xaa, 0xaa, 0xaa, 0xaa, 0xa5,
    0x9f, 0xff, 0xff, 0xff, 0xff, 0xff, 0xff, 0xf9,
    0x9f, 0xf9, 0x0, 0x2, 0x10, 0x0, 0x9f, 0xf9,
    0x9f, 0x91, 0x1, 0xbf, 0xf5, 0x0, 0x19, 0xf9,
    0x9f, 0x10, 0x8, 0xff, 0xff, 0x0, 0x1, 0xf9,
    0x9f, 0x10, 0xb, 0xff, 0xff, 0x30, 0x1, 0xf9,
    0x9f, 0x10, 0x8, 0xff, 0xff, 0x0, 0x1, 0xf9,
    0x9f, 0x91, 0x0, 0xbf, 0xf5, 0x0, 0x19, 0xf9,
    0x9f, 0xf9, 0x0, 0x1, 0x0, 0x0, 0x9f, 0xf9,
    0x9f, 0xff, 0xff, 0xff, 0xff, 0xff, 0xff, 0xf9,
    0x6a, 0xaa, 0xaa, 0xaa, 0xaa, 0xaa, 0xaa, 0xa6,

    /* U+F0118 "󰄘" */
    0x8, 0xff, 0xff, 0xff, 0xff, 0xff, 0xff, 0xff,
    0xff, 0x80, 0xf, 0xda, 0xaa, 0xaa, 0xaa, 0xaa,
    0xaa, 0xaa, 0xad, 0xf0, 0x1f, 0x90, 0x0, 0x0,
    0x0, 0x0, 0x0, 0x0, 0x9, 0xf1, 0x1f, 0x90,
    0x0, 0x0, 0x0, 0x0, 0x0, 0x0, 0x9, 0xf1,
    0x2, 0x10, 0x0, 0x0, 0x0, 0x0, 0x0, 0x0,
    0x9, 0xf1, 0x1, 0x0, 0x0, 0x0, 0x0, 0x0,
    0x0, 0x0, 0x9, 0xf1, 0x1f, 0xfc, 0x60, 0x0,
    0x0, 0x0, 0x0, 0x0, 0x9, 0xf1, 0x9, 0xbf,
    0xfd, 0x30, 0x0, 0x0, 0x0, 0x0, 0x9, 0xf1,
    0x0, 0x0, 0x7f, 0xf5, 0x0, 0x0, 0x0, 0x0,
    0x9, 0xf1, 0x1c, 0x93, 0x3, 0xef, 0x20, 0x0,
    0x0, 0x0, 0x9, 0xf1, 0xd, 0xff, 0x90, 0x3f,
    0xd0, 0x0, 0x0, 0x0, 0x9, 0xf1, 0x0, 0x2b,
    0xf9, 0x8, 0xf6, 0x0, 0x0, 0x0, 0x9, 0xf1,
    0x6, 0x0, 0xcf, 0x31, 0xfb, 0x0, 0x0, 0x0,
    0x9, 0xf1, 0x1f, 0xd0, 0x3f, 0x80, 0xcf, 0x4,
    0xaa, 0xaa, 0xae, 0xf0, 0x1f, 0xf5, 0xf, 0xb0,
    0xaf, 0x6, 0xff, 0xff, 0xff, 0x70,

    /* U+F011C "󰄜" */
    0x2c, 0xee, 0xee, 0xee, 0xee, 0xd4, 0xaf, 0xff,
    0xff, 0xff, 0xff, 0xfd, 0xbf, 0xff, 0xff, 0xff,
    0xff, 0xfe, 0xbf, 0x77, 0x77, 0x77, 0x77, 0xde,
    0xbe, 0x0, 0x0, 0x0, 0x0, 0xbe, 0xbe, 0x0,
    0x0, 0x0, 0x0, 0xbe, 0xbe, 0x0, 0x0, 0x0,
    0x0, 0xbe, 0xbe, 0x0, 0x0, 0x0, 0x0, 0xbe,
    0xbe, 0x0, 0x0, 0x0, 0x0, 0xbe, 0xbe, 0x0,
    0x0, 0x0, 0x0, 0xbe, 0xbe, 0x0, 0x0, 0x0,
    0x0, 0xbe, 0xbe, 0x0, 0x0, 0x0, 0x0, 0xbe,
    0xbe, 0x0, 0x0, 0x0, 0x0, 0xbe, 0xbe, 0x0,
    0x0, 0x0, 0x0, 0xbe, 0xbe, 0x0, 0x0, 0x0,
    0x0, 0xbe, 0xbf, 0x77, 0x77, 0x77, 0x77, 0xde,
    0xbf, 0xff, 0xff, 0xff, 0xff, 0xfe, 0xaf, 0xff,
    0xff, 0xff, 0xff, 0xfd, 0x2c, 0xee, 0xee, 0xee,
    0xee, 0xd4,

    /* U+F0127 "󰄧" */
    0x0, 0x0, 0x0, 0x0, 0x0, 0x0, 0x0, 0x0,
    0x30, 0x1f, 0x80, 0x0, 0x0, 0x0, 0x0, 0x0,
    0x7, 0xf5, 0x1f, 0x80, 0x0, 0x0, 0x0, 0x0,
    0x0, 0x1f, 0xd0, 0x1f, 0x80, 0x0, 0x4, 0x0,
    0x0, 0x0, 0x9f, 0x50, 0x1f, 0x80, 0x0, 0x6f,
    0xb2, 0x0, 0x3, 0xfb, 0x0, 0x1f, 0x80, 0x1,
    0xef, 0xff, 0x80, 0xc, 0xf2, 0x7, 0x1f, 0x80,
    0x9, 0xf5, 0x3c, 0xfe, 0x9f, 0x90, 0x88, 0x1f,
    0x80, 0x2f, 0xc0, 0x0, 0x6e, 0xfe, 0x12, 0xf8,
    0x1f, 0x80, 0xbf, 0x30, 0xb5, 0x0, 0x86, 0xb,
    0xf8, 0x1f, 0x85, 0xf9, 0x7, 0xff, 0xb2, 0x0,
    0x4f, 0xf8, 0x1f, 0x9d, 0xf1, 0x1f, 0xff, 0xff,
    0x91, 0xdf, 0xf8, 0x1f, 0xef, 0x70, 0xaf, 0xff,
    0xff, 0xff, 0xff, 0xf8, 0x1f, 0xfd, 0x3, 0xff,
    0xff, 0xff, 0xff, 0xff, 0xf8, 0x1f, 0xf4, 0xc,
    0xff, 0xff, 0xff, 0xff, 0xff, 0xf8, 0x1f, 0xfb,
    0xcf, 0xff, 0xff, 0xff, 0xff, 0xff, 0xf8, 0x1f,
    0xff, 0xff, 0xff, 0xff, 0xff, 0xff, 0xff, 0xf8,

    /* U+F0128 "󰄨" */
    0x1f, 0x80, 0x0, 0x0, 0x0, 0x0, 0x0, 0x0,
    0x0, 0x1f, 0x80, 0x0, 0x0, 0x0, 0x0, 0x0,
    0x0, 0x0, 0x1f, 0x80, 0x0, 0x0, 0x7, 0x88,
    0x30, 0x0, 0x0, 0x1f, 0x80, 0x0, 0x0, 0xe,
    0xff, 0x60, 0x0, 0x0, 0x1f, 0x80, 0x0, 0x0,
    0xe, 0xff, 0x60, 0x0, 0x0, 0x1f, 0x80, 0x23,
    0x31, 0xe, 0xff, 0x60, 0x0, 0x0, 0x1f, 0x80,
    0xef, 0xf6, 0xe, 0xff, 0x60, 0x0, 0x0, 0x1f,
    0x80, 0xef, 0xf6, 0xe, 0xff, 0x60, 0x0, 0x0,
    0x1f, 0x80, 0xef, 0xf6, 0xe, 0xff, 0x60, 0x0,
    0x0, 0x1f, 0x80, 0xef, 0xf6, 0xe, 0xff, 0x60,
    0xcd, 0xd5, 0x1f, 0x80, 0xef, 0xf6, 0xe, 0xff,
    0x60, 0xef, 0xf6, 0x1f, 0x80, 0xef, 0xf6, 0xe,
    0xff, 0x60, 0xef, 0xf6, 0x1f, 0x80, 0xef, 0xf6,
    0xe, 0xff, 0x60, 0xef, 0xf6, 0x1f, 0xdb, 0xff,
    0xfd, 0xbf, 0xff, 0xdb, 0xff, 0xf6, 0x1f, 0xff,
    0xff, 0xff, 0xff, 0xff, 0xff, 0xff, 0xf6,

    /* U+F012A "󰄪" */
    0x1f, 0x80, 0x0, 0x0, 0x0, 0x0, 0x0, 0x0,
    0x0, 0x1f, 0x80, 0x0, 0x0, 0x0, 0x0, 0x0,
    0x1, 0x81, 0x1f, 0x80, 0x0, 0x0, 0x0, 0x0,
    0x0, 0xa, 0xf4, 0x1f, 0x80, 0x0, 0x0, 0x0,
    0x0, 0x0, 0x3f, 0xb0, 0x1f, 0x80, 0x0, 0x19,
    0x10, 0x0, 0x0, 0xcf, 0x20, 0x1f, 0x80, 0x0,
    0x9f, 0xf7, 0x0, 0x6, 0xf8, 0x0, 0x1f, 0x80,
    0x3, 0xfc, 0xdf, 0xd5, 0xe, 0xe0, 0x0, 0x1f,
    0x80, 0xc, 0xf2, 0x7, 0xff, 0xef, 0x50, 0x0,
    0x1f, 0x80, 0x5f, 0x80, 0x0, 0x19, 0xfc, 0x0,
    0x0, 0x1f, 0x80, 0xee, 0x0, 0x0, 0x0, 0x22,
    0x0, 0x0, 0x1f, 0x88, 0xf6, 0x0, 0x0, 0x0,
    0x0, 0x0, 0x0, 0x1f, 0xaf, 0xc0, 0x0, 0x0,
    0x0, 0x0, 0x0, 0x0, 0x1f, 0xff, 0x30, 0x0,
    0x0, 0x0, 0x0, 0x0, 0x0, 0x1f, 0xff, 0xbb,
    0xbb, 0xbb, 0xbb, 0xbb, 0xbb, 0xb6, 0x1f, 0xff,
    0xff, 0xff, 0xff, 0xff, 0xff, 0xff, 0xf8,

    /* U+F012C "󰄬" */
    0x0, 0x0, 0x0, 0x0, 0x0, 0x0, 0x2, 0x90,
    0x0, 0x0, 0x0, 0x0, 0x0, 0x0, 0x2e, 0xf3,
    0x0, 0x0, 0x0, 0x0, 0x0, 0x2, 0xef, 0x50,
    0x0, 0x0, 0x0, 0x0, 0x0, 0x2e, 0xf5, 0x0,
    0x0, 0x0, 0x0, 0x0, 0x2, 0xef, 0x50, 0x0,
    0x0, 0x20, 0x0, 0x0, 0x2e, 0xf5, 0x0, 0x0,
    0xb, 0xe2, 0x0, 0x2, 0xef, 0x50, 0x0, 0x0,
    0x5, 0xfe, 0x20, 0x2e, 0xf5, 0x0, 0x0, 0x0,
    0x0, 0x5f, 0xe4, 0xef, 0x50, 0x0, 0x0, 0x0,
    0x0, 0x5, 0xff, 0xf5, 0x0, 0x0, 0x0, 0x0,
    0x0, 0x0, 0x5f, 0x50, 0x0, 0x0, 0x0, 0x0,
    0x0, 0x0, 0x1, 0x0, 0x0, 0x0, 0x0, 0x0,

    /* U+F0131 "󰄱" */
    0x2d, 0xff, 0xff, 0xff, 0xff, 0xff, 0xff, 0xd2,
    0x9f, 0xba, 0xaa, 0xaa, 0xaa, 0xaa, 0xab, 0xf8,
    0x9f, 0x10, 0x0, 0x0, 0x0, 0x0, 0x1, 0xf9,
    0x9f, 0x10, 0x0, 0x0, 0x0, 0x0, 0x1, 0xf9,
    0x9f, 0x10, 0x0, 0x0, 0x0, 0x0, 0x1, 0xf9,
    0x9f, 0x10, 0x0, 0x0, 0x0, 0x0, 0x1, 0xf9,
    0x9f, 0x10, 0x0, 0x0, 0x0, 0x0, 0x1, 0xf9,
    0x9f, 0x10, 0x0, 0x0, 0x0, 0x0, 0x1, 0xf9,
    0x9f, 0x10, 0x0, 0x0, 0x0, 0x0, 0x1, 0xf9,
    0x9f, 0x10, 0x0, 0x0, 0x0, 0x0, 0x1, 0xf9,
    0x9f, 0x10, 0x0, 0x0, 0x0, 0x0, 0x1, 0xf9,
    0x9f, 0x10, 0x0, 0x0, 0x0, 0x0, 0x1, 0xf9,
    0x9f, 0x10, 0x0, 0x0, 0x0, 0x0, 0x1, 0xf9,
    0x9f, 0xba, 0xaa, 0xaa, 0xaa, 0xaa, 0xab, 0xf8,
    0x2d, 0xff, 0xff, 0xff, 0xff, 0xff, 0xff, 0xd2,

    /* U+F0135 "󰄵" */
    0x2d, 0xff, 0xff, 0xff, 0xff, 0x60, 0x0, 0x0,
    0x9f, 0xba, 0xaa, 0xaa, 0xaa, 0x40, 0x0, 0x60,
    0x9f, 0x10, 0x0, 0x0, 0x0, 0x0, 0xb, 0xf5,
    0x9f, 0x10, 0x0, 0x0, 0x0, 0x0, 0xcf, 0x80,
    0x9f, 0x10, 0x0, 0x0, 0x0, 0xc, 0xf8, 0x0,
    0x9f, 0x10, 0x0, 0x0, 0x1, 0xcf, 0x80, 0x0,
    0x9f, 0x12, 0xd2, 0x0, 0x1d, 0xf7, 0x0, 0x53,
    0x9f, 0x14, 0xfe, 0x21, 0xdf, 0x70, 0x1, 0xf9,
    0x9f, 0x10, 0x4f, 0xed, 0xf7, 0x0, 0x1, 0xf9,
    0x9f, 0x10, 0x4, 0xff, 0x60, 0x0, 0x1, 0xf9,
    0x9f, 0x10, 0x0, 0x46, 0x0, 0x0, 0x1, 0xf9,
    0x9f, 0x10, 0x0, 0x0, 0x0, 0x0, 0x1, 0xf9,
    0x9f, 0x10, 0x0, 0x0, 0x0, 0x0, 0x1, 0xf9,
    0x9f, 0xba, 0xaa, 0xaa, 0xaa, 0xaa, 0xab, 0xf8,
    0x2d, 0xff, 0xff, 0xff, 0xff, 0xff, 0xff, 0xd2,

    /* U+F0140 "󰅀" */
    0x1, 0x0, 0x0, 0x0, 0x10, 0xae, 0x20, 0x0,
    0x2, 0xea, 0x5f, 0xe2, 0x0, 0x2e, 0xf5, 0x5,
    0xfe, 0x22, 0xef, 0x50, 0x0, 0x5f, 0xee, 0xf5,
    0x0, 0x0, 0x5, 0xff, 0x50, 0x0, 0x0, 0x0,
    0x55, 0x0, 0x0,

    /* U+F0141 "󰅁" */
    0x0, 0x0, 0x3, 0x0, 0x0, 0x5, 0xf9, 0x0,
    0x5, 0xfe, 0x20, 0x5, 0xfe, 0x20, 0x5, 0xfe,
    0x20, 0x1, 0xff, 0x40, 0x0, 0x5, 0xfe, 0x20,
    0x0, 0x5, 0xfe, 0x20, 0x0, 0x5, 0xfe, 0x20,
    0x0, 0x5, 0xf9, 0x0, 0x0, 0x3, 0x0,

    /* U+F0142 "󰅂" */
    0x3, 0x0, 0x0, 0x9, 0xf5, 0x0, 0x0, 0x2e,
    0xf5, 0x0, 0x0, 0x2e, 0xf5, 0x0, 0x0, 0x2e,
    0xf5, 0x0, 0x0, 0x4f, 0xf1, 0x0, 0x2e, 0xf5,
    0x0, 0x2e, 0xf5, 0x0, 0x2e, 0xf5, 0x0, 0x9,
    0xf5, 0x0, 0x0, 0x3, 0x0, 0x0, 0x0,

    /* U+F0143 "󰅃" */
    0x0, 0x0, 0x55, 0x0, 0x0, 0x0, 0x5, 0xff,
    0x50, 0x0, 0x0, 0x5f, 0xee, 0xf5, 0x0, 0x5,
    0xfe, 0x22, 0xef, 0x50, 0x5f, 0xe2, 0x0, 0x2e,
    0xf5, 0xae, 0x20, 0x0, 0x2, 0xea, 0x1, 0x0,
    0x0, 0x0, 0x10,

    /* U+F0150 "󰅐" */
    0x0, 0x0, 0x1, 0x7b, 0xdc, 0xa6, 0x0, 0x0,
    0x0, 0x0, 0x0, 0x8f, 0xff, 0xdd, 0xff, 0xe5,
    0x0, 0x0, 0x0, 0xb, 0xfc, 0x50, 0x0, 0x6,
    0xef, 0x80, 0x0, 0x0, 0x9f, 0x90, 0x0, 0x0,
    0x0, 0x1c, 0xf6, 0x0, 0x3, 0xfb, 0x0, 0x0,
    0x93, 0x0, 0x1, 0xef, 0x10, 0xa, 0xf2, 0x0,
    0x0, 0xe5, 0x0, 0x0, 0x5f, 0x70, 0xf, 0xb0,
    0x0, 0x0, 0xe5, 0x0, 0x0, 0xe, 0xc0, 0x2f,
    0x80, 0x0, 0x0, 0xe5, 0x0, 0x0, 0xb, 0xe0,
    0x3f, 0x70, 0x0, 0x0, 0xe6, 0x0, 0x0, 0xa,
    0xf0, 0x2f, 0x80, 0x0, 0x0, 0x9f, 0x90, 0x0,
    0xb, 0xe0, 0xf, 0xb0, 0x0, 0x0, 0x3, 0xde,
    0x50, 0xe, 0xc0, 0xb, 0xf2, 0x0, 0x0, 0x0,
    0x7, 0x90, 0x5f, 0x70, 0x3, 0xfb, 0x0, 0x0,
    0x0, 0x0, 0x1, 0xef, 0x10, 0x0, 0x8f, 0xa0,
    0x0, 0x0, 0x0, 0x1c, 0xf6, 0x0, 0x0, 0xb,
    0xfc, 0x50, 0x0, 0x6, 0xef, 0x80, 0x0, 0x0,
    0x0, 0x7f, 0xff, 0xde, 0xff, 0xe5, 0x0, 0x0,
    0x0, 0x0, 0x1, 0x7b, 0xdc, 0xa6, 0x0, 0x0,
    0x0,

    /* U+F0156 "󰅖" */
    0x1, 0x0, 0x0, 0x0, 0x0, 0x10, 0x7f, 0x30,
    0x0, 0x0, 0x3, 0xf7, 0x3f, 0xf3, 0x0, 0x0,
    0x3f, 0xf3, 0x3, 0xff, 0x30, 0x3, 0xff, 0x30,
    0x0, 0x3f, 0xf3, 0x3f, 0xf3, 0x0, 0x0, 0x3,
    0xff, 0xff, 0x30, 0x0, 0x0, 0x0, 0x6f, 0xf6,
    0x0, 0x0, 0x0, 0x3, 0xff, 0xff, 0x30, 0x0,
    0x0, 0x3f, 0xf3, 0x3f, 0xf3, 0x0, 0x3, 0xff,
    0x30, 0x3, 0xff, 0x30, 0x3f, 0xf3, 0x0, 0x0,
    0x3f, 0xf3, 0x6f, 0x30, 0x0, 0x0, 0x3, 0xf7,
    0x1, 0x0, 0x0, 0x0, 0x0, 0x10,

    /* U+F0159 "󰅙" */
    0x0, 0x0, 0x0, 0x6a, 0xcc, 0xa6, 0x10, 0x0,
    0x0, 0x0, 0x0, 0x5e, 0xff, 0xff, 0xff, 0xf7,
    0x0, 0x0, 0x0, 0x9, 0xff, 0xff, 0xff, 0xff,
    0xff, 0xb0, 0x0, 0x0, 0x7f, 0xff, 0xff, 0xff,
    0xff, 0xff, 0xf9, 0x0, 0x3, 0xff, 0xfd, 0xbf,
    0xff, 0xfd, 0xbf, 0xff, 0x50, 0xa, 0xff, 0xf2,
    0xb, 0xff, 0xd1, 0xe, 0xff, 0xd0, 0xf, 0xff,
    0xfc, 0x10, 0xbd, 0x10, 0xbf, 0xff, 0xf2, 0x2f,
    0xff, 0xff, 0xc1, 0x1, 0xa, 0xff, 0xff, 0xf5,
    0x3f, 0xff, 0xff, 0xfa, 0x0, 0x7f, 0xff, 0xff,
    0xf6, 0x2f, 0xff, 0xff, 0xd1, 0x1, 0xb, 0xff,
    0xff, 0xf5, 0xf, 0xff, 0xfd, 0x10, 0xac, 0x10,
    0xbf, 0xff, 0xf2, 0xb, 0xff, 0xf2, 0xa, 0xff,
    0xc1, 0xe, 0xff, 0xd0, 0x3, 0xff, 0xfc, 0xbf,
    0xff, 0xfc, 0xaf, 0xff, 0x60, 0x0, 0x8f, 0xff,
    0xff, 0xff, 0xff, 0xff, 0xfa, 0x0, 0x0, 0xa,
    0xff, 0xff, 0xff, 0xff, 0xff, 0xc0, 0x0, 0x0,
    0x0, 0x7f, 0xff, 0xff, 0xff, 0xf8, 0x0, 0x0,
    0x0, 0x0, 0x1, 0x7b, 0xdd, 0xb7, 0x20, 0x0,
    0x0,

    /* U+F015F "󰅟" */
    0x0, 0x0, 0x0, 0x0, 0x2, 0x20, 0x0, 0x0,
    0x0, 0x0, 0x0, 0x0, 0x0, 0x19, 0xff, 0xff,
    0xa1, 0x0, 0x0, 0x0, 0x0, 0x0, 0x2, 0xef,
    0xff, 0xff, 0xfe, 0x20, 0x0, 0x0, 0x0, 0x0,
    0xd, 0xff, 0xff, 0xff, 0xff, 0xd0, 0x0, 0x0,
    0x0, 0x0, 0x6f, 0xff, 0xff, 0xff, 0xff, 0xf6,
    0x0, 0x0, 0x0, 0x18, 0xef, 0xff, 0xff, 0xff,
    0xff, 0xfb, 0x0, 0x0, 0x1, 0xdf, 0xff, 0xff,
    0xff, 0xff, 0xff, 0xfd, 0x20, 0x0, 0x9, 0xff,
    0xff, 0xff, 0xff, 0xff, 0xff, 0xff, 0xfa, 0x0,
    0xf, 0xff, 0xff, 0xff, 0xff, 0xff, 0xff, 0xff,
    0xff, 0x90, 0x2f, 0xff, 0xff, 0xff, 0xff, 0xff,
    0xff, 0xff, 0xff, 0xf0, 0x1f, 0xff, 0xff, 0xff,
    0xff, 0xff, 0xff, 0xff, 0xff, 0xf2, 0xc, 0xff,
    0xff, 0xff, 0xff, 0xff, 0xff, 0xff, 0xff, 0xf0,
    0x2, 0xff, 0xff, 0xff, 0xff, 0xff, 0xff, 0xff,
    0xff, 0x80, 0x0, 0x2b, 0xff, 0xff, 0xff, 0xff,
    0xff, 0xff, 0xf8, 0x0, 0x0, 0x0, 0x12, 0x22,
    0x22, 0x22, 0x22, 0x22, 0x0, 0x0,

    /* U+F0176 "󰅶" */
    0x0, 0x7f, 0xff, 0xff, 0xff, 0xff, 0xff, 0xff,
    0xd1, 0x0, 0x7f, 0xff, 0xff, 0xff, 0xff, 0xff,
    0xbb, 0xf8, 0x0, 0x7f, 0xff, 0xff, 0xff, 0xff,
    0xff, 0x31, 0xf8, 0x0, 0x7f, 0xff, 0xff, 0xff,
    0xff, 0xff, 0x31, 0xf8, 0x0, 0x7f, 0xff, 0xff,
    0xff, 0xff, 0xff, 0xff, 0xf6, 0x0, 0x7f, 0xff,
    0xff, 0xff, 0xff, 0xff, 0xca, 0x80, 0x0, 0x7f,
    0xff, 0xff, 0xff, 0xff, 0xff, 0x30, 0x0, 0x0,
    0x7f, 0xff, 0xff, 0xff, 0xff, 0xff, 0x30, 0x0,
    0x0, 0x6f, 0xff, 0xff, 0xff, 0xff, 0xff, 0x20,
    0x0, 0x0, 0x3f, 0xff, 0xff, 0xff, 0xff, 0xfe,
    0x0, 0x0, 0x0, 0x9, 0xff, 0xff, 0xff, 0xff,
    0xf5, 0x0, 0x0, 0x0, 0x0, 0x59, 0xaa, 0xaa,
    0xa8, 0x30, 0x0, 0x0, 0x0, 0x0, 0x0, 0x0,
    0x0, 0x0, 0x0, 0x0, 0x0, 0x1a, 0xaa, 0xaa,
    0xaa, 0xaa, 0xaa, 0xaa, 0xa9, 0x0, 0x1f, 0xff,
    0xff, 0xff, 0xff, 0xff, 0xff, 0xfe, 0x0,

    /* U+F0193 "󰆓" */
    0x2d, 0xff, 0xff, 0xff, 0xff, 0xff, 0x50, 0x0,
    0x9f, 0xba, 0xaa, 0xaa, 0xaa, 0xff, 0xf5, 0x0,
    0x9f, 0x10, 0x0, 0x0, 0x0, 0xdf, 0xff, 0x50,
    0x9f, 0x10, 0x0, 0x0, 0x0, 0xdf, 0xff, 0xf2,
    0x9f, 0x10, 0x0, 0x0, 0x0, 0xdf, 0xff, 0xf2,
    0x9f, 0xff, 0xff, 0xff, 0xff, 0xff, 0xff, 0xf2,
    0x9f, 0xff, 0xff, 0xff, 0xff, 0xff, 0xff, 0xf2,
    0x9f, 0xff, 0xff, 0xff, 0xff, 0xff, 0xff, 0xf2,
    0x9f, 0xff, 0xff, 0xc6, 0x7f, 0xff, 0xff, 0xf2,
    0x9f, 0xff, 0xfc, 0x0, 0x3, 0xff, 0xff, 0xf2,
    0x9f, 0xff, 0xf7, 0x0, 0x0, 0xef, 0xff, 0xf2,
    0x9f, 0xff, 0xf8, 0x0, 0x0, 0xff, 0xff, 0xf2,
    0x9f, 0xff, 0xfe, 0x20, 0x8, 0xff, 0xff, 0xf2,
    0x9f, 0xff, 0xff, 0xfb, 0xdf, 0xff, 0xff, 0xf2,
    0x2d, 0xff, 0xff, 0xff, 0xff, 0xff, 0xff, 0x90,

    /* U+F0199 "󰆙" */
    0x0, 0x0, 0x0, 0x0, 0x0, 0x0, 0x0, 0x0,
    0x0, 0x9, 0xff, 0xff, 0xff, 0xff, 0xff, 0xff,
    0xff, 0xe2, 0xf, 0xda, 0xaa, 0xaa, 0xdf, 0xaf,
    0xcd, 0xfa, 0xf8, 0x1f, 0x80, 0x0, 0x0, 0x9f,
    0x2b, 0x14, 0xf1, 0xf9, 0x1f, 0x80, 0x2, 0x20,
    0x9f, 0x0, 0xa, 0xa1, 0xf9, 0x1f, 0x82, 0xcf,
    0x60, 0x9f, 0x0, 0x9c, 0x1, 0xf9, 0x1f, 0x82,
    0x4d, 0x60, 0x9f, 0x8, 0xd2, 0x11, 0xf9, 0x1f,
    0x80, 0xd, 0x60, 0x9f, 0x1e, 0xef, 0xf5, 0xf9,
    0x1f, 0x80, 0xd, 0x60, 0x9f, 0x0, 0x0, 0x1,
    0xf9, 0x1f, 0x80, 0xd, 0x60, 0x9f, 0x6, 0xed,
    0x51, 0xf9, 0x1f, 0x80, 0xc, 0x60, 0x9f, 0x1e,
    0x46, 0xf1, 0xf9, 0x1f, 0x80, 0x0, 0x0, 0x9f,
    0x0, 0x4a, 0xc1, 0xf9, 0xf, 0xda, 0xaa, 0xaa,
    0xdf, 0xaa, 0xef, 0xba, 0xf8, 0x9, 0xff, 0xff,
    0xff, 0xff, 0xff, 0xff, 0xff, 0xe2, 0x0, 0x0,
    0x0, 0x0, 0x0, 0x0, 0x0, 0x0, 0x0,

    /* U+F01A4 "󰆤" */
    0x0, 0x0, 0x0, 0x0, 0xa, 0xd0, 0x0, 0x0,
    0x0, 0x0, 0x0, 0x0, 0x0, 0x0, 0xc, 0xe0,
    0x0, 0x0, 0x0, 0x0, 0x0, 0x0, 0x0, 0x3b,
    0xff, 0xff, 0xc4, 0x0, 0x0, 0x0, 0x0, 0x0,
    0x9, 0xff, 0xb8, 0x8a, 0xff, 0xa0, 0x0, 0x0,
    0x0, 0x0, 0x9f, 0xb1, 0x0, 0x0, 0x1b, 0xfa,
    0x0, 0x0, 0x0, 0x5, 0xfa, 0x0, 0x0, 0x0,
    0x0, 0xaf, 0x60, 0x0, 0x0, 0xd, 0xe1, 0x0,
    0x6b, 0xc7, 0x0, 0xe, 0xd0, 0x0, 0x0, 0x3f,
    0x80, 0x8, 0xff, 0xff, 0xa0, 0x8, 0xf3, 0x0,
    0x5, 0x9f, 0x40, 0xf, 0xff, 0xff, 0xf3, 0x4,
    0xf9, 0x51, 0x2f, 0xff, 0x30, 0x2f, 0xff, 0xff,
    0xf5, 0x3, 0xff, 0xf3, 0x4, 0x8f, 0x40, 0xf,
    0xff, 0xff, 0xf3, 0x4, 0xf8, 0x40, 0x0, 0x2f,
    0x80, 0x7, 0xff, 0xff, 0x90, 0x8, 0xf3, 0x0,
    0x0, 0xd, 0xe1, 0x0, 0x5a, 0xb6, 0x0, 0xe,
    0xd0, 0x0, 0x0, 0x5, 0xfb, 0x0, 0x0, 0x0,
    0x0, 0xaf, 0x50, 0x0, 0x0, 0x0, 0x9f, 0xb1,
    0x0, 0x0, 0x1b, 0xfa, 0x0, 0x0, 0x0, 0x0,
    0x9, 0xff, 0xb8, 0x8b, 0xff, 0xa0, 0x0, 0x0,
    0x0, 0x0, 0x0, 0x3b, 0xff, 0xff, 0xc4, 0x0,
    0x0, 0x0, 0x0, 0x0, 0x0, 0x0, 0xc, 0xe0,
    0x0, 0x0, 0x0, 0x0, 0x0, 0x0, 0x0, 0x0,
    0xa, 0xd0, 0x0, 0x0, 0x0, 0x0,

    /* U+F01AD "󰆭" */
    0x0, 0x0, 0x0, 0x0, 0x5b, 0xef, 0xea, 0x50,
    0x0, 0x0, 0x0, 0x2, 0xcf, 0xff, 0xff, 0xff,
    0xc2, 0x0, 0x0, 0x2, 0xef, 0xe8, 0x31, 0x27,
    0xed, 0x10, 0x0, 0x0, 0xcf, 0xd1, 0x0, 0x0,
    0x1, 0x10, 0x0, 0x0, 0x5f, 0xf1, 0x0, 0x0,
    0x0, 0x0, 0x0, 0xbf, 0xff, 0xff, 0xff, 0xff,
    0xf1, 0x0, 0x0, 0x1a, 0xaa, 0xff, 0xba, 0xaa,
    0xa7, 0x0, 0x0, 0x0, 0x0, 0xf, 0xf1, 0x0,
    0x0, 0x0, 0x0, 0x0, 0x7, 0xaa, 0xff, 0xba,
    0xaa, 0xaa, 0x10, 0x0, 0x1, 0xff, 0xff, 0xff,
    0xff, 0xff, 0xb0, 0x0, 0x0, 0x0, 0x0, 0x5f,
    0xe1, 0x0, 0x0, 0x0, 0x0, 0x0, 0x0, 0x0,
    0xcf, 0xd1, 0x0, 0x0, 0x1, 0x10, 0x0, 0x0,
    0x2, 0xef, 0xe8, 0x31, 0x37, 0xed, 0x10, 0x0,
    0x0, 0x2, 0xcf, 0xff, 0xff, 0xff, 0xc2, 0x0,
    0x0, 0x0, 0x0, 0x5b, 0xef, 0xeb, 0x50, 0x0,

    /* U+F01B4 "󰆴" */
    0x22, 0x27, 0xff, 0xff, 0xa3, 0x22, 0xbf, 0xff,
    0xff, 0xff, 0xff, 0xfe, 0x57, 0x77, 0x77, 0x77,
    0x77, 0x77, 0x9, 0xaa, 0xaa, 0xaa, 0xaa, 0xa1,
    0xe, 0xff, 0xff, 0xff, 0xff, 0xf1, 0xe, 0xff,
    0xff, 0xff, 0xff, 0xf1, 0xe, 0xff, 0xff, 0xff,
    0xff, 0xf1, 0xe, 0xff, 0xff, 0xff, 0xff, 0xf1,
    0xe, 0xff, 0xff, 0xff, 0xff, 0xf1, 0xe, 0xff,
    0xff, 0xff, 0xff, 0xf1, 0xe, 0xff, 0xff, 0xff,
    0xff, 0xf1, 0xe, 0xff, 0xff, 0xff, 0xff, 0xf1,
    0xe, 0xff, 0xff, 0xff, 0xff, 0xf1, 0xd, 0xff,
    0xff, 0xff, 0xff, 0xf1, 0x5, 0xef, 0xff, 0xff,
    0xff, 0x80,

    /* U+F01BC "󰆼" */
    0x0, 0x6, 0xad, 0xff, 0xec, 0x83, 0x0, 0x5,
    0xef, 0xff, 0xff, 0xff, 0xff, 0xa0, 0x3f, 0xff,
    0xff, 0xff, 0xff, 0xff, 0xfa, 0x6f, 0xff, 0xff,
    0xff, 0xff, 0xff, 0xfd, 0x1e, 0xff, 0xff, 0xff,
    0xff, 0xff, 0xf6, 0x11, 0xaf, 0xff, 0xff, 0xff,
    0xfd, 0x51, 0x74, 0x1, 0x58, 0xaa, 0x97, 0x30,
    0x1b, 0x6f, 0xa3, 0x0, 0x0, 0x0, 0x17, 0xee,
    0x2f, 0xff, 0xfc, 0xaa, 0xbd, 0xff, 0xf8, 0x13,
    0xdf, 0xff, 0xff, 0xff, 0xff, 0x81, 0x63, 0x4,
    0x8b, 0xdd, 0xca, 0x61, 0x9, 0x7f, 0x81, 0x0,
    0x0, 0x0, 0x4, 0xde, 0x3f, 0xff, 0xda, 0x88,
    0x9b, 0xef, 0xfa, 0x5, 0xef, 0xff, 0xff, 0xff,
    0xff, 0xa0, 0x0, 0x6, 0xad, 0xff, 0xec, 0x83,
    0x0,

    /* U+F01C5 "󰇅" */
    0x6e, 0xff, 0xff, 0xff, 0xe6, 0xfe, 0xbb, 0xbb,
    0xbb, 0xef, 0xfb, 0x0, 0x0, 0x0, 0xaf, 0xfe,
    0xaa, 0xaa, 0xaa, 0xef, 0xff, 0xff, 0xff, 0xff,
    0xff, 0xfb, 0x0, 0x0, 0x0, 0xaf, 0xfb, 0x0,
    0x0, 0x0, 0xaf, 0xff, 0xff, 0xff, 0xff, 0xff,
    0xff, 0xff, 0xff, 0xff, 0xff, 0xff, 0xff, 0xff,
    0xff, 0xff, 0xff, 0xff, 0xff, 0xff, 0xff, 0xff,
    0xff, 0xff, 0xff, 0xff, 0xff, 0xff, 0xff, 0xff,
    0xff, 0xff, 0xff, 0xff, 0xea, 0xef, 0xff, 0xff,
    0xff, 0xb0, 0xaf, 0xff, 0xff, 0xff, 0xeb, 0xef,
    0x6e, 0xff, 0xff, 0xff, 0xe6,

    /* U+F01D8 "󰇘" */
    0x1, 0x10, 0x0, 0x11, 0x0, 0x1, 0x10, 0x3f,
    0xf5, 0x3, 0xff, 0x50, 0x3f, 0xf5, 0x8f, 0xfb,
    0x8, 0xff, 0xb0, 0x8f, 0xfb, 0x3f, 0xf5, 0x3,
    0xff, 0x50, 0x3f, 0xf5, 0x0, 0x10, 0x0, 0x1,
    0x0, 0x0, 0x10,

    /* U+F01DA "󰇚" */
    0x0, 0x0, 0x11, 0x11, 0x10, 0x0, 0x0, 0x6,
    0xff, 0xff, 0x90, 0x0, 0x0, 0x6, 0xff, 0xff,
    0x90, 0x0, 0x0, 0x6, 0xff, 0xff, 0x90, 0x0,
    0x0, 0x6, 0xff, 0xff, 0x90, 0x0, 0x11, 0x17,
    0xff, 0xff, 0xa1, 0x11, 0x2e, 0xff, 0xff, 0xff,
    0xff, 0xf5, 0x2, 0xef, 0xff, 0xff, 0xff, 0x50,
    0x0, 0x2e, 0xff, 0xff, 0xf5, 0x0, 0x0, 0x2,
    0xef, 0xff, 0x50, 0x0, 0x0, 0x0, 0x2e, 0xf5,
    0x0, 0x0, 0x0, 0x0, 0x2, 0x40, 0x0, 0x0,
    0x0, 0x0, 0x0, 0x0, 0x0, 0x0, 0x79, 0x99,
    0x99, 0x99, 0x99, 0x99, 0xbf, 0xff, 0xff, 0xff,
    0xff, 0xfe, 0x0, 0x0, 0x0, 0x0, 0x0, 0x0,

    /* U+F0208 "󰈈" */
    0x0, 0x0, 0x0, 0x49, 0xcd, 0xcb, 0x71, 0x0,
    0x0, 0x0, 0x0, 0x4, 0xdf, 0xff, 0xff, 0xff,
    0xf9, 0x10, 0x0, 0x0, 0x8, 0xff, 0xfe, 0x73,
    0x4a, 0xff, 0xfe, 0x30, 0x0, 0x8, 0xff, 0xfc,
    0x10, 0x0, 0x5, 0xff, 0xff, 0x20, 0x5, 0xff,
    0xff, 0x20, 0x9f, 0xd4, 0x9, 0xff, 0xfd, 0x0,
    0xef, 0xff, 0xc0, 0x7f, 0xff, 0xf1, 0x2f, 0xff,
    0xf7, 0x4f, 0xff, 0xfa, 0xa, 0xff, 0xff, 0x31,
    0xff, 0xff, 0xd0, 0xef, 0xff, 0xc0, 0x7f, 0xff,
    0xf1, 0x2f, 0xff, 0xf7, 0x5, 0xff, 0xff, 0x20,
    0x9f, 0xd4, 0x9, 0xff, 0xfd, 0x0, 0x8, 0xff,
    0xfc, 0x10, 0x0, 0x5, 0xff, 0xff, 0x20, 0x0,
    0x8, 0xff, 0xfe, 0x74, 0x5a, 0xff, 0xfe, 0x30,
    0x0, 0x0, 0x4, 0xdf, 0xff, 0xff, 0xff, 0xf9,
    0x10, 0x0, 0x0, 0x0, 0x0, 0x49, 0xcd, 0xcb,
    0x71, 0x0, 0x0, 0x0,

    /* U+F0209 "󰈉" */
    0x0, 0x0, 0x0, 0x0, 0x0, 0x0, 0x0, 0x0,
    0x0, 0x0, 0x2d, 0x30, 0x0, 0x0, 0x0, 0x0,
    0x0, 0x0, 0x0, 0x1, 0xde, 0x20, 0x28, 0xbd,
    0xcb, 0x71, 0x0, 0x0, 0x0, 0x2, 0xee, 0x20,
    0xbf, 0xff, 0xff, 0xf9, 0x10, 0x0, 0x0, 0x9,
    0xfe, 0x20, 0x63, 0x49, 0xff, 0xfe, 0x30, 0x0,
    0x9, 0xff, 0xfe, 0x20, 0x0, 0x4, 0xff, 0xff,
    0x20, 0x5, 0xff, 0xff, 0xee, 0x21, 0xa4, 0x9,
    0xff, 0xfd, 0x0, 0xef, 0xff, 0xc2, 0xee, 0x21,
    0xb1, 0x2f, 0xff, 0xf7, 0x4f, 0xff, 0xfa, 0xa,
    0xfe, 0x20, 0x10, 0xff, 0xff, 0xd0, 0xef, 0xff,
    0xc0, 0x7f, 0xfe, 0x20, 0x3f, 0xff, 0xf7, 0x5,
    0xff, 0xff, 0x20, 0x9f, 0xfd, 0x11, 0xcf, 0xfd,
    0x0, 0x8, 0xff, 0xfd, 0x10, 0x3, 0xed, 0x11,
    0xdf, 0x20, 0x0, 0x8, 0xff, 0xfe, 0x74, 0x5c,
    0xfd, 0x11, 0x30, 0x0, 0x0, 0x4, 0xdf, 0xff,
    0xff, 0xff, 0xfd, 0x10, 0x0, 0x0, 0x0, 0x0,
    0x49, 0xcd, 0xca, 0x65, 0xfd, 0x10, 0x0, 0x0,
    0x0, 0x0, 0x0, 0x0, 0x0, 0x4, 0xfd, 0x10,
    0x0, 0x0, 0x0, 0x0, 0x0, 0x0, 0x0, 0x4,
    0x90, 0x0,

    /* U+F0210 "󰈐" */
    0x0, 0x0, 0x0, 0x2, 0xad, 0xb5, 0x0, 0x0,
    0x0, 0x0, 0x0, 0x0, 0xe, 0xff, 0xff, 0x50,
    0x0, 0x0, 0x0, 0x0, 0x0, 0x5f, 0xff, 0xff,
    0x70, 0x0, 0x0, 0x0, 0x0, 0x0, 0x6f, 0xff,
    0xfe, 0x10, 0x0, 0x0, 0x0, 0x0, 0x0, 0x4f,
    0xff, 0xb1, 0x0, 0x0, 0x0, 0x7, 0xfd, 0x20,
    0xe, 0xff, 0x20, 0x0, 0x0, 0x0, 0x1f, 0xff,
    0xd0, 0xb, 0xff, 0x75, 0xbe, 0xeb, 0x30, 0x4f,
    0xff, 0xfe, 0xaf, 0xdd, 0xff, 0xff, 0xff, 0xe1,
    0x3f, 0xff, 0xff, 0xff, 0x44, 0xff, 0xff, 0xff,
    0xf4, 0xe, 0xff, 0xff, 0xff, 0xdd, 0xf9, 0xef,
    0xff, 0xf4, 0x2, 0xbe, 0xeb, 0x56, 0xff, 0xb0,
    0xc, 0xff, 0xf1, 0x0, 0x0, 0x0, 0x2, 0xff,
    0xf0, 0x2, 0xdf, 0x80, 0x0, 0x0, 0x0, 0x1c,
    0xff, 0xf4, 0x0, 0x0, 0x0, 0x0, 0x0, 0x1,
    0xef, 0xff, 0xf6, 0x0, 0x0, 0x0, 0x0, 0x0,
    0x7, 0xff, 0xff, 0xf5, 0x0, 0x0, 0x0, 0x0,
    0x0, 0x5, 0xff, 0xff, 0xe0, 0x0, 0x0, 0x0,
    0x0, 0x0, 0x0, 0x5b, 0xda, 0x20, 0x0, 0x0,
    0x0,

    /* U+F0238 "󰈸" */
    0x0, 0x0, 0x0, 0x86, 0x0, 0x0, 0x0, 0x0,
    0x1, 0xcf, 0x30, 0x0, 0x0, 0x0, 0x0, 0xbf,
    0xf4, 0x0, 0x0, 0x0, 0x0, 0x4f, 0xff, 0x80,
    0x0, 0x0, 0x0, 0x9, 0xff, 0xff, 0x30, 0x0,
    0x0, 0x70, 0xdf, 0xff, 0xff, 0x40, 0x0, 0x2d,
    0xd, 0xff, 0xff, 0xff, 0x60, 0x8, 0xf0, 0xbf,
    0xf6, 0xef, 0xff, 0x20, 0xbf, 0x67, 0xff, 0x52,
    0xef, 0xf9, 0xc, 0xff, 0xef, 0xf7, 0x5, 0xff,
    0xc0, 0xaf, 0xff, 0xff, 0x50, 0x3f, 0xfc, 0x5,
    0xff, 0xff, 0x80, 0x8, 0xff, 0x80, 0xc, 0xff,
    0xf9, 0x59, 0xff, 0xf1, 0x0, 0x1c, 0xff, 0xff,
    0xff, 0xf4, 0x0, 0x0, 0x6, 0xcf, 0xfd, 0x92,
    0x0, 0x0, 0x0, 0x0, 0x0, 0x0, 0x0, 0x0,

    /* U+F0241 "󰉁" */
    0x2f, 0xff, 0xff, 0xff, 0xd0, 0x2f, 0xff, 0xff,
    0xff, 0x70, 0x2f, 0xff, 0xff, 0xfe, 0x0, 0x2f,
    0xff, 0xff, 0xf7, 0x0, 0x2f, 0xff, 0xff, 0xe0,
    0x0, 0x2f, 0xff, 0xff, 0x60, 0x0, 0x2f, 0xff,
    0xff, 0x54, 0x40, 0x2f, 0xff, 0xff, 0xff, 0xb0,
    0x2f, 0xff, 0xff, 0xff, 0x20, 0x2, 0x2b, 0xff,
    0xf8, 0x0, 0x0, 0xa, 0xff, 0xe0, 0x0, 0x0,
    0xa, 0xff, 0x50, 0x0, 0x0, 0xa, 0xfc, 0x0,
    0x0, 0x0, 0xa, 0xf3, 0x0, 0x0, 0x0, 0xa,
    0x90, 0x0, 0x0, 0x0, 0x9, 0x10, 0x0, 0x0,
    0x0, 0x2, 0x0, 0x0, 0x0,

    /* U+F0243 "󰉃" */
    0x0, 0x0, 0x2f, 0xff, 0xff, 0xff, 0xd0, 0x1,
    0xc5, 0x2, 0xff, 0xff, 0xff, 0xf7, 0x0, 0xb,
    0xf5, 0x8, 0xff, 0xff, 0xfe, 0x0, 0x0, 0xb,
    0xf5, 0x8, 0xff, 0xff, 0x70, 0x0, 0x0, 0xb,
    0xf5, 0x8, 0xff, 0xe0, 0x0, 0x0, 0x0, 0xb,
    0xf5, 0x8, 0xf6, 0x0, 0x0, 0x0, 0x0, 0x2f,
    0xf5, 0x7, 0x54, 0x40, 0x0, 0x0, 0x2, 0xff,
    0xf5, 0x8, 0xfb, 0x0, 0x0, 0x0, 0x2f, 0xff,
    0xf5, 0x8, 0x20, 0x0, 0x0, 0x0, 0x22, 0xbf,
    0xf5, 0x0, 0x0, 0x0, 0x0, 0x0, 0xa, 0xff,
    0xf5, 0x0, 0x0, 0x0, 0x0, 0x0, 0xaf, 0xfd,
    0xf5, 0x0, 0x0, 0x0, 0x0, 0xa, 0xfc, 0xb,
    0xf5, 0x0, 0x0, 0x0, 0x0, 0xaf, 0x30, 0xb,
    0xf5, 0x0, 0x0, 0x0, 0xa, 0x90, 0x0, 0xb,
    0x50, 0x0, 0x0, 0x0, 0x91, 0x0, 0x0, 0x0,
    0x0, 0x0, 0x0, 0x2, 0x0, 0x0, 0x0, 0x0,

    /* U+F024A "󰉊" */
    0x0, 0x0, 0x0, 0x18, 0x92, 0x0, 0x0, 0x0,
    0x0, 0x0, 0x0, 0xbf, 0xfe, 0x0, 0x0, 0x0,
    0x0, 0x4, 0xba, 0xff, 0xff, 0xac, 0x60, 0x0,
    0x0, 0x1f, 0xff, 0xff, 0xff, 0xff, 0xf4, 0x0,
    0x0, 0x3f, 0xff, 0xc3, 0x2a, 0xff, 0xf6, 0x0,
    0x0, 0xb, 0xff, 0x30, 0x0, 0xff, 0xd1, 0x0,
    0x0, 0x7, 0xff, 0x10, 0x0, 0xef, 0xb0, 0x0,
    0x0, 0x2f, 0xff, 0x90, 0x6, 0xff, 0xf5, 0x0,
    0x0, 0x2f, 0xff, 0xfe, 0xdf, 0xff, 0xf5, 0x0,
    0x0, 0x8, 0xff, 0xff, 0xff, 0xff, 0xb0, 0x0,
    0x59, 0x61, 0x0, 0xdf, 0xff, 0x11, 0x16, 0x94,
    0x6f, 0xff, 0x80, 0x3d, 0xe6, 0x6, 0xff, 0xf5,
    0x2f, 0xff, 0xfc, 0x0, 0x0, 0xaf, 0xff, 0xf2,
    0xc, 0xff, 0xff, 0xa0, 0x7, 0xff, 0xff, 0xb0,
    0x2, 0xff, 0xff, 0xf5, 0x1f, 0xff, 0xff, 0x30,
    0x0, 0x5f, 0xff, 0xfb, 0x7f, 0xff, 0xf6, 0x0,
    0x0, 0x3, 0xdf, 0xff, 0xbf, 0xfe, 0x40, 0x0,
    0x0, 0x0, 0x5, 0x9b, 0xba, 0x60, 0x0, 0x0,

    /* U+F024B "󰉋" */
    0x0, 0x44, 0x44, 0x43, 0x0, 0x0, 0x0, 0x0,
    0x0, 0xc, 0xff, 0xff, 0xff, 0x50, 0x0, 0x0,
    0x0, 0x0, 0x1f, 0xff, 0xff, 0xff, 0xfa, 0x99,
    0x99, 0x99, 0x70, 0x1f, 0xff, 0xff, 0xff, 0xff,
    0xff, 0xff, 0xff, 0xf6, 0x1f, 0xff, 0xff, 0xff,
    0xff, 0xff, 0xff, 0xff, 0xf8, 0x1f, 0xff, 0xff,
    0xff, 0xff, 0xff, 0xff, 0xff, 0xf8, 0x1f, 0xff,
    0xff, 0xff, 0xff, 0xff, 0xff, 0xff, 0xf8, 0x1f,
    0xff, 0xff, 0xff, 0xff, 0xff, 0xff, 0xff, 0xf8,
    0x1f, 0xff, 0xff, 0xff, 0xff, 0xff, 0xff, 0xff,
    0xf8, 0x1f, 0xff, 0xff, 0xff, 0xff, 0xff, 0xff,
    0xff, 0xf8, 0x1f, 0xff, 0xff, 0xff, 0xff, 0xff,
    0xff, 0xff, 0xf8, 0x1f, 0xff, 0xff, 0xff, 0xff,
    0xff, 0xff, 0xff, 0xf8, 0xf, 0xff, 0xff, 0xff,
    0xff, 0xff, 0xff, 0xff, 0xf8, 0x9, 0xff, 0xff,
    0xff, 0xff, 0xff, 0xff, 0xff, 0xd2, 0x0, 0x0,
    0x0, 0x0, 0x0, 0x0, 0x0, 0x0, 0x0,

    /* U+F0279 "󰉹" */
    0x8e, 0x40, 0x88, 0x88, 0x88, 0x88, 0x88, 0x85,
    0xdf, 0x81, 0xff, 0xff, 0xff, 0xff, 0xff, 0xf9,
    0x37, 0x0, 0x11, 0x11, 0x11, 0x11, 0x11, 0x10,
    0x0, 0x0, 0x0, 0x0, 0x0, 0x0, 0x0, 0x0,
    0x0, 0x0, 0x0, 0x0, 0x0, 0x0, 0x0, 0x0,
    0x8e, 0x40, 0x88, 0x88, 0x88, 0x88, 0x88, 0x85,
    0xdf, 0x81, 0xff, 0xff, 0xff, 0xff, 0xff, 0xf9,
    0x37, 0x0, 0x11, 0x11, 0x11, 0x11, 0x11, 0x10,
    0x0, 0x0, 0x0, 0x0, 0x0, 0x0, 0x0, 0x0,
    0x0, 0x0, 0x0, 0x0, 0x0, 0x0, 0x0, 0x0,
    0x8e, 0x40, 0x88, 0x88, 0x88, 0x88, 0x88, 0x85,
    0xdf, 0x81, 0xff, 0xff, 0xff, 0xff, 0xff, 0xf9,
    0x37, 0x0, 0x11, 0x11, 0x11, 0x11, 0x11, 0x10,

    /* U+F0290 "󰊐" */
    0x5e, 0xff, 0xff, 0xff, 0xff, 0xc1, 0xdf, 0xff,
    0xff, 0xff, 0xff, 0xf8, 0xef, 0xc8, 0xff, 0xff,
    0xff, 0xf9, 0xef, 0x90, 0xef, 0xff, 0xff, 0xf9,
    0xef, 0xdb, 0xff, 0xff, 0xff, 0xf9, 0xef, 0xff,
    0xff, 0xff, 0xff, 0xf9, 0x12, 0x22, 0x22, 0x22,
    0x22, 0x21, 0xef, 0xff, 0xff, 0xff, 0xff, 0xf9,
    0xef, 0xda, 0xff, 0xff, 0xff, 0xf9, 0xef, 0x90,
    0xef, 0xff, 0xff, 0xf9, 0xef, 0x90, 0xef, 0xff,
    0xff, 0xf9, 0xef, 0xff, 0xff, 0xff, 0xff, 0xf9,
    0xef, 0xff, 0xff, 0xff, 0xff, 0xf9, 0xef, 0xff,
    0xff, 0xff, 0xff, 0xf9, 0xef, 0xff, 0xff, 0xff,
    0xff, 0xf8, 0x6f, 0xff, 0xff, 0xff, 0xff, 0xd2,
    0x3, 0xd4, 0x0, 0x0, 0x9c, 0x0,

    /* U+F0299 "󰊙" */
    0x0, 0x0, 0x0, 0x4, 0x70, 0x7, 0x40, 0x0,
    0x0, 0x0, 0x0, 0x0, 0x7a, 0x9, 0xf1, 0x1f,
    0x90, 0x7a, 0x0, 0x0, 0x0, 0x0, 0xbe, 0x9,
    0xf1, 0x1f, 0x90, 0xbe, 0x0, 0x0, 0x1f, 0x90,
    0xbe, 0x9, 0xf1, 0x1f, 0x90, 0xbe, 0x9, 0xf1,
    0x1f, 0xb5, 0xcf, 0x5b, 0xf6, 0x6f, 0xb5, 0xcf,
    0x5b, 0xf1, 0x1f, 0xff, 0xff, 0xff, 0xff, 0xff,
    0xff, 0xff, 0xff, 0xf1, 0x1f, 0xb4, 0xcf, 0x4b,
    0xf5, 0x5f, 0xb4, 0xcf, 0x4b, 0xf1, 0x1f, 0x90,
    0xbe, 0x9, 0xf1, 0x1f, 0x90, 0xbe, 0x9, 0xf1,
    0x1f, 0x90, 0xbe, 0x9, 0xf1, 0x1f, 0x90, 0xbe,
    0x9, 0xf1, 0x1f, 0xb5, 0xcf, 0x5b, 0xf6, 0x6f,
    0xb5, 0xcf, 0x5b, 0xf1, 0x1f, 0xff, 0xff, 0xff,
    0xff, 0xff, 0xff, 0xff, 0xff, 0xf1, 0x1f, 0xb4,
    0xcf, 0x4b, 0xf5, 0x5f, 0xb4, 0xcf, 0x4b, 0xf1,
    0x1f, 0x90, 0xbe, 0x9, 0xf1, 0x1f, 0x90, 0xbe,
    0x9, 0xf1,

    /* U+F029A "󰊚" */
    0x0, 0x0, 0x1, 0x6a, 0xcd, 0xb7, 0x10, 0x0,
    0x0, 0x0, 0x0, 0x7f, 0xff, 0xdd, 0xff, 0xf9,
    0x0, 0x0, 0x0, 0xa, 0xfd, 0x50, 0x0, 0x4,
    0xcf, 0xc1, 0x0, 0x0, 0x9f, 0xa0, 0x5, 0x0,
    0x62, 0x8, 0xfb, 0x0, 0x3, 0xfc, 0x0, 0x4f,
    0x23, 0xf8, 0x0, 0xaf, 0x50, 0xa, 0xf2, 0x0,
    0x1, 0x9, 0xf2, 0x0, 0xf, 0xd0, 0xf, 0xb0,
    0xb9, 0x0, 0x1f, 0xc0, 0x6d, 0x9, 0xf2, 0x2f,
    0x80, 0x65, 0x3, 0xff, 0x70, 0x38, 0x5, 0xf4,
    0x3f, 0x60, 0x0, 0x8, 0xff, 0xa0, 0x0, 0x4,
    0xf6, 0x2f, 0x80, 0x0, 0x3, 0xff, 0x50, 0x0,
    0x5, 0xf4, 0xf, 0xb0, 0x0, 0x0, 0x1, 0x0,
    0x0, 0x9, 0xf2, 0xa, 0xf2, 0x0, 0x0, 0x11,
    0x0, 0x0, 0xe, 0xd0, 0x3, 0xfb, 0x2, 0x9e,
    0xff, 0xfa, 0x30, 0x9f, 0x50, 0x0, 0x8f, 0xbf,
    0xff, 0xff, 0xff, 0xfb, 0xfb, 0x0, 0x0, 0xa,
    0xff, 0xff, 0xff, 0xff, 0xff, 0xc1, 0x0, 0x0,
    0x0, 0x7f, 0xff, 0xff, 0xff, 0xf9, 0x0, 0x0,
    0x0, 0x0, 0x1, 0x6a, 0xcd, 0xb7, 0x10, 0x0,
    0x0,

    /* U+F02CA "󰋊" */
    0x2d, 0xff, 0xff, 0xff, 0xff, 0xff, 0xd2, 0x9f,
    0xff, 0xfe, 0xcc, 0xef, 0xff, 0xfa, 0xaf, 0xff,
    0x60, 0x0, 0x6, 0xff, 0xfb, 0xaf, 0xf4, 0x0,
    0x0, 0x0, 0x4f, 0xfb, 0xaf, 0x90, 0x0, 0x0,
    0x0, 0x9, 0xfb, 0xaf, 0x30, 0x0, 0x0, 0x0,
    0x3, 0xfb, 0xaf, 0x0, 0x0, 0x9a, 0x0, 0x0,
    0xfb, 0xaf, 0x10, 0x0, 0x55, 0x0, 0x1, 0xfb,
    0xaf, 0x40, 0x0, 0x7, 0x30, 0x5, 0xfb, 0xaf,
    0xc0, 0x0, 0x97, 0xc2, 0xc, 0xfb, 0xaf, 0xf9,
    0x0, 0x77, 0x2c, 0x9f, 0xfb, 0xaf, 0xff, 0xc5,
    0x3d, 0x4, 0xff, 0xfb, 0xaf, 0xff, 0xff, 0xff,
    0x30, 0x7f, 0xfb, 0xaf, 0x8b, 0xff, 0xff, 0x90,
    0x1e, 0xfb, 0xaf, 0x16, 0xff, 0xff, 0xf6, 0xef,
    0xfb, 0x9f, 0xde, 0xff, 0xff, 0xff, 0xff, 0xfa,
    0x2d, 0xff, 0xff, 0xff, 0xff, 0xff, 0xd2,

    /* U+F02CB "󰋋" */
    0x0, 0x0, 0x4, 0x8a, 0xa8, 0x30, 0x0, 0x0,
    0x0, 0x3, 0xdf, 0xff, 0xff, 0xfc, 0x20, 0x0,
    0x0, 0x5f, 0xf9, 0x31, 0x3, 0x9f, 0xf5, 0x0,
    0x3, 0xfe, 0x20, 0x0, 0x0, 0x3, 0xef, 0x20,
    0xd, 0xf3, 0x0, 0x0, 0x0, 0x0, 0x3f, 0xc0,
    0x3f, 0x90, 0x0, 0x0, 0x0, 0x0, 0x9, 0xf3,
    0x7f, 0x30, 0x0, 0x0, 0x0, 0x0, 0x3, 0xf7,
    0x9f, 0x10, 0x0, 0x0, 0x0, 0x0, 0x1, 0xf9,
    0x9f, 0x10, 0x0, 0x0, 0x0, 0x0, 0x1, 0xf9,
    0x9f, 0xa9, 0x93, 0x0, 0x0, 0x49, 0x9a, 0xf9,
    0x9f, 0xff, 0xf6, 0x0, 0x0, 0x6f, 0xff, 0xf9,
    0x9f, 0xff, 0xf6, 0x0, 0x0, 0x6f, 0xff, 0xf9,
    0x9f, 0xff, 0xf6, 0x0, 0x0, 0x6f, 0xff, 0xf9,
    0x9f, 0xff, 0xf6, 0x0, 0x0, 0x6f, 0xff, 0xf9,
    0x5f, 0xff, 0xf6, 0x0, 0x0, 0x6f, 0xff, 0xf5,
    0x9, 0xff, 0xf6, 0x0, 0x0, 0x6f, 0xff, 0x80,
    0x0, 0x0, 0x0, 0x0, 0x0, 0x0, 0x0, 0x0,

    /* U+F02DC "󰋜" */
    0x0, 0x0, 0x0, 0x0, 0x88, 0x0, 0x0, 0x0,
    0x0, 0x0, 0x0, 0x0, 0xa, 0xff, 0xa0, 0x0,
    0x0, 0x0, 0x0, 0x0, 0x0, 0xbf, 0xff, 0xfb,
    0x0, 0x0, 0x0, 0x0, 0x0, 0x1d, 0xff, 0xff,
    0xff, 0xd1, 0x0, 0x0, 0x0, 0x2, 0xef, 0xff,
    0xff, 0xff, 0xfe, 0x20, 0x0, 0x0, 0x3e, 0xff,
    0xff, 0xff, 0xff, 0xff, 0xe3, 0x0, 0x5, 0xff,
    0xff, 0xff, 0xff, 0xff, 0xff, 0xff, 0x50, 0x17,
    0x7f, 0xff, 0xff, 0xff, 0xff, 0xff, 0xf7, 0x71,
    0x0, 0xe, 0xff, 0xff, 0xff, 0xff, 0xff, 0xe0,
    0x0, 0x0, 0xe, 0xff, 0xf5, 0x22, 0x5f, 0xff,
    0xe0, 0x0, 0x0, 0xe, 0xff, 0xf3, 0x0, 0x3f,
    0xff, 0xe0, 0x0, 0x0, 0xe, 0xff, 0xf3, 0x0,
    0x3f, 0xff, 0xe0, 0x0, 0x0, 0xe, 0xff, 0xf3,
    0x0, 0x3f, 0xff, 0xe0, 0x0, 0x0, 0xe, 0xff,
    0xf3, 0x0, 0x3f, 0xff, 0xe0, 0x0, 0x0, 0x2,
    0x22, 0x20, 0x0, 0x2, 0x22, 0x20, 0x0,

    /* U+F02E3 "󰋣" */
    0x7, 0x40, 0x0, 0x0, 0x0, 0x0, 0x0, 0x0,
    0x0, 0x0, 0x1f, 0x90, 0x0, 0x0, 0x0, 0x0,
    0x0, 0x0, 0x0, 0x0, 0x1f, 0x90, 0x5b, 0xa2,
    0xb, 0xcc, 0xcc, 0xcc, 0xa3, 0x0, 0x1f, 0x94,
    0xff, 0xfd, 0xe, 0xff, 0xff, 0xff, 0xff, 0x50,
    0x1f, 0x98, 0xff, 0xff, 0x3e, 0xff, 0xff, 0xff,
    0xff, 0xd0, 0x1f, 0x96, 0xff, 0xff, 0x1e, 0xff,
    0xff, 0xff, 0xff, 0xf0, 0x1f, 0x90, 0xbf, 0xf6,
    0xe, 0xff, 0xff, 0xff, 0xff, 0xf1, 0x1f, 0x90,
    0x1, 0x10, 0xe, 0xff, 0xff, 0xff, 0xff, 0xf1,
    0x1f, 0xff, 0xff, 0xff, 0xff, 0xff, 0xff, 0xff,
    0xff, 0xf1, 0x1f, 0xff, 0xff, 0xff, 0xff, 0xff,
    0xff, 0xff, 0xff, 0xf1, 0x1f, 0xd8, 0x88, 0x88,
    0x88, 0x88, 0x88, 0x88, 0x8d, 0xf1, 0x1f, 0x90,
    0x0, 0x0, 0x0, 0x0, 0x0, 0x0, 0x9, 0xf1,
    0x1f, 0x90, 0x0, 0x0, 0x0, 0x0, 0x0, 0x0,
    0x9, 0xf1, 0x0, 0x0, 0x0, 0x0, 0x0, 0x0,
    0x0, 0x0, 0x0, 0x0,

    /* U+F02FD "󰋽" */
    0x0, 0x0, 0x1, 0x6a, 0xcd, 0xb7, 0x20, 0x0,
    0x0, 0x0, 0x0, 0x7f, 0xff, 0xdd, 0xff, 0xf9,
    0x0, 0x0, 0x0, 0xa, 0xfd, 0x50, 0x0, 0x4,
    0xcf, 0xc1, 0x0, 0x0, 0x9f, 0xa0, 0x0, 0x0,
    0x0, 0x8, 0xfb, 0x0, 0x3, 0xfc, 0x0, 0x0,
    0x7a, 0x0, 0x0, 0x9f, 0x60, 0xa, 0xf2, 0x0,
    0x0, 0xbe, 0x0, 0x0, 0xe, 0xd0, 0xf, 0xb0,
    0x0, 0x0, 0x0, 0x0, 0x0, 0x8, 0xf2, 0x2f,
    0x80, 0x0, 0x0, 0x11, 0x0, 0x0, 0x5, 0xf5,
    0x3f, 0x60, 0x0, 0x0, 0xbe, 0x0, 0x0, 0x3,
    0xf6, 0x2f, 0x80, 0x0, 0x0, 0xbe, 0x0, 0x0,
    0x5, 0xf5, 0xf, 0xb0, 0x0, 0x0, 0xbe, 0x0,
    0x0, 0x8, 0xf2, 0xa, 0xf2, 0x0, 0x0, 0xbe,
    0x0, 0x0, 0xe, 0xd0, 0x3, 0xfc, 0x0, 0x0,
    0xad, 0x0, 0x0, 0x9f, 0x60, 0x0, 0x8f, 0xa0,
    0x0, 0x0, 0x0, 0x8, 0xfb, 0x0, 0x0, 0xa,
    0xfd, 0x60, 0x0, 0x4, 0xcf, 0xc1, 0x0, 0x0,
    0x0, 0x7f, 0xff, 0xdd, 0xff, 0xf9, 0x0, 0x0,
    0x0, 0x0, 0x1, 0x6a, 0xcd, 0xb7, 0x20, 0x0,
    0x0,

    /* U+F0306 "󰌆" */
    0x0, 0x0, 0x36, 0x51, 0x0, 0x0, 0x0, 0x0,
    0x0, 0x0, 0x0, 0x3d, 0xff, 0xff, 0x80, 0x0,
    0x0, 0x0, 0x0, 0x0, 0x2, 0xff, 0xff, 0xff,
    0xf9, 0x0, 0x0, 0x0, 0x0, 0x0, 0xb, 0xff,
    0xfe, 0xff, 0xff, 0x42, 0x22, 0x22, 0x22, 0x20,
    0xf, 0xff, 0x90, 0x1e, 0xff, 0xff, 0xff, 0xff,
    0xff, 0xf1, 0x2f, 0xff, 0x30, 0xa, 0xff, 0xff,
    0xff, 0xff, 0xff, 0xf1, 0xf, 0xff, 0x90, 0x1e,
    0xff, 0xff, 0xff, 0xff, 0xff, 0xf1, 0xb, 0xff,
    0xfe, 0xff, 0xff, 0x42, 0x2c, 0xff, 0xa2, 0x20,
    0x2, 0xff, 0xff, 0xff, 0xf9, 0x0, 0xc, 0xff,
    0x90, 0x0, 0x0, 0x3d, 0xff, 0xff, 0x80, 0x0,
    0xc, 0xff, 0x90, 0x0, 0x0, 0x0, 0x46, 0x51,
    0x0, 0x0, 0x5, 0x77, 0x40, 0x0,

    /* U+F030B "󰌋" */
    0x0, 0x4, 0xad, 0xc7, 0x10, 0x0, 0x0, 0x0,
    0x0, 0x0, 0xaf, 0xff, 0xff, 0xe3, 0x0, 0x0,
    0x0, 0x0, 0x8, 0xff, 0xbc, 0xff, 0xfe, 0x0,
    0x0, 0x0, 0x0, 0xf, 0xf7, 0x0, 0xbf, 0xff,
    0x70, 0x0, 0x0, 0x0, 0x3f, 0xf3, 0x0, 0x7f,
    0xff, 0xa0, 0x0, 0x0, 0x0, 0x4f, 0xfb, 0x12,
    0xdf, 0xff, 0xb0, 0x0, 0x0, 0x0, 0x1f, 0xff,
    0xff, 0xff, 0xff, 0xa0, 0x0, 0x0, 0x0, 0xb,
    0xff, 0xff, 0xff, 0xff, 0xf6, 0x0, 0x0, 0x0,
    0x1, 0xef, 0xff, 0xff, 0xff, 0xff, 0x60, 0x0,
    0x0, 0x0, 0x1a, 0xff, 0xff, 0xff, 0xff, 0xf6,
    0x0, 0x0, 0x0, 0x0, 0x2, 0x4, 0xff, 0xff,
    0xff, 0x60, 0x0, 0x0, 0x0, 0x0, 0x0, 0x4c,
    0xde, 0xff, 0xf6, 0x0, 0x0, 0x0, 0x0, 0x0,
    0x0, 0x8, 0xff, 0xff, 0x50, 0x0, 0x0, 0x0,
    0x0, 0x0, 0x8, 0xff, 0xff, 0xf3, 0x0, 0x0,
    0x0, 0x0, 0x0, 0x2, 0x55, 0xff, 0xf5, 0x0,
    0x0, 0x0, 0x0, 0x0, 0x0, 0x0, 0xff, 0xf5,
    0x0, 0x0, 0x0, 0x0, 0x0, 0x0, 0x0, 0xdd,
    0xd4,

    /* U+F0318 "󰌘" */
    0x0, 0x5a, 0xaa, 0xaa, 0xa3, 0x0, 0x0, 0x0,
    0x0, 0x0, 0x1, 0xff, 0xff, 0xff, 0xff, 0x0,
    0x0, 0x0, 0x0, 0x0, 0x3, 0xf6, 0x0, 0x0,
    0xaf, 0x10, 0x0, 0x0, 0x0, 0x0, 0x3, 0xf6,
    0x0, 0x0, 0xaf, 0x10, 0x0, 0x0, 0x0, 0x0,
    0x3, 0xf6, 0x0, 0x0, 0xaf, 0x10, 0x0, 0x0,
    0x0, 0x0, 0x3, 0xfc, 0xaa, 0xaa, 0xef, 0x0,
    0x0, 0x0, 0x0, 0x0, 0x0, 0xaf, 0xff, 0xff,
    0xf8, 0x0, 0x0, 0x0, 0x0, 0x0, 0x1f, 0xff,
    0xff, 0xff, 0xff, 0xe0, 0x0, 0x0, 0x0, 0x0,
    0xa, 0xaa, 0xaa, 0xaa, 0xaa, 0x90, 0x0, 0x0,
    0x0, 0x0, 0x0, 0x0, 0x0, 0x0, 0x0, 0x0,
    0x0, 0x0, 0x0, 0x0, 0x0, 0x4a, 0x20, 0x0,
    0x0, 0x29, 0xaa, 0xaa, 0xa8, 0x0, 0x0, 0x6f,
    0x30, 0x0, 0x0, 0xcf, 0xff, 0xff, 0xff, 0x60,
    0x0, 0x6f, 0x30, 0x0, 0x0, 0xec, 0x0, 0x0,
    0x1f, 0x80, 0x0, 0x6f, 0x30, 0x0, 0x0, 0xec,
    0x0, 0x0, 0x1f, 0x80, 0x0, 0x6f, 0x97, 0x77,
    0x20, 0xec, 0x0, 0x0, 0x1f, 0x80, 0x0, 0x6f,
    0xff, 0xff, 0x50, 0xee, 0xaa, 0xaa, 0xbf, 0x80,
    0x0, 0x12, 0x22, 0x22, 0x0, 0x6f, 0xff, 0xff,
    0xfd, 0x10, 0x0, 0x0, 0x0, 0x0, 0xc, 0xff,
    0xff, 0xff, 0xff, 0xf6, 0x0, 0x0, 0x0, 0x0,
    0x8, 0xaa, 0xaa, 0xaa, 0xaa, 0xa4,

    /* U+F0319 "󰌙" */
    0x0, 0x5a, 0xaa, 0xaa, 0xa4, 0x0, 0x0, 0x0,
    0x0, 0x0, 0x1, 0xff, 0xff, 0xff, 0xff, 0x0,
    0x0, 0x0, 0x0, 0x0, 0x3, 0xf6, 0x0, 0x0,
    0x9f, 0x10, 0x0, 0x0, 0x0, 0x0, 0x3, 0xf6,
    0x0, 0x0, 0x9f, 0x10, 0x0, 0x0, 0x0, 0x0,
    0x3, 0xf6, 0x0, 0x0, 0x9f, 0x10, 0x0, 0x0,
    0x0, 0x0, 0x2, 0xfd, 0xaa, 0xaa, 0xdf, 0x10,
    0x0, 0x0, 0x0, 0x0, 0x0, 0xaf, 0xff, 0xff,
    0xf8, 0x0, 0x0, 0x0, 0x0, 0x0, 0x1f, 0xff,
    0xff, 0xff, 0xff, 0xe0, 0x0, 0x0, 0x0, 0x0,
    0xa, 0xaa, 0xaa, 0xaa, 0xaa, 0x90, 0x0, 0x0,
    0x0, 0x0, 0x0, 0x0, 0x0, 0x0, 0x0, 0x0,
    0x0, 0x0, 0x0, 0x0, 0x0, 0x1, 0x0, 0x10,
    0x0, 0x29, 0xaa, 0xaa, 0xa8, 0x0, 0x0, 0x7e,
    0x31, 0xda, 0x0, 0xcf, 0xff, 0xff, 0xff, 0x60,
    0x0, 0x4f, 0xed, 0xf7, 0x0, 0xec, 0x0, 0x0,
    0x1f, 0x80, 0x0, 0x5, 0xff, 0x80, 0x0, 0xec,
    0x0, 0x0, 0x1f, 0x80, 0x0, 0x1d, 0xff, 0xe3,
    0x0, 0xec, 0x0, 0x0, 0x1f, 0x80, 0x0, 0x9f,
    0x74, 0xfc, 0x0, 0xde, 0xaa, 0xaa, 0xbf, 0x80,
    0x0, 0x5, 0x0, 0x41, 0x0, 0x5e, 0xff, 0xff,
    0xfd, 0x10, 0x0, 0x0, 0x0, 0x0, 0xb, 0xff,
    0xff, 0xff, 0xff, 0xf6, 0x0, 0x0, 0x0, 0x0,
    0x7, 0xaa, 0xaa, 0xaa, 0xaa, 0xa4,

    /* U+F0322 "󰌢" */
    0x0, 0x0, 0x0, 0x0, 0x0, 0x0, 0x0, 0x0,
    0x0, 0x0, 0x0, 0xcf, 0xff, 0xff, 0xff, 0xff,
    0xff, 0xff, 0xfc, 0x0, 0x4, 0xfc, 0xaa, 0xaa,
    0xaa, 0xaa, 0xaa, 0xaa, 0xcf, 0x40, 0x4, 0xf5,
    0x0, 0x0, 0x0, 0x0, 0x0, 0x0, 0x4f, 0x50,
    0x4, 0xf5, 0x0, 0x0, 0x0, 0x0, 0x0, 0x0,
    0x4f, 0x50, 0x4, 0xf5, 0x0, 0x0, 0x0, 0x0,
    0x0, 0x0, 0x4f, 0x50, 0x4, 0xf5, 0x0, 0x0,
    0x0, 0x0, 0x0, 0x0, 0x4f, 0x50, 0x4, 0xf5,
    0x0, 0x0, 0x0, 0x0, 0x0, 0x0, 0x4f, 0x50,
    0x4, 0xf5, 0x0, 0x0, 0x0, 0x0, 0x0, 0x0,
    0x4f, 0x50, 0x4, 0xf5, 0x0, 0x0, 0x0, 0x0,
    0x0, 0x0, 0x4f, 0x50, 0x4, 0xf8, 0x44, 0x44,
    0x44, 0x44, 0x44, 0x44, 0x8f, 0x50, 0x1, 0xff,
    0xff, 0xff, 0xff, 0xff, 0xff, 0xff, 0xff, 0x10,
    0x99, 0xcf, 0xff, 0xff, 0xff, 0xff, 0xff, 0xff,
    0xfc, 0x99, 0xff, 0xff, 0xff, 0xff, 0xff, 0xff,
    0xff, 0xff, 0xff, 0xff, 0x0, 0x0, 0x0, 0x0,
    0x0, 0x0, 0x0, 0x0, 0x0, 0x0,

    /* U+F032A "󰌪" */
    0x0, 0x0, 0x0, 0x0, 0x0, 0x0, 0x0, 0x0,
    0x42, 0x0, 0x0, 0x0, 0x0, 0x0, 0x1, 0x36,
    0x9d, 0xf0, 0x0, 0x0, 0x0, 0x47, 0xac, 0xef,
    0xff, 0xff, 0xb0, 0x0, 0x1, 0x9f, 0xff, 0xff,
    0xff, 0xff, 0xff, 0x60, 0x0, 0x2e, 0xff, 0xff,
    0xfd, 0x9b, 0xdf, 0xff, 0x10, 0x1, 0xef, 0xff,
    0xfa, 0x48, 0xff, 0xff, 0xf9, 0x0, 0xa, 0xff,
    0xfe, 0x44, 0xef, 0xff, 0xff, 0xf2, 0x0, 0x1f,
    0xff, 0xd1, 0x5f, 0xff, 0xff, 0xff, 0xb0, 0x0,
    0x4f, 0xfe, 0x14, 0xff, 0xff, 0xff, 0xff, 0x20,
    0x0, 0x2f, 0xf4, 0x1e, 0xff, 0xff, 0xff, 0xf7,
    0x0, 0x0, 0xd, 0xc0, 0xaf, 0xff, 0xff, 0xff,
    0xb0, 0x0, 0x0, 0x3, 0x43, 0xff, 0xff, 0xff,
    0xfc, 0x0, 0x0, 0x0, 0x0, 0xa, 0xff, 0xff,
    0xff, 0x90, 0x0, 0x0, 0x0, 0x0, 0x1f, 0xff,
    0xfe, 0xa3, 0x0, 0x0, 0x0, 0x0, 0x0, 0x8f,
    0x42, 0x10, 0x0, 0x0, 0x0, 0x0, 0x0, 0x0,
    0x5a, 0x0, 0x0, 0x0, 0x0, 0x0, 0x0, 0x0,

    /* U+F0335 "󰌵" */
    0x0, 0x5, 0xbe, 0xeb, 0x50, 0x0, 0x0, 0xbf,
    0xff, 0xff, 0xfb, 0x10, 0xb, 0xff, 0xff, 0xff,
    0xff, 0xb0, 0x4f, 0xff, 0xff, 0xff, 0xff, 0xf4,
    0x9f, 0xff, 0xff, 0xff, 0xff, 0xfa, 0xcf, 0xff,
    0xff, 0xff, 0xff, 0xfc, 0xbf, 0xff, 0xff, 0xff,
    0xff, 0xfc, 0x8f, 0xff, 0xff, 0xff, 0xff, 0xf9,
    0x2f, 0xff, 0xff, 0xff, 0xff, 0xf2, 0x8, 0xff,
    0xff, 0xff, 0xff, 0x80, 0x0, 0x8f, 0xff, 0xff,
    0xf9, 0x0, 0x0, 0x4f, 0xff, 0xff, 0xf5, 0x0,
    0x0, 0x4f, 0xff, 0xff, 0xf4, 0x0, 0x0, 0x5,
    0x55, 0x55, 0x50, 0x0, 0x0, 0x0, 0x0, 0x0,
    0x0, 0x0, 0x0, 0x5, 0xbb, 0xbb, 0x50, 0x0,
    0x0, 0x4, 0xef, 0xfe, 0x50, 0x0,

    /* U+F0336 "󰌶" */
    0x0, 0x3, 0xac, 0xca, 0x30, 0x0, 0x0, 0x9f,
    0xfd, 0xdf, 0xf9, 0x0, 0x9, 0xfa, 0x10, 0x1,
    0xaf, 0x90, 0x3f, 0xb0, 0x0, 0x0, 0xb, 0xf3,
    0x9f, 0x20, 0x0, 0x0, 0x2, 0xf9, 0xbe, 0x0,
    0x0, 0x0, 0x0, 0xec, 0xce, 0x0, 0x0, 0x0,
    0x0, 0xec, 0x9f, 0x10, 0x0, 0x0, 0x2, 0xf9,
    0x4f, 0x90, 0x0, 0x0, 0xb, 0xf3, 0xb, 0xf8,
    0x0, 0x2, 0xbf, 0xa0, 0x1, 0xcf, 0x10, 0x8,
    0xfa, 0x0, 0x0, 0x6f, 0x20, 0x8, 0xf3, 0x0,
    0x0, 0x6f, 0xff, 0xff, 0xf3, 0x0, 0x0, 0x19,
    0xaa, 0xaa, 0x90, 0x0, 0x0, 0x0, 0x0, 0x0,
    0x0, 0x0, 0x0, 0x8, 0xbb, 0xbb, 0x30, 0x0,
    0x0, 0x7, 0xff, 0xfe, 0x20, 0x0,

    /* U+F033E "󰌾" */
    0x0, 0x0, 0x17, 0xa9, 0x30, 0x0, 0x0, 0x0,
    0x2, 0xef, 0xff, 0xf6, 0x0, 0x0, 0x0, 0xd,
    0xf6, 0x3, 0xcf, 0x30, 0x0, 0x0, 0x3f, 0x80,
    0x0, 0x2f, 0x90, 0x0, 0x0, 0x6f, 0x50, 0x0,
    0xf, 0xb0, 0x0, 0x0, 0x6f, 0x40, 0x0, 0xe,
    0xc0, 0x0, 0x3c, 0xef, 0xed, 0xdd, 0xdf, 0xfd,
    0x70, 0xdf, 0xff, 0xff, 0xff, 0xff, 0xff, 0xf2,
    0xef, 0xff, 0xff, 0xff, 0xff, 0xff, 0xf4, 0xef,
    0xff, 0xff, 0xff, 0xff, 0xff, 0xf4, 0xef, 0xff,
    0xfd, 0x59, 0xff, 0xff, 0xf4, 0xef, 0xff, 0xf3,
    0x0, 0xdf, 0xff, 0xf4, 0xef, 0xff, 0xf3, 0x0,
    0xdf, 0xff, 0xf4, 0xef, 0xff, 0xfc, 0x48, 0xff,
    0xff, 0xf4, 0xef, 0xff, 0xff, 0xff, 0xff, 0xff,
    0xf4, 0xef, 0xff, 0xff, 0xff, 0xff, 0xff, 0xf4,
    0xdf, 0xff, 0xff, 0xff, 0xff, 0xff, 0xf3, 0x5e,
    0xff, 0xff, 0xff, 0xff, 0xfe, 0x90,

    /* U+F033F "󰌿" */
    0x0, 0x0, 0x17, 0xa9, 0x30, 0x0, 0x0, 0x0,
    0x2, 0xef, 0xff, 0xf6, 0x0, 0x0, 0x0, 0xd,
    0xf6, 0x3, 0xcf, 0x30, 0x0, 0x0, 0x3f, 0x80,
    0x0, 0x2f, 0x90, 0x0, 0x0, 0x27, 0x20, 0x0,
    0xf, 0xb0, 0x0, 0x0, 0x0, 0x0, 0x0, 0xe,
    0xc0, 0x0, 0x4c, 0xdd, 0xdd, 0xdd, 0xdf, 0xfd,
    0x70, 0xdf, 0xff, 0xff, 0xff, 0xff, 0xff, 0xf2,
    0xef, 0xff, 0xff, 0xff, 0xff, 0xff, 0xf4, 0xef,
    0xff, 0xff, 0xff, 0xff, 0xff, 0xf4, 0xef, 0xff,
    0xfd, 0x59, 0xff, 0xff, 0xf4, 0xef, 0xff, 0xf3,
    0x0, 0xdf, 0xff, 0xf4, 0xef, 0xff, 0xf3, 0x0,
    0xdf, 0xff, 0xf4, 0xef, 0xff, 0xfc, 0x48, 0xff,
    0xff, 0xf4, 0xef, 0xff, 0xff, 0xff, 0xff, 0xff,
    0xf4, 0xef, 0xff, 0xff, 0xff, 0xff, 0xff, 0xf4,
    0xdf, 0xff, 0xff, 0xff, 0xff, 0xff, 0xf3, 0x5e,
    0xff, 0xff, 0xff, 0xff, 0xfe, 0x90,

    /* U+F0349 "󰍉" */
    0x0, 0x6, 0xcf, 0xeb, 0x50, 0x0, 0x0, 0x0,
    0x0, 0xbf, 0xeb, 0xbf, 0xfa, 0x0, 0x0, 0x0,
    0x9, 0xf9, 0x0, 0x0, 0xaf, 0x80, 0x0, 0x0,
    0x1f, 0xb0, 0x0, 0x0, 0xc, 0xf0, 0x0, 0x0,
    0x6f, 0x50, 0x0, 0x0, 0x5, 0xf4, 0x0, 0x0,
    0x7f, 0x30, 0x0, 0x0, 0x4, 0xf6, 0x0, 0x0,
    0x5f, 0x50, 0x0, 0x0, 0x6, 0xf4, 0x0, 0x0,
    0x1f, 0xd0, 0x0, 0x0, 0xd, 0xe0, 0x0, 0x0,
    0x7, 0xfb, 0x20, 0x2, 0xcf, 0x60, 0x0, 0x0,
    0x0, 0x8f, 0xfe, 0xef, 0xfb, 0xe6, 0x0, 0x0,
    0x0, 0x2, 0x8b, 0xb8, 0x21, 0xef, 0x60, 0x0,
    0x0, 0x0, 0x0, 0x0, 0x0, 0x3e, 0xf6, 0x0,
    0x0, 0x0, 0x0, 0x0, 0x0, 0x3, 0xef, 0x60,
    0x0, 0x0, 0x0, 0x0, 0x0, 0x0, 0x3e, 0xd0,
    0x0, 0x0, 0x0, 0x0, 0x0, 0x0, 0x3, 0x10,

    /* U+F034E "󰍎" */
    0x0, 0x3, 0x9c, 0xc9, 0x30, 0x0, 0x0, 0x9f,
    0xff, 0xff, 0xf9, 0x0, 0x9, 0xff, 0xff, 0xff,
    0xff, 0x90, 0x3f, 0xff, 0xff, 0xff, 0xff, 0xf3,
    0x9f, 0xff, 0xa0, 0xa, 0xff, 0xf9, 0xcf, 0xff,
    0x0, 0x0, 0xff, 0xfc, 0xbf, 0xff, 0x0, 0x0,
    0xff, 0xfc, 0x9f, 0xff, 0xa0, 0xa, 0xff, 0xf9,
    0x4f, 0xff, 0xff, 0xff, 0xff, 0xf4, 0xe, 0xff,
    0xff, 0xff, 0xff, 0xe0, 0x6, 0xff, 0xff, 0xff,
    0xff, 0x60, 0x0, 0xdf, 0xff, 0xff, 0xfd, 0x0,
    0x0, 0x4f, 0xff, 0xff, 0xf4, 0x0, 0x0, 0x9,
    0xff, 0xff, 0x90, 0x0, 0x0, 0x0, 0xcf, 0xfd,
    0x0, 0x0, 0x0, 0x0, 0x2f, 0xf2, 0x0, 0x0,
    0x0, 0x0, 0x4, 0x40, 0x0, 0x0,

    /* U+F0351 "󰍑" */
    0x0, 0x0, 0x0, 0x39, 0xcc, 0x93, 0x0, 0x0,
    0xb, 0x40, 0xa, 0xff, 0xff, 0xff, 0x90, 0x0,
    0x1c, 0xf4, 0x9, 0xff, 0xff, 0xff, 0xf9, 0x0,
    0x1, 0xcf, 0x40, 0x9f, 0xff, 0xff, 0xff, 0x30,
    0x0, 0x1d, 0xf4, 0x6, 0x0, 0xaf, 0xff, 0x90,
    0x0, 0xc, 0xff, 0x40, 0x0, 0xf, 0xff, 0xc0,
    0x0, 0xb, 0xff, 0xf4, 0x0, 0xf, 0xff, 0xc0,
    0x0, 0x9, 0xff, 0xff, 0x40, 0x5f, 0xff, 0x90,
    0x0, 0x4, 0xff, 0xff, 0xf4, 0x9, 0xff, 0x50,
    0x0, 0x0, 0xef, 0xff, 0xff, 0x40, 0x9e, 0x0,
    0x0, 0x0, 0x6f, 0xff, 0xff, 0xf4, 0x3, 0x0,
    0x0, 0x0, 0xd, 0xff, 0xff, 0xff, 0x40, 0x0,
    0x0, 0x0, 0x4, 0xff, 0xff, 0xff, 0xf4, 0x0,
    0x0, 0x0, 0x0, 0x9f, 0xff, 0xfa, 0xcf, 0x40,
    0x0, 0x0, 0x0, 0xc, 0xff, 0xd0, 0x1c, 0xf4,
    0x0, 0x0, 0x0, 0x2, 0xff, 0x20, 0x1, 0xb3,
    0x0, 0x0, 0x0, 0x0, 0x44, 0x0, 0x0, 0x0,

    /* U+F035B "󰍛" */
    0x0, 0x0, 0x2, 0x30, 0x3, 0x20, 0x0, 0x0,
    0x0, 0x0, 0x9, 0xf1, 0x1f, 0x90, 0x0, 0x0,
    0x0, 0x7, 0x8d, 0xf9, 0x9f, 0xd8, 0x71, 0x0,
    0x0, 0x8f, 0xff, 0xff, 0xff, 0xff, 0xfb, 0x0,
    0x0, 0xbe, 0x11, 0x11, 0x11, 0x11, 0xbe, 0x0,
    0x0, 0xbe, 0x0, 0x0, 0x0, 0x0, 0xbe, 0x0,
    0x6f, 0xfe, 0x9, 0xff, 0xff, 0x90, 0xbf, 0xf9,
    0x4a, 0xee, 0x9, 0xfb, 0xbf, 0x90, 0xbf, 0xa6,
    0x0, 0xbe, 0x9, 0xf1, 0x1f, 0x90, 0xbe, 0x0,
    0x4a, 0xee, 0x9, 0xfb, 0xbf, 0x90, 0xbf, 0xa6,
    0x6f, 0xfe, 0x9, 0xff, 0xff, 0x90, 0xbf, 0xf9,
    0x0, 0xbe, 0x0, 0x0, 0x0, 0x0, 0xbe, 0x0,
    0x0, 0xbf, 0x88, 0x88, 0x88, 0x88, 0xde, 0x0,
    0x0, 0x5f, 0xff, 0xff, 0xff, 0xff, 0xf7, 0x0,
    0x0, 0x0, 0x1a, 0xf2, 0x2f, 0xa1, 0x0, 0x0,
    0x0, 0x0, 0x7, 0xc0, 0xc, 0x70, 0x0, 0x0,

    /* U+F035C "󰍜" */
    0x7a, 0xaa, 0xaa, 0xaa, 0xaa, 0xaa, 0xaa, 0xa2,
    0xbf, 0xff, 0xff, 0xff, 0xff, 0xff, 0xff, 0xf4,
    0x0, 0x0, 0x0, 0x0, 0x0, 0x0, 0x0, 0x0,
    0x0, 0x0, 0x0, 0x0, 0x0, 0x0, 0x0, 0x0,
    0x68, 0x88, 0x88, 0x88, 0x88, 0x88, 0x88, 0x82,
    0xbf, 0xff, 0xff, 0xff, 0xff, 0xff, 0xff, 0xf4,
    0x11, 0x11, 0x11, 0x11, 0x11, 0x11, 0x11, 0x10,
    0x0, 0x0, 0x0, 0x0, 0x0, 0x0, 0x0, 0x0,
    0x0, 0x0, 0x0, 0x0, 0x0, 0x0, 0x0, 0x0,
    0xbf, 0xff, 0xff, 0xff, 0xff, 0xff, 0xff, 0xf4,
    0x7a, 0xaa, 0xaa, 0xaa, 0xaa, 0xaa, 0xaa, 0xa2,

    /* U+F036C "󰍬" */
    0x0, 0x0, 0x7c, 0xb2, 0x0, 0x0, 0x0, 0x6,
    0xff, 0xfe, 0x0, 0x0, 0x0, 0xa, 0xff, 0xff,
    0x30, 0x0, 0x0, 0xb, 0xff, 0xff, 0x40, 0x0,
    0x0, 0xb, 0xff, 0xff, 0x40, 0x0, 0x0, 0xb,
    0xff, 0xff, 0x40, 0x0, 0x0, 0xb, 0xff, 0xff,
    0x40, 0x0, 0x44, 0xb, 0xff, 0xff, 0x40, 0x44,
    0xbe, 0x8, 0xff, 0xff, 0x10, 0xeb, 0x8f, 0x50,
    0xbf, 0xf6, 0x4, 0xf7, 0x2f, 0xe2, 0x1, 0x0,
    0x1e, 0xe1, 0x6, 0xfe, 0x73, 0x37, 0xef, 0x40,
    0x0, 0x5e, 0xff, 0xff, 0xd3, 0x0, 0x0, 0x0,
    0x5f, 0xc3, 0x0, 0x0, 0x0, 0x0, 0xf, 0x90,
    0x0, 0x0, 0x0, 0x0, 0xf, 0x90, 0x0, 0x0,

    /* U+F0374 "󰍴" */
    0x68, 0x88, 0x88, 0x88, 0x88, 0x88, 0xbf, 0xff,
    0xff, 0xff, 0xff, 0xfe, 0x11, 0x11, 0x11, 0x11,
    0x11, 0x11,

    /* U+F0392 "󰎒" */
    0x1c, 0xff, 0xff, 0xff, 0xff, 0xff, 0xff, 0xc1,
    0x7f, 0xff, 0xff, 0xff, 0xff, 0xff, 0xff, 0xf7,
    0x8f, 0xff, 0xff, 0xc9, 0x9c, 0xff, 0xff, 0xf8,
    0x8f, 0xff, 0xd3, 0x0, 0x0, 0x3d, 0xff, 0xf8,
    0x8f, 0xfe, 0x10, 0x6b, 0xc7, 0x1, 0xef, 0xf8,
    0x8f, 0xf7, 0x8, 0xff, 0xff, 0xa0, 0x7f, 0xf8,
    0x8f, 0xf2, 0xf, 0xff, 0xff, 0xf3, 0x2f, 0xf8,
    0x8f, 0xf0, 0x2f, 0xff, 0xff, 0xf5, 0xf, 0xf8,
    0x8f, 0xf2, 0xf, 0xff, 0xff, 0xf3, 0x2f, 0xf8,
    0x8f, 0xf7, 0x7, 0xff, 0xff, 0x90, 0x7f, 0xf8,
    0x8f, 0xfe, 0x10, 0x5a, 0xb6, 0x1, 0xef, 0xf8,
    0x8f, 0xff, 0xd3, 0x0, 0x0, 0x3d, 0xff, 0xf8,
    0x8f, 0xff, 0xff, 0xc8, 0x8c, 0xff, 0xff, 0xf8,
    0x7f, 0xff, 0xff, 0xff, 0xff, 0xff, 0xff, 0xf7,
    0x1c, 0xff, 0xff, 0xff, 0xff, 0xff, 0xff, 0xc1,

    /* U+F0393 "󰎓" */
    0x0, 0x0, 0x1, 0x6b, 0xcd, 0xb7, 0x10, 0x0,
    0x0, 0x0, 0x0, 0x8f, 0xff, 0xff, 0xff, 0xf7,
    0x0, 0x0, 0x0, 0xb, 0xff, 0xfd, 0xba, 0xdf,
    0xff, 0xb0, 0x0, 0x0, 0xaf, 0xfd, 0x40, 0x0,
    0x3, 0xdf, 0xf9, 0x0, 0x4, 0xff, 0xc0, 0x0,
    0x0, 0x2, 0xef, 0xff, 0x40, 0xb, 0xff, 0x10,
    0x5, 0xab, 0x7e, 0xf5, 0xff, 0xc0, 0xf, 0xf9,
    0x0, 0x7f, 0xff, 0xff, 0x40, 0x8f, 0xf1, 0x3f,
    0xf4, 0x0, 0xff, 0xff, 0xff, 0x30, 0x4f, 0xf4,
    0x4f, 0xf3, 0x2, 0xff, 0xff, 0xff, 0x50, 0x3f,
    0xf4, 0x3f, 0xf4, 0x0, 0xff, 0xff, 0xff, 0x30,
    0x4f, 0xf3, 0xf, 0xf9, 0x0, 0x8f, 0xff, 0xfb,
    0x0, 0x8f, 0xf1, 0xb, 0xff, 0x11, 0xcf, 0xff,
    0xfe, 0x20, 0xef, 0xb0, 0x4, 0xff, 0xcd, 0xff,
    0xff, 0xff, 0xeb, 0xff, 0x40, 0x0, 0xaf, 0xff,
    0xff, 0xff, 0xff, 0xff, 0xfa, 0x0, 0x0, 0xb,
    0xff, 0xff, 0xff, 0xff, 0xff, 0xb0, 0x0, 0x0,
    0x0, 0x8f, 0xff, 0xff, 0xff, 0xf8, 0x0, 0x0,
    0x0, 0x0, 0x1, 0x7b, 0xdc, 0xb7, 0x10, 0x0,
    0x0,

    /* U+F03D8 "󰏘" */
    0x0, 0x0, 0x28, 0xdf, 0xfd, 0x92, 0x0, 0x0,
    0x0, 0x6, 0xfd, 0xdf, 0xfd, 0xcf, 0x90, 0x0,
    0x0, 0x8f, 0xd0, 0xd, 0xf0, 0xb, 0xfb, 0x0,
    0x4, 0xff, 0xe0, 0xe, 0xf2, 0xc, 0xff, 0x90,
    0xd, 0xff, 0xfe, 0xef, 0xff, 0xef, 0xff, 0xf1,
    0x3f, 0x80, 0x9f, 0xff, 0xff, 0xfb, 0x8, 0xf5,
    0x6f, 0x40, 0x5f, 0xff, 0xff, 0xf7, 0x3, 0xf7,
    0x7f, 0xd8, 0xef, 0xff, 0xff, 0xff, 0x8d, 0xf6,
    0x6f, 0xff, 0xff, 0xff, 0xff, 0xff, 0xff, 0xf1,
    0x3f, 0xff, 0xff, 0xff, 0xff, 0xff, 0xff, 0x50,
    0xd, 0xff, 0xff, 0xff, 0xfe, 0xcc, 0xa3, 0x0,
    0x4, 0xff, 0xff, 0xff, 0xd0, 0x0, 0x0, 0x0,
    0x0, 0x7f, 0xff, 0xff, 0xd0, 0x0, 0x0, 0x0,
    0x0, 0x6, 0xff, 0xff, 0xf4, 0x0, 0x0, 0x0,
    0x0, 0x0, 0x18, 0xdf, 0xd1, 0x0, 0x0, 0x0,

    /* U+F03E4 "󰏤" */
    0x88, 0x82, 0x0, 0x28, 0x88, 0xff, 0xf5, 0x0,
    0x4f, 0xff, 0xff, 0xf5, 0x0, 0x4f, 0xff, 0xff,
    0xf5, 0x0, 0x4f, 0xff, 0xff, 0xf5, 0x0, 0x4f,
    0xff, 0xff, 0xf5, 0x0, 0x4f, 0xff, 0xff, 0xf5,
    0x0, 0x4f, 0xff, 0xff, 0xf5, 0x0, 0x4f, 0xff,
    0xff, 0xf5, 0x0, 0x4f, 0xff, 0xff, 0xf5, 0x0,
    0x4f, 0xff, 0xff, 0xf5, 0x0, 0x4f, 0xff, 0xff,
    0xf5, 0x0, 0x4f, 0xff, 0x11, 0x10, 0x0, 0x1,
    0x11,

    /* U+F03EB "󰏫" */
    0x0, 0x0, 0x0, 0x0, 0x0, 0x3, 0xd8, 0x0,
    0x0, 0x0, 0x0, 0x0, 0x0, 0x2e, 0xff, 0x90,
    0x0, 0x0, 0x0, 0x0, 0x1, 0x9, 0xff, 0xf5,
    0x0, 0x0, 0x0, 0x0, 0x3e, 0x80, 0x9f, 0xe2,
    0x0, 0x0, 0x0, 0x3, 0xef, 0xf8, 0x9, 0x30,
    0x0, 0x0, 0x0, 0x3e, 0xff, 0xff, 0x80, 0x0,
    0x0, 0x0, 0x3, 0xef, 0xff, 0xfe, 0x30, 0x0,
    0x0, 0x0, 0x3e, 0xff, 0xff, 0xe3, 0x0, 0x0,
    0x0, 0x3, 0xef, 0xff, 0xfe, 0x30, 0x0, 0x0,
    0x0, 0x3e, 0xff, 0xff, 0xe3, 0x0, 0x0, 0x0,
    0x3, 0xef, 0xff, 0xfe, 0x30, 0x0, 0x0, 0x0,
    0x2e, 0xff, 0xff, 0xe3, 0x0, 0x0, 0x0, 0x0,
    0x7f, 0xff, 0xfe, 0x30, 0x0, 0x0, 0x0, 0x0,
    0x7f, 0xff, 0xe3, 0x0, 0x0, 0x0, 0x0, 0x0,
    0x7f, 0xfe, 0x30, 0x0, 0x0, 0x0, 0x0, 0x0,

    /* U+F040A "󰐊" */
    0x0, 0x0, 0x0, 0x0, 0x0, 0x4a, 0x10, 0x0,
    0x0, 0x0, 0x4f, 0xf6, 0x0, 0x0, 0x0, 0x4f,
    0xff, 0xc2, 0x0, 0x0, 0x4f, 0xff, 0xff, 0x80,
    0x0, 0x4f, 0xff, 0xff, 0xfd, 0x30, 0x4f, 0xff,
    0xff, 0xff, 0xf6, 0x4f, 0xff, 0xff, 0xff, 0x70,
    0x4f, 0xff, 0xff, 0xb2, 0x0, 0x4f, 0xff, 0xe5,
    0x0, 0x0, 0x4f, 0xfa, 0x10, 0x0, 0x0, 0x4d,
    0x40, 0x0, 0x0, 0x0, 0x10, 0x0, 0x0, 0x0,
    0x0,

    /* U+F0415 "󰐕" */
    0x0, 0x0, 0x6, 0x80, 0x0, 0x0, 0x0, 0x0,
    0xb, 0xe0, 0x0, 0x0, 0x0, 0x0, 0xb, 0xe0,
    0x0, 0x0, 0x0, 0x0, 0xb, 0xe0, 0x0, 0x0,
    0x0, 0x0, 0xb, 0xe0, 0x0, 0x0, 0x68, 0x88,
    0x8d, 0xf8, 0x88, 0x88, 0xbf, 0xff, 0xff, 0xff,
    0xff, 0xfe, 0x11, 0x11, 0x1b, 0xe1, 0x11, 0x11,
    0x0, 0x0, 0xb, 0xe0, 0x0, 0x0, 0x0, 0x0,
    0xb, 0xe0, 0x0, 0x0, 0x0, 0x0, 0xb, 0xe0,
    0x0, 0x0, 0x0, 0x0, 0xb, 0xe0, 0x0, 0x0,
    0x0, 0x0, 0x1, 0x10, 0x0, 0x0,

    /* U+F0425 "󰐥" */
    0x0, 0x0, 0x0, 0xbe, 0x0, 0x0, 0x0, 0x0,
    0x0, 0x0, 0xbe, 0x0, 0x0, 0x0, 0x0, 0x5a,
    0x0, 0xbe, 0x0, 0x88, 0x0, 0x4, 0xfe, 0x20,
    0xbe, 0x0, 0xcf, 0x70, 0xe, 0xe2, 0x0, 0xbe,
    0x0, 0xd, 0xf2, 0x5f, 0x70, 0x0, 0xbe, 0x0,
    0x3, 0xf9, 0x8f, 0x20, 0x0, 0xbe, 0x0, 0x0,
    0xec, 0xaf, 0x0, 0x0, 0xbe, 0x0, 0x0, 0xce,
    0x8f, 0x20, 0x0, 0x34, 0x0, 0x0, 0xec, 0x5f,
    0x70, 0x0, 0x0, 0x0, 0x3, 0xf8, 0xe, 0xe2,
    0x0, 0x0, 0x0, 0xc, 0xf2, 0x3, 0xfe, 0x30,
    0x0, 0x2, 0xcf, 0x70, 0x0, 0x5f, 0xfc, 0x99,
    0xbf, 0xf8, 0x0, 0x0, 0x2, 0x9e, 0xff, 0xfa,
    0x30, 0x0, 0x0, 0x0, 0x0, 0x11, 0x0, 0x0,
    0x0,

    /* U+F042A "󰐪" */
    0x0, 0x0, 0x11, 0x11, 0x11, 0x11, 0x11, 0x0,
    0x0, 0x0, 0x0, 0xff, 0xff, 0xff, 0xff, 0xff,
    0x0, 0x0, 0x0, 0x0, 0xff, 0xff, 0xff, 0xff,
    0xff, 0x0, 0x0, 0x0, 0x0, 0xff, 0xff, 0xff,
    0xff, 0xff, 0x0, 0x0, 0x0, 0x0, 0x22, 0x22,
    0x22, 0x22, 0x22, 0x0, 0x0, 0x3, 0xcf, 0xff,
    0xff, 0xff, 0xff, 0xff, 0xfd, 0x60, 0x1e, 0xff,
    0xff, 0xff, 0xff, 0xff, 0xff, 0xde, 0xf3, 0x4f,
    0xff, 0xff, 0xff, 0xff, 0xff, 0xff, 0x12, 0xf8,
    0x4f, 0xff, 0xff, 0xff, 0xff, 0xff, 0xff, 0x79,
    0xf8, 0x4f, 0xff, 0xff, 0xff, 0xff, 0xff, 0xff,
    0xff, 0xf8, 0x4f, 0xff, 0xfb, 0x0, 0x0, 0x0,
    0xaf, 0xff, 0xf8, 0x4f, 0xff, 0xfa, 0x0, 0x0,
    0x0, 0xaf, 0xff, 0xf8, 0x4e, 0xee, 0xfa, 0x0,
    0x0, 0x0, 0xaf, 0xee, 0xe7, 0x0, 0x0, 0xfa,
    0x0, 0x0, 0x0, 0xaf, 0x0, 0x0, 0x0, 0x0,
    0xfe, 0xaa, 0xaa, 0xaa, 0xef, 0x0, 0x0, 0x0,
    0x0, 0xff, 0xff, 0xff, 0xff, 0xff, 0x0, 0x0,

    /* U+F0438 "󰐸" */
    0x0, 0x0, 0xa4, 0x0, 0xb, 0x50, 0x0, 0xa6,
    0x0, 0x0, 0x7, 0xf7, 0x0, 0x8f, 0x60, 0x5,
    0xf7, 0x0, 0x0, 0x1f, 0xd0, 0x1, 0xfd, 0x0,
    0xd, 0xe0, 0x0, 0x0, 0xb, 0xf3, 0x0, 0xbf,
    0x40, 0x7, 0xf4, 0x0, 0x0, 0x3, 0xfb, 0x0,
    0x3f, 0xc0, 0x1, 0xfc, 0x0, 0x0, 0xb, 0xf3,
    0x0, 0xbf, 0x40, 0x8, 0xf4, 0x0, 0x0, 0x1c,
    0x90, 0x1, 0xb8, 0x0, 0x9, 0xa0, 0x0, 0x0,
    0x0, 0x0, 0x0, 0x0, 0x0, 0x0, 0x0, 0x0,
    0x3, 0x9a, 0xaa, 0xaa, 0xaa, 0xaa, 0xaa, 0xa9,
    0x70, 0xe, 0xff, 0xff, 0xff, 0xff, 0xff, 0xff,
    0xff, 0xf6, 0x1f, 0xf9, 0x3f, 0xd2, 0xcf, 0x45,
    0xfc, 0x3f, 0xf8, 0x1f, 0xf6, 0xf, 0xb0, 0x9f,
    0x1, 0xf9, 0xf, 0xf9, 0x1f, 0xf7, 0xf, 0xc0,
    0x9f, 0x11, 0xfa, 0xf, 0xf9, 0x1f, 0xfe, 0xcf,
    0xfb, 0xff, 0xdd, 0xff, 0xcf, 0xf9, 0x1f, 0xff,
    0xff, 0xff, 0xff, 0xff, 0xff, 0xff, 0xf9, 0x1f,
    0x90, 0x0, 0x0, 0x0, 0x0, 0x0, 0x1, 0xf9,
    0x1b, 0x60, 0x0, 0x0, 0x0, 0x0, 0x0, 0x0,
    0xb6,

    /* U+F0439 "󰐹" */
    0x0, 0x0, 0x0, 0x0, 0x0, 0x18, 0x40, 0x0,
    0x0, 0x0, 0x0, 0x0, 0x0, 0x3a, 0xff, 0x90,
    0x0, 0x0, 0x0, 0x0, 0x0, 0x6d, 0xff, 0xb4,
    0x0, 0x0, 0x0, 0x0, 0x2, 0x8e, 0xfe, 0x82,
    0x0, 0x0, 0x0, 0x0, 0x3, 0xbf, 0xff, 0xfa,
    0xaa, 0xaa, 0xaa, 0xa9, 0x70, 0xe, 0xff, 0xff,
    0xff, 0xff, 0xff, 0xff, 0xff, 0xf6, 0x1f, 0x90,
    0x0, 0x0, 0x0, 0x0, 0x0, 0x1, 0xf8, 0x1f,
    0x80, 0x0, 0x0, 0x0, 0x0, 0x1, 0x1, 0xf9,
    0x1f, 0x80, 0x0, 0x0, 0x0, 0x0, 0x9f, 0x11,
    0xf9, 0x1f, 0xda, 0xaa, 0xaa, 0xaa, 0xaa, 0xdf,
    0xaa, 0xf9, 0x1f, 0xff, 0xff, 0xff, 0xff, 0xff,
    0xff, 0xff, 0xf9, 0x1f, 0xfa, 0x22, 0x9f, 0xff,
    0xff, 0xff, 0xff, 0xf9, 0x1f, 0xd0, 0x0, 0xb,
    0xff, 0xff, 0xff, 0xff, 0xf9, 0x1f, 0x90, 0x0,
    0x7, 0xff, 0xff, 0xff, 0xff, 0xf9, 0x1f, 0xb0,
    0x0, 0x9, 0xff, 0xff, 0xff, 0xff, 0xf9, 0x1f,
    0xf5, 0x0, 0x4f, 0xff, 0xff, 0xff, 0xff, 0xf9,
    0xf, 0xff, 0xdc, 0xff, 0xff, 0xff, 0xff, 0xff,
    0xf8, 0x7, 0xef, 0xff, 0xff, 0xff, 0xff, 0xff,
    0xff, 0xc1,

    /* U+F0450 "󰑐" */
    0x0, 0x0, 0x0, 0x11, 0x0, 0x0, 0x0, 0x0,
    0x2, 0x9e, 0xff, 0xe9, 0x20, 0x18, 0x0, 0x5f,
    0xfc, 0x99, 0xcf, 0xf6, 0xda, 0x4, 0xfe, 0x30,
    0x0, 0x4, 0xef, 0xfa, 0xe, 0xe1, 0x0, 0x0,
    0x1, 0xdf, 0xfa, 0x5f, 0x70, 0x0, 0x0, 0x1d,
    0xff, 0xfa, 0x8f, 0x20, 0x0, 0x0, 0x9b, 0xbb,
    0xb7, 0xaf, 0x0, 0x0, 0x0, 0x0, 0x0, 0x0,
    0x8f, 0x20, 0x0, 0x0, 0x0, 0x0, 0x0, 0x5f,
    0x70, 0x0, 0x0, 0x0, 0x6, 0xc3, 0xe, 0xe1,
    0x0, 0x0, 0x0, 0x2e, 0xe0, 0x4, 0xfd, 0x30,
    0x0, 0x4, 0xef, 0x40, 0x0, 0x5f, 0xfc, 0x99,
    0xcf, 0xf5, 0x0, 0x0, 0x2, 0x9f, 0xff, 0xfa,
    0x20, 0x0, 0x0, 0x0, 0x0, 0x11, 0x0, 0x0,
    0x0,

    /* U+F0469 "󰑩" */
    0x0, 0x0, 0x0, 0x0, 0x3a, 0xef, 0xd7, 0x0,
    0x0, 0x0, 0x0, 0x6, 0xe6, 0x21, 0x39, 0xd1,
    0x0, 0x0, 0x0, 0x1, 0x18, 0xff, 0xc3, 0x30,
    0x0, 0x0, 0x0, 0x0, 0x18, 0x10, 0x46, 0x0,
    0x0, 0x0, 0x0, 0x0, 0x0, 0x0, 0x0, 0x0,
    0x0, 0x0, 0x0, 0x0, 0x0, 0xbf, 0x0, 0x0,
    0x0, 0x0, 0x0, 0x0, 0x0, 0xbf, 0x0, 0x0,
    0x0, 0x0, 0x0, 0x0, 0x0, 0xbf, 0x0, 0x0,
    0x5, 0x88, 0x88, 0x88, 0x88, 0xdf, 0x88, 0x30,
    0x5f, 0xff, 0xff, 0xff, 0xff, 0xff, 0xff, 0xf2,
    0x7f, 0xff, 0xff, 0xff, 0xff, 0xff, 0xff, 0xf4,
    0x7f, 0xf0, 0x4e, 0x5, 0xe0, 0xbf, 0xff, 0xf4,
    0x7f, 0xf7, 0xaf, 0x7a, 0xf7, 0xdf, 0xff, 0xf4,
    0x7f, 0xff, 0xff, 0xff, 0xff, 0xff, 0xff, 0xf3,
    0x1c, 0xff, 0xff, 0xff, 0xff, 0xff, 0xff, 0xa0,

    /* U+F0483 "󰒃" */
    0x0, 0x0, 0x0, 0x18, 0x60, 0x0, 0x0, 0x0,
    0x0, 0x0, 0x29, 0xff, 0xfe, 0x81, 0x0, 0x0,
    0x0, 0x4b, 0xff, 0xc6, 0xff, 0xff, 0xa3, 0x0,
    0x4d, 0xff, 0xa3, 0x1, 0xff, 0xff, 0xff, 0xb2,
    0x9f, 0x91, 0x0, 0x1, 0xff, 0xff, 0xff, 0xf6,
    0x9f, 0x10, 0x0, 0x1, 0xff, 0xff, 0xff, 0xf6,
    0x9f, 0x10, 0x0, 0x1, 0xff, 0xff, 0xff, 0xf6,
    0x9f, 0x10, 0x0, 0x1, 0xff, 0xff, 0xff, 0xf6,
    0x9f, 0x10, 0x0, 0x1, 0xff, 0xff, 0xff, 0xf6,
    0x8f, 0x87, 0x77, 0x77, 0x77, 0x77, 0x7a, 0xf5,
    0x6f, 0xff, 0xff, 0xfe, 0x0, 0x0, 0x7, 0xf3,
    0x2f, 0xff, 0xff, 0xfe, 0x0, 0x0, 0xb, 0xf0,
    0xd, 0xff, 0xff, 0xfe, 0x0, 0x0, 0x2f, 0x90,
    0x5, 0xff, 0xff, 0xfe, 0x0, 0x0, 0xbf, 0x20,
    0x0, 0xcf, 0xff, 0xfe, 0x0, 0x7, 0xf9, 0x0,
    0x0, 0x1e, 0xff, 0xfe, 0x0, 0x7f, 0xc0, 0x0,
    0x0, 0x2, 0xef, 0xfe, 0x4c, 0xfc, 0x10, 0x0,
    0x0, 0x0, 0x1a, 0xff, 0xff, 0x80, 0x0, 0x0,
    0x0, 0x0, 0x0, 0x28, 0x71, 0x0, 0x0, 0x0,

    /* U+F048B "󰒋" */
    0x3a, 0xbb, 0xbb, 0xbb, 0xbb, 0xbb, 0xbb, 0xa3,
    0x9f, 0xff, 0xff, 0xff, 0xff, 0xff, 0xff, 0xf9,
    0x9f, 0x11, 0xf9, 0x9f, 0xff, 0xff, 0xff, 0xf9,
    0x9f, 0x99, 0xfd, 0xcf, 0xff, 0xff, 0xff, 0xf9,
    0x7f, 0xff, 0xff, 0xff, 0xff, 0xff, 0xff, 0xf7,
    0x1, 0x11, 0x11, 0x11, 0x11, 0x11, 0x11, 0x10,
    0x0, 0x0, 0x0, 0x0, 0x0, 0x0, 0x0, 0x0,
    0x6f, 0xff, 0xff, 0xff, 0xff, 0xff, 0xff, 0xf6,
    0x9f, 0xbb, 0xfd, 0xdf, 0xff, 0xff, 0xff, 0xf9,
    0x9f, 0x11, 0xf9, 0x9f, 0xff, 0xff, 0xff, 0xf9,
    0x9f, 0xbb, 0xfd, 0xdf, 0xff, 0xff, 0xff, 0xf9,
    0x6f, 0xff, 0xff, 0xff, 0xff, 0xff, 0xff, 0xf6,
    0x0, 0x0, 0x0, 0x0, 0x0, 0x0, 0x0, 0x0,
    0x28, 0x88, 0x88, 0x88, 0x88, 0x88, 0x88, 0x82,
    0x9f, 0xff, 0xff, 0xff, 0xff, 0xff, 0xff, 0xf9,
    0x9f, 0x22, 0xfa, 0x9f, 0xff, 0xff, 0xff, 0xf9,
    0x9f, 0x11, 0xf9, 0x9f, 0xff, 0xff, 0xff, 0xf9,
    0x9f, 0xff, 0xff, 0xff, 0xff, 0xff, 0xff, 0xf9,
    0x3a, 0xbb, 0xbb, 0xbb, 0xbb, 0xbb, 0xbb, 0xa3,

    /* U+F0493 "󰒓" */
    0x0, 0x0, 0x0, 0x1e, 0xff, 0xe1, 0x0, 0x0,
    0x0, 0x0, 0x0, 0x0, 0x3f, 0xff, 0xf3, 0x0,
    0x0, 0x0, 0x0, 0x24, 0x0, 0x8f, 0xff, 0xf8,
    0x0, 0x42, 0x0, 0x0, 0xcf, 0xdc, 0xff, 0xff,
    0xff, 0xcd, 0xfc, 0x0, 0x5, 0xff, 0xff, 0xff,
    0xff, 0xff, 0xff, 0xff, 0x50, 0xe, 0xff, 0xff,
    0xfe, 0x88, 0xef, 0xff, 0xff, 0xe0, 0x9, 0xff,
    0xff, 0xd0, 0x0, 0xc, 0xff, 0xff, 0xa0, 0x0,
    0x7f, 0xff, 0x40, 0x0, 0x4, 0xff, 0xf7, 0x0,
    0x0, 0x3f, 0xff, 0x10, 0x0, 0x1, 0xff, 0xf3,
    0x0, 0x0, 0x7f, 0xff, 0x40, 0x0, 0x4, 0xff,
    0xf7, 0x0, 0xa, 0xff, 0xff, 0xd1, 0x0, 0xc,
    0xff, 0xff, 0xa0, 0xe, 0xff, 0xff, 0xfe, 0x88,
    0xef, 0xff, 0xff, 0xe0, 0x5, 0xff, 0xff, 0xff,
    0xff, 0xff, 0xff, 0xff, 0x50, 0x0, 0xcf, 0xdc,
    0xff, 0xff, 0xff, 0xcd, 0xfc, 0x0, 0x0, 0x24,
    0x0, 0x8f, 0xff, 0xf8, 0x0, 0x42, 0x0, 0x0,
    0x0, 0x0, 0x3f, 0xff, 0xf3, 0x0, 0x0, 0x0,
    0x0, 0x0, 0x0, 0x1e, 0xff, 0xe1, 0x0, 0x0,
    0x0,

    /* U+F04A2 "󰒢" */
    0x0, 0x0, 0x0, 0x0, 0x0, 0x0, 0xf, 0xf7,
    0x0, 0x0, 0x0, 0x0, 0x0, 0x0, 0xf, 0xf7,
    0x0, 0x0, 0x0, 0x0, 0x0, 0x0, 0xf, 0xf7,
    0x0, 0x0, 0x0, 0x0, 0x0, 0x0, 0xf, 0xf7,
    0x0, 0x0, 0x0, 0x0, 0x0, 0x0, 0xf, 0xf7,
    0x0, 0x0, 0x0, 0x0, 0x1f, 0xf6, 0xf, 0xf7,
    0x0, 0x0, 0x0, 0x0, 0x1f, 0xf6, 0xf, 0xf7,
    0x0, 0x0, 0x0, 0x0, 0x1f, 0xf6, 0xf, 0xf7,
    0x0, 0x0, 0x0, 0x0, 0x1f, 0xf6, 0xf, 0xf7,
    0x0, 0x0, 0x5d, 0xd1, 0x1f, 0xf6, 0xf, 0xf7,
    0x0, 0x0, 0x6f, 0xf1, 0x1f, 0xf6, 0xf, 0xf7,
    0x0, 0x0, 0x6f, 0xf1, 0x1f, 0xf6, 0xf, 0xf7,
    0x37, 0x70, 0x6f, 0xf1, 0x1f, 0xf6, 0xf, 0xf7,
    0x7f, 0xf0, 0x6f, 0xf1, 0x1f, 0xf6, 0xf, 0xf7,
    0x7f, 0xf0, 0x6f, 0xf1, 0x1f, 0xf6, 0xf, 0xf7,

    /* U+F04AD "󰒭" */
    0x0, 0x0, 0x0, 0x0, 0x34, 0xd3, 0x0, 0x0,
    0x0, 0xaf, 0xff, 0x80, 0x0, 0x0, 0xaf, 0xff,
    0xfc, 0x20, 0x0, 0xaf, 0xff, 0xff, 0xf6, 0x0,
    0xaf, 0xff, 0xff, 0xff, 0xa0, 0xaf, 0xff, 0xff,
    0xfc, 0x20, 0xaf, 0xff, 0xff, 0x80, 0x0, 0xaf,
    0xff, 0xe4, 0x0, 0x0, 0xaf, 0xfa, 0x10, 0x0,
    0x0, 0xaf, 0x50, 0x0, 0x0, 0x0, 0x7b,

    /* U+F04AE "󰒮" */
    0x43, 0x0, 0x0, 0x0, 0x0, 0xfb, 0x0, 0x0,
    0x0, 0x3d, 0xfb, 0x0, 0x0, 0x8, 0xff, 0xfb,
    0x0, 0x2, 0xcf, 0xff, 0xfb, 0x0, 0x6f, 0xff,
    0xff, 0xfb, 0xa, 0xff, 0xff, 0xff, 0xfb, 0x2,
    0xcf, 0xff, 0xff, 0xfb, 0x0, 0x8, 0xff, 0xff,
    0xfb, 0x0, 0x0, 0x4e, 0xff, 0xfb, 0x0, 0x0,
    0x1, 0xaf, 0xb7, 0x0, 0x0, 0x0, 0x5,

    /* U+F04B2 "󰒲" */
    0x0, 0x0, 0x0, 0x0, 0x0, 0x0, 0x0, 0x0,
    0x0, 0x0, 0x0, 0x0, 0x0, 0x0, 0x0, 0x0,
    0x0, 0x4f, 0xff, 0xfb, 0x0, 0x0, 0x0, 0x0,
    0x0, 0x0, 0x0, 0x3a, 0xad, 0xfa, 0x0, 0x0,
    0x0, 0x0, 0x0, 0x0, 0x0, 0x0, 0x3f, 0xe1,
    0x0, 0x0, 0x0, 0x2, 0xbb, 0xbb, 0x80, 0x2,
    0xef, 0x20, 0x0, 0x0, 0x0, 0x2, 0xff, 0xff,
    0xc0, 0x1d, 0xf5, 0x0, 0x0, 0x0, 0x0, 0x0,
    0x0, 0xcf, 0x50, 0x4f, 0xff, 0xfb, 0x5, 0x55,
    0x55, 0x0, 0xc, 0xf6, 0x0, 0x3a, 0xaa, 0xa7,
    0x1f, 0xff, 0xfe, 0x0, 0xaf, 0x70, 0x0, 0x0,
    0x0, 0x0, 0x0, 0xa, 0xf8, 0x2, 0xff, 0xff,
    0xc0, 0x0, 0x0, 0x0, 0x0, 0x7f, 0xa0, 0x2,
    0xbb, 0xbb, 0x80, 0x0, 0x0, 0x0, 0x5, 0xfc,
    0x0, 0x0, 0x0, 0x0, 0x0, 0x0, 0x0, 0x0,
    0xf, 0xfb, 0xa9, 0x0, 0x0, 0x0, 0x0, 0x0,
    0x0, 0x0, 0x1f, 0xff, 0xfe, 0x0, 0x0, 0x0,
    0x0, 0x0, 0x0, 0x0, 0x0, 0x0, 0x0, 0x0,
    0x0, 0x0, 0x0, 0x0, 0x0, 0x0,

    /* U+F04B9 "󰒹" */
    0x0, 0x0, 0x24, 0x44, 0x20, 0x2, 0x44, 0x42,
    0x0, 0x0, 0x0, 0x5, 0xff, 0xff, 0xf4, 0x4f,
    0xff, 0xff, 0x50, 0x0, 0x0, 0xa, 0xff, 0xff,
    0xf9, 0x8f, 0xff, 0xff, 0xa0, 0x0, 0x0, 0xa,
    0xff, 0xff, 0xf9, 0x9f, 0xff, 0xff, 0xb0, 0x0,
    0x0, 0x13, 0xef, 0xff, 0xf9, 0x9f, 0xff, 0xfe,
    0x31, 0x0, 0xb, 0xfb, 0x4f, 0xff, 0xf9, 0x9f,
    0xff, 0xf4, 0xbf, 0xc0, 0x2f, 0xff, 0x2f, 0xff,
    0xf9, 0x9f, 0xff, 0xf2, 0xff, 0xf2, 0x2f, 0xff,
    0x2f, 0xff, 0xf9, 0x9f, 0xff, 0xf2, 0xff, 0xf2,
    0x2f, 0xff, 0x22, 0x22, 0x21, 0x12, 0x22, 0x22,
    0xff, 0xf2, 0x2f, 0xff, 0xff, 0xff, 0xff, 0xff,
    0xff, 0xff, 0xff, 0xf2, 0x2f, 0xff, 0xff, 0xff,
    0xff, 0xff, 0xff, 0xff, 0xff, 0xf2, 0xe, 0xff,
    0xff, 0xff, 0xff, 0xff, 0xff, 0xff, 0xff, 0xe0,
    0x1, 0xaf, 0x75, 0x55, 0x55, 0x55, 0x55, 0x57,
    0xfa, 0x10, 0x0, 0x7f, 0x20, 0x0, 0x0, 0x0,
    0x0, 0x2, 0xf8, 0x0, 0x0, 0x0, 0x0, 0x0,
    0x0, 0x0, 0x0, 0x0, 0x0, 0x0,

    /* U+F04C3 "󰓃" */
    0x3d, 0xff, 0xff, 0xff, 0xff, 0xe5, 0xaf, 0xff,
    0xfd, 0xcf, 0xff, 0xfd, 0xbf, 0xff, 0xb0, 0x8,
    0xff, 0xfe, 0xbf, 0xff, 0x70, 0x4, 0xff, 0xfe,
    0xbf, 0xff, 0xc0, 0xa, 0xff, 0xfe, 0xbf, 0xff,
    0xff, 0xef, 0xff, 0xfe, 0xbf, 0xff, 0xfd, 0xdf,
    0xff, 0xfe, 0xbf, 0xfc, 0x20, 0x1, 0x9f, 0xfe,
    0xbf, 0xd0, 0x1, 0x30, 0x9, 0xfe, 0xbf, 0x40,
    0x7f, 0xfe, 0x21, 0xfe, 0xbf, 0x1, 0xff, 0xff,
    0x90, 0xce, 0xbf, 0x2, 0xff, 0xff, 0xb0, 0xce,
    0xbf, 0x30, 0xdf, 0xff, 0x50, 0xfe, 0xbf, 0xb0,
    0x18, 0xa5, 0x8, 0xfe, 0xbf, 0xfa, 0x10, 0x0,
    0x8f, 0xfe, 0xaf, 0xff, 0xfc, 0xcf, 0xff, 0xfd,
    0x3d, 0xff, 0xff, 0xff, 0xff, 0xe5,

    /* U+F04C5 "󰓅" */
    0x0, 0x0, 0x2, 0x8d, 0xff, 0xd9, 0x30, 0x0,
    0x0, 0x0, 0x0, 0x9f, 0xfe, 0xcb, 0xdf, 0x80,
    0x2, 0x0, 0x0, 0xc, 0xfc, 0x40, 0x0, 0x0,
    0x2, 0xb5, 0x0, 0x0, 0xaf, 0x80, 0x0, 0x0,
    0x0, 0x8f, 0xc0, 0x0, 0x4, 0xfa, 0x0, 0x0,
    0x0, 0x6e, 0xff, 0x30, 0x50, 0xb, 0xf1, 0x0,
    0x0, 0x3c, 0xff, 0xf9, 0x7, 0xe0, 0xf, 0xb0,
    0x0, 0x8, 0xff, 0xff, 0xf1, 0x8, 0xf2, 0x2f,
    0x80, 0x0, 0x4f, 0xff, 0xff, 0x70, 0x5, 0xf5,
    0x3f, 0x60, 0x0, 0x5f, 0xff, 0xfd, 0x0, 0x4,
    0xf6, 0x1f, 0x80, 0x0, 0x1f, 0xff, 0xf4, 0x0,
    0x5, 0xf4, 0xe, 0xc0, 0x0, 0x3, 0xbb, 0x50,
    0x0, 0xa, 0xf1, 0x9, 0xf3, 0x0, 0x0, 0x0,
    0x0, 0x0, 0x1f, 0xb0, 0x1, 0xfd, 0x10, 0x0,
    0x0, 0x0, 0x0, 0xbf, 0x30, 0x0, 0x6f, 0x80,
    0x0, 0x0, 0x0, 0x5, 0xf9, 0x0, 0x0, 0x4,
    0x10, 0x0, 0x0, 0x0, 0x0, 0x50, 0x0,

    /* U+F04DB "󰓛" */
    0x44, 0x44, 0x44, 0x44, 0x44, 0xff, 0xff, 0xff,
    0xff, 0xff, 0xff, 0xff, 0xff, 0xff, 0xff, 0xff,
    0xff, 0xff, 0xff, 0xff, 0xff, 0xff, 0xff, 0xff,
    0xff, 0xff, 0xff, 0xff, 0xff, 0xff, 0xff, 0xff,
    0xff, 0xff, 0xff, 0xff, 0xff, 0xff, 0xff, 0xff,
    0xff, 0xff, 0xff, 0xff, 0xff, 0xff, 0xff, 0xff,
    0xff, 0xff, 0xbb, 0xbb, 0xbb, 0xbb, 0xbb,

    /* U+F04DE "󰓞" */
    0x0, 0x3, 0xab, 0xba, 0x20, 0x7b, 0xbb, 0x80,
    0x0, 0x0, 0x9, 0xff, 0xff, 0x60, 0xff, 0xff,
    0xf1, 0x0, 0x9, 0xff, 0xff, 0xff, 0xff, 0xff,
    0xff, 0xff, 0xd2, 0xf, 0xda, 0xaa, 0xaa, 0xaa,
    0xaa, 0xaa, 0xaa, 0xf8, 0x1f, 0x82, 0x60, 0x0,
    0x0, 0x53, 0x2, 0x61, 0xf8, 0x1f, 0x87, 0xe0,
    0x0, 0x0, 0xd9, 0x7, 0xe1, 0xf8, 0x1f, 0x90,
    0x10, 0x0, 0x0, 0x10, 0x0, 0x12, 0xf8, 0x1f,
    0xff, 0xff, 0xff, 0xff, 0xff, 0xff, 0xff, 0xf8,
    0x1f, 0xda, 0xaa, 0xaa, 0xaa, 0xaa, 0xaa, 0xaa,
    0xf8, 0x1f, 0x80, 0x0, 0x0, 0x0, 0x0, 0x0,
    0x1, 0xf8, 0x1f, 0x80, 0x4d, 0x30, 0x0, 0x7c,
    0x20, 0x1, 0xf8, 0x1f, 0x80, 0x8, 0xf3, 0x0,
    0xa, 0xe1, 0x1, 0xf8, 0x1f, 0x80, 0x0, 0x8b,
    0x10, 0x0, 0xaa, 0x1, 0xf8, 0x1f, 0x80, 0x0,
    0x0, 0x0, 0x0, 0x0, 0x1, 0xf8, 0xf, 0xdb,
    0xbb, 0xbb, 0xbb, 0xbb, 0xbb, 0xbb, 0xf8, 0x8,
    0xff, 0xff, 0xff, 0xff, 0xff, 0xff, 0xff, 0xd1,
    0x0, 0x6d, 0xd0, 0x0, 0x0, 0x0, 0x7, 0xdc,
    0x0,

    /* U+F04E6 "󰓦" */
    0x0, 0x0, 0x0, 0x30, 0x0, 0x0, 0x0, 0x0,
    0x0, 0x3, 0xe0, 0x0, 0x0, 0x0, 0x0, 0x0,
    0x2e, 0xf1, 0x0, 0x0, 0x0, 0x0, 0x1, 0xef,
    0xff, 0xe9, 0x20, 0x0, 0x0, 0x0, 0x8f, 0xf9,
    0xcf, 0xf5, 0x0, 0x0, 0x0, 0x8, 0xf0, 0x3,
    0xef, 0x40, 0xb, 0x10, 0x0, 0x80, 0x0, 0x2e,
    0xe0, 0x5f, 0x70, 0x0, 0x0, 0x0, 0x7, 0xf5,
    0x9f, 0x20, 0x0, 0x0, 0x0, 0x2, 0xf8, 0xaf,
    0x0, 0x0, 0x0, 0x0, 0x0, 0xfa, 0x8f, 0x20,
    0x0, 0x0, 0x0, 0x2, 0xf9, 0x5f, 0x70, 0x0,
    0x0, 0x0, 0x6, 0xf5, 0xe, 0xe1, 0x0, 0x8,
    0x0, 0x1, 0xb0, 0x4, 0xfd, 0x30, 0xf, 0x80,
    0x0, 0x0, 0x0, 0x5f, 0xfc, 0x9f, 0xf8, 0x0,
    0x0, 0x0, 0x2, 0x9f, 0xff, 0xfe, 0x10, 0x0,
    0x0, 0x0, 0x0, 0x1f, 0xe3, 0x0, 0x0, 0x0,
    0x0, 0x0, 0xe, 0x30, 0x0, 0x0, 0x0, 0x0,
    0x0, 0x3, 0x0, 0x0, 0x0,

    /* U+F04F6 "󰓶" */
    0x0, 0x0, 0x0, 0x0, 0x0, 0x0, 0x0, 0x0,
    0x0, 0x0, 0xa, 0xff, 0xff, 0xff, 0xff, 0xff,
    0xff, 0xff, 0xff, 0xa0, 0x2f, 0xff, 0xba, 0xaa,
    0xaa, 0xaa, 0xaa, 0xab, 0xff, 0xf2, 0x2f, 0xff,
    0x20, 0x0, 0x0, 0x0, 0x0, 0x2, 0xff, 0xf2,
    0x2f, 0xff, 0x20, 0x0, 0x0, 0x0, 0x0, 0x2,
    0xff, 0xf2, 0x2f, 0xff, 0x20, 0x0, 0x0, 0x0,
    0x0, 0x2, 0xff, 0xf2, 0x2f, 0xff, 0x20, 0x0,
    0x0, 0x0, 0x0, 0x2, 0xff, 0xf2, 0x2f, 0xff,
    0x20, 0x0, 0x0, 0x0, 0x0, 0x2, 0xff, 0xf2,
    0x2f, 0xff, 0x20, 0x0, 0x0, 0x0, 0x0, 0x2,
    0xff, 0xf2, 0x2f, 0xff, 0x20, 0x0, 0x0, 0x0,
    0x0, 0x2, 0xff, 0xf2, 0x2f, 0xff, 0x20, 0x0,
    0x0, 0x0, 0x0, 0x2, 0xff, 0xf2, 0x2f, 0xff,
    0x20, 0x0, 0x0, 0x0, 0x0, 0x2, 0xff, 0xf2,
    0x2f, 0xff, 0xb9, 0x99, 0x99, 0x99, 0x99, 0x9b,
    0xff, 0xf2, 0xa, 0xff, 0xff, 0xff, 0xff, 0xff,
    0xff, 0xff, 0xff, 0xa0, 0x0, 0x0, 0x0, 0x0,
    0x0, 0x0, 0x0, 0x0, 0x0, 0x0,

    /* U+F0502 "󰔂" */
    0x8, 0xff, 0xff, 0xff, 0xff, 0xff, 0xff, 0xff,
    0xff, 0x80, 0xf, 0xda, 0xaa, 0xaa, 0xaa, 0xaa,
    0xaa, 0xaa, 0xad, 0xf0, 0x1f, 0x90, 0x0, 0x0,
    0x0, 0x0, 0x0, 0x0, 0x9, 0xf1, 0x1f, 0x90,
    0x0, 0x0, 0x0, 0x0, 0x0, 0x0, 0x9, 0xf1,
    0x1f, 0x90, 0x0, 0x0, 0x0, 0x0, 0x0, 0x0,
    0x9, 0xf1, 0x1f, 0x90, 0x0, 0x0, 0x0, 0x0,
    0x0, 0x0, 0x9, 0xf1, 0x1f, 0x90, 0x0, 0x0,
    0x0, 0x0, 0x0, 0x0, 0x9, 0xf1, 0x1f, 0x90,
    0x0, 0x0, 0x0, 0x0, 0x0, 0x0, 0x9, 0xf1,
    0x1f, 0x90, 0x0, 0x0, 0x0, 0x0, 0x0, 0x0,
    0x9, 0xf1, 0x1f, 0x90, 0x0, 0x0, 0x0, 0x0,
    0x0, 0x0, 0x9, 0xf1, 0x1f, 0x90, 0x0, 0x0,
    0x0, 0x0, 0x0, 0x0, 0x9, 0xf1, 0xf, 0xd8,
    0x88, 0x88, 0x88, 0x88, 0x88, 0x88, 0x8d, 0xf0,
    0x9, 0xff, 0xff, 0xff, 0xff, 0xff, 0xff, 0xff,
    0xff, 0xa0, 0x0, 0x1, 0x11, 0x2f, 0xff, 0xff,
    0xf9, 0x11, 0x11, 0x0, 0x0, 0x0, 0x0, 0xc,
    0xcc, 0xcc, 0xc7, 0x0, 0x0, 0x0,

    /* U+F050F "󰔏" */
    0x0, 0x5, 0xcc, 0x50, 0x0, 0x0, 0x4f, 0xee,
    0xf3, 0x0, 0x0, 0x9f, 0x22, 0xf8, 0x0, 0x0,
    0x9f, 0x11, 0xf9, 0x0, 0x0, 0x9f, 0x11, 0xf9,
    0x0, 0x0, 0x9f, 0xbb, 0xf9, 0x0, 0x0, 0x9f,
    0xff, 0xf9, 0x0, 0x0, 0x9f, 0xff, 0xf9, 0x0,
    0x0, 0x9f, 0xff, 0xf9, 0x0, 0x0, 0xcf, 0xff,
    0xfb, 0x0, 0x8, 0xff, 0xff, 0xff, 0x80, 0x1f,
    0xff, 0xff, 0xff, 0xf0, 0x3f, 0xff, 0xff, 0xff,
    0xf3, 0x2f, 0xff, 0xff, 0xff, 0xf2, 0xd, 0xff,
    0xff, 0xff, 0xd0, 0x3, 0xff, 0xff, 0xff, 0x30,
    0x0, 0x2a, 0xee, 0xa2, 0x0,

    /* U+F051B "󰔛" */
    0x0, 0x0, 0x7, 0xaa, 0xaa, 0x20, 0x0, 0x0,
    0x0, 0x0, 0xb, 0xff, 0xff, 0x40, 0x0, 0x0,
    0x0, 0x0, 0x0, 0x12, 0x20, 0x0, 0x0, 0x0,
    0x0, 0x0, 0x4b, 0xff, 0xfe, 0xa3, 0x5, 0x20,
    0x0, 0x9, 0xff, 0xc9, 0x9c, 0xff, 0xaf, 0xc0,
    0x0, 0xaf, 0xc2, 0x0, 0x0, 0x2c, 0xff, 0x20,
    0x6, 0xfb, 0x0, 0xf, 0x90, 0x0, 0xaf, 0x60,
    0xd, 0xe1, 0x0, 0xf, 0x90, 0x0, 0xe, 0xd0,
    0x3f, 0x80, 0x0, 0xf, 0x90, 0x0, 0x8, 0xf3,
    0x6f, 0x40, 0x0, 0xf, 0x90, 0x0, 0x4, 0xf6,
    0x7f, 0x30, 0x0, 0xf, 0x90, 0x0, 0x3, 0xf7,
    0x6f, 0x50, 0x0, 0x0, 0x0, 0x0, 0x5, 0xf5,
    0x2f, 0xa0, 0x0, 0x0, 0x0, 0x0, 0x9, 0xf2,
    0xc, 0xf2, 0x0, 0x0, 0x0, 0x0, 0x2f, 0xc0,
    0x3, 0xfd, 0x10, 0x0, 0x0, 0x1, 0xdf, 0x30,
    0x0, 0x6f, 0xe6, 0x0, 0x0, 0x6e, 0xf6, 0x0,
    0x0, 0x4, 0xef, 0xfd, 0xdf, 0xfe, 0x40, 0x0,
    0x0, 0x0, 0x6, 0xac, 0xca, 0x60, 0x0, 0x0,

    /* U+F0521 "󰔡" */
    0x0, 0x6, 0xaa, 0xaa, 0xaa, 0xaa, 0xaa, 0x71,
    0x0, 0x1, 0xdf, 0xff, 0xff, 0xff, 0xff, 0xff,
    0xfe, 0x20, 0xb, 0xff, 0xff, 0xff, 0xff, 0xfb,
    0x20, 0x6f, 0xd0, 0x1f, 0xff, 0xff, 0xff, 0xff,
    0xf1, 0x0, 0x7, 0xf4, 0x3f, 0xff, 0xff, 0xff,
    0xff, 0xc0, 0x0, 0x4, 0xf5, 0x1f, 0xff, 0xff,
    0xff, 0xff, 0xf1, 0x0, 0x7, 0xf4, 0xb, 0xff,
    0xff, 0xff, 0xff, 0xfb, 0x20, 0x6f, 0xd0, 0x1,
    0xdf, 0xff, 0xff, 0xff, 0xff, 0xff, 0xfe, 0x20,
    0x0, 0x6, 0x9a, 0xaa, 0xaa, 0xaa, 0xaa, 0x71,
    0x0,

    /* U+F0522 "󰔢" */
    0x0, 0x6, 0xaa, 0xaa, 0xaa, 0xaa, 0xaa, 0x60,
    0x0, 0x1, 0xdf, 0xff, 0xff, 0xff, 0xff, 0xff,
    0xfd, 0x10, 0xb, 0xf7, 0x12, 0xbf, 0xff, 0xff,
    0xff, 0xff, 0xb0, 0x1f, 0xa0, 0x0, 0xf, 0xff,
    0xff, 0xff, 0xff, 0xf1, 0x3f, 0x70, 0x0, 0xc,
    0xff, 0xff, 0xff, 0xff, 0xf3, 0x1f, 0xa0, 0x0,
    0x1f, 0xff, 0xff, 0xff, 0xff, 0xf1, 0xb, 0xf7,
    0x12, 0xbf, 0xff, 0xff, 0xff, 0xff, 0xb0, 0x1,
    0xdf, 0xff, 0xff, 0xff, 0xff, 0xff, 0xfd, 0x10,
    0x0, 0x6, 0x9a, 0xaa, 0xaa, 0xaa, 0xa9, 0x60,
    0x0,

    /* U+F0531 "󰔱" */
    0x0, 0x3c, 0xfe, 0x80, 0x0, 0x0, 0x0, 0x3f,
    0xff, 0xff, 0xb4, 0x10, 0x0, 0xc, 0xff, 0xff,
    0xff, 0xff, 0x90, 0x0, 0xff, 0xff, 0xff, 0xff,
    0xff, 0xb0, 0xe, 0xff, 0xff, 0xff, 0xff, 0xff,
    0x41, 0xef, 0xff, 0xff, 0xff, 0xff, 0xf9, 0x8f,
    0xff, 0xff, 0xff, 0xff, 0xff, 0xac, 0xff, 0xff,
    0xff, 0xff, 0xff, 0xf7, 0xbf, 0xff, 0xff, 0xff,
    0xff, 0xff, 0x17, 0xff, 0xff, 0xff, 0xff, 0xff,
    0x40, 0xb, 0xff, 0xff, 0xfb, 0xc9, 0x20, 0x0,
    0x5, 0xa9, 0xed, 0x0, 0x0, 0x0, 0x0, 0x0,
    0xd, 0xd0, 0x0, 0x0, 0x0, 0x0, 0x0, 0xdd,
    0x0, 0x0, 0x0, 0x0, 0x0, 0xd, 0xd0, 0x0,
    0x0, 0x0,

    /* U+F054A "󰕊" */
    0x0, 0x0, 0x28, 0xce, 0xdb, 0x60, 0x0, 0x0,
    0x0, 0x8, 0xff, 0xff, 0xff, 0xfe, 0x30, 0x0,
    0x0, 0xbf, 0xff, 0xff, 0xff, 0xff, 0xf4, 0x0,
    0x7, 0xff, 0xff, 0xff, 0xff, 0xff, 0xfe, 0x10,
    0x1f, 0xff, 0xff, 0xff, 0xff, 0xff, 0xff, 0x90,
    0x6f, 0xff, 0xff, 0xff, 0xff, 0xff, 0xff, 0xf0,
    0xaf, 0xff, 0xff, 0xff, 0xff, 0xff, 0xff, 0xf3,
    0x68, 0x88, 0x88, 0x8f, 0xd8, 0x88, 0x88, 0x82,
    0x0, 0x0, 0x0, 0xf, 0x90, 0x0, 0x0, 0x0,
    0x0, 0x0, 0x0, 0xf, 0x90, 0x0, 0x0, 0x0,
    0x0, 0x0, 0x0, 0xf, 0x90, 0x0, 0x0, 0x0,
    0x0, 0x0, 0x0, 0xf, 0x90, 0x0, 0x0, 0x0,
    0x0, 0x0, 0x0, 0xf, 0x90, 0x0, 0x0, 0x0,
    0x0, 0x2, 0x72, 0xf, 0x90, 0x0, 0x0, 0x0,
    0x0, 0x5, 0xf5, 0x1f, 0x90, 0x0, 0x0, 0x0,
    0x0, 0x1, 0xff, 0xef, 0x40, 0x0, 0x0, 0x0,
    0x0, 0x0, 0x3b, 0xc6, 0x0, 0x0, 0x0, 0x0,

    /* U+F0552 "󰕒" */
    0x0, 0x0, 0x0, 0x0, 0x0, 0x0, 0x0, 0x0,
    0x8, 0xb0, 0x0, 0x0, 0x0, 0x0, 0x8f, 0xfb,
    0x0, 0x0, 0x0, 0x8, 0xff, 0xff, 0xb0, 0x0,
    0x0, 0x8f, 0xff, 0xff, 0xfb, 0x0, 0x8, 0xff,
    0xff, 0xff, 0xff, 0xb0, 0x4b, 0xbc, 0xff, 0xff,
    0xeb, 0xb6, 0x0, 0x6, 0xff, 0xff, 0x90, 0x0,
    0x0, 0x6, 0xff, 0xff, 0x90, 0x0, 0x0, 0x6,
    0xff, 0xff, 0x90, 0x0, 0x0, 0x6, 0xff, 0xff,
    0x90, 0x0, 0x0, 0x4, 0xbb, 0xbb, 0x60, 0x0,
    0x0, 0x0, 0x0, 0x0, 0x0, 0x0, 0x7a, 0xaa,
    0xaa, 0xaa, 0xaa, 0xa9, 0xbf, 0xff, 0xff, 0xff,
    0xff, 0xfe, 0x0, 0x0, 0x0, 0x0, 0x0, 0x0,

    /* U+F057E "󰕾" */
    0x0, 0x0, 0x0, 0x0, 0x1, 0x92, 0x0, 0x0,
    0x0, 0x0, 0x0, 0xa, 0x2, 0xff, 0x70, 0x0,
    0x0, 0x0, 0x0, 0xaf, 0x0, 0x3c, 0xf9, 0x0,
    0x0, 0x0, 0xa, 0xff, 0x0, 0x0, 0xbf, 0x50,
    0x0, 0x0, 0xaf, 0xff, 0x1, 0x60, 0x1e, 0xd0,
    0x7f, 0xff, 0xff, 0xff, 0x2, 0xf4, 0x8, 0xf3,
    0x7f, 0xff, 0xff, 0xff, 0x2, 0xfc, 0x4, 0xf6,
    0x7f, 0xff, 0xff, 0xff, 0x2, 0xfe, 0x3, 0xf7,
    0x7f, 0xff, 0xff, 0xff, 0x2, 0xfc, 0x4, 0xf6,
    0x7f, 0xff, 0xff, 0xff, 0x2, 0xf4, 0x8, 0xf3,
    0x0, 0x0, 0xaf, 0xff, 0x1, 0x60, 0x1e, 0xd0,
    0x0, 0x0, 0xa, 0xff, 0x0, 0x0, 0xcf, 0x50,
    0x0, 0x0, 0x0, 0xaf, 0x0, 0x3c, 0xf9, 0x0,
    0x0, 0x0, 0x0, 0xa, 0x2, 0xff, 0x70, 0x0,
    0x0, 0x0, 0x0, 0x0, 0x1, 0x92, 0x0, 0x0,

    /* U+F057F "󰕿" */
    0x0, 0x0, 0x0, 0x0, 0x0, 0x0, 0x0, 0x0,
    0x46, 0x0, 0x0, 0x0, 0x4f, 0x60, 0x0, 0x0,
    0x4f, 0xf6, 0x0, 0x0, 0x4f, 0xff, 0x61, 0xff,
    0xff, 0xff, 0xf6, 0x1f, 0xff, 0xff, 0xff, 0x61,
    0xff, 0xff, 0xff, 0xf6, 0x1f, 0xff, 0xff, 0xff,
    0x61, 0xff, 0xff, 0xff, 0xf6, 0x0, 0x0, 0x4f,
    0xff, 0x60, 0x0, 0x0, 0x4f, 0xf6, 0x0, 0x0,
    0x0, 0x4f, 0x60, 0x0, 0x0, 0x0, 0x46, 0x0,
    0x0, 0x0, 0x0, 0x0,

    /* U+F0580 "󰖀" */
    0x0, 0x0, 0x0, 0x0, 0x0, 0x0, 0x0, 0x0,
    0x0, 0x28, 0x0, 0x0, 0x0, 0x0, 0x2, 0xe9,
    0x0, 0x0, 0x0, 0x0, 0x2e, 0xf9, 0x0, 0x0,
    0x0, 0x2, 0xef, 0xf9, 0x8, 0x0, 0xef, 0xff,
    0xff, 0xf9, 0xe, 0x80, 0xef, 0xff, 0xff, 0xf9,
    0xe, 0xf0, 0xef, 0xff, 0xff, 0xf9, 0xe, 0xf2,
    0xef, 0xff, 0xff, 0xf9, 0xe, 0xf0, 0xef, 0xff,
    0xff, 0xf9, 0xe, 0x80, 0x0, 0x2, 0xef, 0xf9,
    0x7, 0x0, 0x0, 0x0, 0x2e, 0xf9, 0x0, 0x0,
    0x0, 0x0, 0x2, 0xe9, 0x0, 0x0, 0x0, 0x0,
    0x0, 0x27, 0x0, 0x0, 0x0, 0x0, 0x0, 0x0,
    0x0, 0x0,

    /* U+F0581 "󰖁" */
    0x1b, 0x20, 0x0, 0x0, 0x3, 0x81, 0x0, 0x0,
    0x2e, 0xe2, 0x0, 0xa, 0x4, 0xff, 0x60, 0x0,
    0x2, 0xee, 0x20, 0x7f, 0x0, 0x4d, 0xf8, 0x0,
    0x0, 0x2e, 0xe2, 0xc, 0x0, 0x1, 0xcf, 0x40,
    0x0, 0x2, 0xee, 0x20, 0x3, 0x40, 0x1e, 0xd0,
    0x7f, 0xff, 0xff, 0xe2, 0x4, 0xf2, 0x8, 0xf3,
    0x7f, 0xff, 0xff, 0xfe, 0x20, 0xb9, 0x4, 0xf6,
    0x7f, 0xff, 0xff, 0xff, 0xe2, 0x7, 0x3, 0xf7,
    0x7f, 0xff, 0xff, 0xff, 0xee, 0x20, 0x4, 0xf6,
    0x7f, 0xff, 0xff, 0xff, 0x2e, 0xe2, 0x7, 0xf3,
    0x0, 0x0, 0xaf, 0xff, 0x2, 0xee, 0x20, 0x90,
    0x0, 0x0, 0xa, 0xff, 0x0, 0x2e, 0xe2, 0x0,
    0x0, 0x0, 0x0, 0xaf, 0x0, 0x4d, 0xfe, 0x20,
    0x0, 0x0, 0x0, 0xa, 0x4, 0xff, 0x7e, 0xe2,
    0x0, 0x0, 0x0, 0x0, 0x3, 0x81, 0x2, 0xb1,

    /* U+F0583 "󰖃" */
    0x0, 0x0, 0x0, 0x10, 0x0, 0x0, 0x0, 0x0,
    0x6f, 0xd0, 0x0, 0x0, 0x0, 0xb, 0xff, 0x30,
    0x0, 0x0, 0x0, 0x3c, 0x90, 0x0, 0x0, 0x38,
    0xdc, 0x10, 0x0, 0xa, 0xef, 0xff, 0xfa, 0x0,
    0x0, 0xfd, 0x6d, 0xff, 0xf4, 0x0, 0xf, 0x71,
    0xff, 0xfe, 0xe8, 0x87, 0xf7, 0x4f, 0xfb, 0x6f,
    0xff, 0xcc, 0x69, 0xff, 0x70, 0x0, 0x0, 0x0,
    0xdf, 0xfb, 0x0, 0x0, 0x0, 0x1f, 0xff, 0xf4,
    0x0, 0x0, 0x5, 0xfd, 0xcf, 0xc0, 0x0, 0x0,
    0x9f, 0x72, 0xff, 0x50, 0x0, 0xd, 0xf2, 0x5,
    0xf6, 0x0, 0x1, 0xfc, 0x0, 0x1f, 0x60, 0x0,
    0x5f, 0x60, 0x1, 0xf6, 0x0, 0x9, 0xf0, 0x0,
    0x1f, 0x60, 0x0, 0xda, 0x0, 0x1, 0xf6, 0x0,
    0x0,

    /* U+F058C "󰖌" */
    0x0, 0x0, 0x44, 0x0, 0x0, 0x0, 0x2, 0xee,
    0x10, 0x0, 0x0, 0xc, 0xff, 0xc0, 0x0, 0x0,
    0x8f, 0xff, 0xf8, 0x0, 0x3, 0xff, 0xff, 0xff,
    0x30, 0xc, 0xff, 0xff, 0xff, 0xc0, 0x4f, 0xff,
    0xff, 0xff, 0xf4, 0xaf, 0xff, 0xff, 0xff, 0xfa,
    0xef, 0xff, 0xff, 0xff, 0xfe, 0xff, 0xff, 0xff,
    0xff, 0xff, 0xcf, 0xff, 0xff, 0xff, 0xfc, 0x6f,
    0xff, 0xff, 0xff, 0xf5, 0xa, 0xff, 0xff, 0xff,
    0xa0, 0x0, 0x7e, 0xff, 0xe7, 0x0, 0x0, 0x0,
    0x11, 0x0, 0x0,

    /* U+F058D "󰖍" */
    0x0, 0x0, 0x0, 0x0, 0x0, 0x0, 0x0, 0x0,
    0x0, 0x0, 0x88, 0x0, 0x0, 0x0, 0x0, 0x0,
    0x0, 0x0, 0x0, 0x8, 0xf8, 0x0, 0x0, 0x4,
    0x40, 0x0, 0x0, 0x0, 0x0, 0x8, 0xf8, 0x0,
    0x2, 0xee, 0x20, 0x0, 0x0, 0x0, 0x0, 0x8,
    0xf8, 0x0, 0xcf, 0xfc, 0x0, 0x0, 0x0, 0x0,
    0x0, 0x8, 0xf8, 0x5, 0xff, 0xf8, 0x0, 0x0,
    0x0, 0x0, 0x0, 0x8, 0xf8, 0x5, 0xff, 0xf3,
    0x0, 0x0, 0x0, 0x0, 0x0, 0xd, 0xf8, 0x5,
    0xff, 0xc0, 0x0, 0x0, 0x0, 0x0, 0x4, 0xff,
    0xf8, 0x5, 0xff, 0x40, 0x0, 0x0, 0x0, 0x0,
    0xaf, 0xff, 0xf8, 0x5, 0xfa, 0x0, 0x0, 0x0,
    0x0, 0xe, 0xff, 0xff, 0xf8, 0x5, 0xe0, 0x0,
    0x0, 0x0, 0x0, 0xff, 0xff, 0xff, 0xf8, 0x5,
    0x0, 0x0, 0x0, 0x0, 0xc, 0xff, 0xff, 0xff,
    0xf8, 0x0, 0x0, 0x0, 0x0, 0x0, 0x6f, 0xff,
    0xff, 0xff, 0xf8, 0x0, 0x0, 0x0, 0x0, 0x0,
    0xaf, 0xff, 0xff, 0xfd, 0xf8, 0x0, 0x0, 0x0,
    0x0, 0x0, 0x7e, 0xff, 0xe7, 0x9, 0xf8, 0x0,
    0x0, 0x0, 0x0, 0x0, 0x1, 0x10, 0x0, 0x9,
    0xf8, 0x0, 0x0, 0x0, 0x0, 0x0, 0x0, 0x0,
    0x0, 0x9, 0xf3, 0x0, 0x0, 0x0, 0x0, 0x0,
    0x0, 0x0, 0x0, 0x3, 0x0,

    /* U+F058E "󰖎" */
    0x0, 0x0, 0x44, 0x0, 0x0, 0x0, 0x1, 0xef,
    0x20, 0x0, 0x0, 0xc, 0xff, 0xc0, 0x0, 0x0,
    0x8f, 0xff, 0xf8, 0x0, 0x3, 0xff, 0xff, 0xff,
    0x30, 0xc, 0xfe, 0xff, 0xff, 0xc0, 0x4f, 0x30,
    0xef, 0x65, 0xf4, 0xaf, 0x63, 0xf6, 0x1d, 0xfa,
    0xef, 0xff, 0x61, 0xdf, 0xfe, 0xff, 0xf6, 0x1d,
    0xbc, 0xff, 0xcf, 0x61, 0xde, 0x2, 0xfc, 0x6f,
    0xbd, 0xff, 0x79, 0xf5, 0xa, 0xff, 0xff, 0xff,
    0xa0, 0x0, 0x7e, 0xff, 0xe7, 0x0, 0x0, 0x0,
    0x11, 0x0, 0x0,

    /* U+F0590 "󰖐" */
    0x0, 0x0, 0x0, 0x0, 0x46, 0x74, 0x0, 0x0,
    0x0, 0x0, 0x0, 0x0, 0x0, 0x3d, 0xff, 0xff,
    0xd3, 0x0, 0x0, 0x0, 0x0, 0x0, 0x3, 0xfe,
    0x73, 0x37, 0xef, 0x30, 0x0, 0x0, 0x0, 0x0,
    0x2c, 0xe1, 0x0, 0x0, 0x1e, 0xd0, 0x0, 0x0,
    0x0, 0x5e, 0xff, 0x40, 0x0, 0x0, 0x4, 0xf3,
    0x0, 0x0, 0x4, 0xfe, 0x88, 0x0, 0x0, 0x0,
    0x0, 0xeb, 0x61, 0x0, 0xd, 0xe1, 0x0, 0x0,
    0x0, 0x0, 0x0, 0xdf, 0xfe, 0x30, 0x1f, 0x90,
    0x0, 0x0, 0x0, 0x0, 0x0, 0x11, 0x4f, 0xd0,
    0x1f, 0x90, 0x0, 0x0, 0x0, 0x0, 0x0, 0x0,
    0x9, 0xf1, 0xd, 0xf2, 0x0, 0x0, 0x0, 0x0,
    0x0, 0x0, 0xb, 0xf0, 0x4, 0xff, 0xa8, 0x88,
    0x88, 0x88, 0x88, 0x88, 0xbf, 0xa0, 0x0, 0x4c,
    0xff, 0xff, 0xff, 0xff, 0xff, 0xff, 0xf9, 0x0,
    0x0, 0x0, 0x1, 0x11, 0x11, 0x11, 0x11, 0x11,
    0x0, 0x0,

    /* U+F0591 "󰖑" */
    0x0, 0x0, 0x0, 0x5, 0xce, 0xfc, 0x50, 0x0,
    0x0, 0x0, 0x0, 0x0, 0x0, 0xaf, 0xfc, 0xbe,
    0xfa, 0x0, 0x0, 0x0, 0x0, 0x0, 0x8, 0xf9,
    0x0, 0x0, 0x8f, 0x80, 0x0, 0x0, 0x0, 0x5,
    0x9f, 0x90, 0x0, 0x0, 0x9, 0xf1, 0x0, 0x0,
    0x0, 0xcf, 0xff, 0x20, 0x0, 0x0, 0x1, 0xf5,
    0x0, 0x0, 0x9, 0xf8, 0x11, 0x0, 0x0, 0x0,
    0x0, 0xdf, 0xd7, 0x0, 0xf, 0xb0, 0x0, 0x0,
    0x0, 0x0, 0x0, 0x8a, 0xdf, 0x80, 0x2f, 0x80,
    0x0, 0x0, 0x0, 0x0, 0x0, 0x0, 0xc, 0xf0,
    0x5, 0x30, 0x0, 0x0, 0x0, 0x0, 0x0, 0x0,
    0x2, 0x50, 0x0, 0x0, 0x0, 0x0, 0x0, 0x0,
    0x0, 0x0, 0x0, 0x0, 0x2, 0xff, 0xff, 0xff,
    0xff, 0xf8, 0x4f, 0xff, 0xff, 0x20, 0x1, 0x9a,
    0xaa, 0xaa, 0xaa, 0xa4, 0x2a, 0xaa, 0xa9, 0x10,
    0x0, 0x0, 0x0, 0x0, 0x0, 0x0, 0x0, 0x0,
    0x0, 0x0, 0x1, 0xab, 0x80, 0x9b, 0xbb, 0xbb,
    0xbb, 0xbb, 0xba, 0x10, 0x2, 0xff, 0xc0, 0xef,
    0xff, 0xff, 0xff, 0xff, 0xff, 0x20,

    /* U+F0592 "󰖒" */
    0x0, 0x0, 0x0, 0x3, 0x9c, 0xc9, 0x30, 0x0,
    0x0, 0x0, 0x0, 0x0, 0x0, 0x8f, 0xfd, 0xdf,
    0xf8, 0x0, 0x0, 0x0, 0x0, 0x0, 0x7, 0xfa,
    0x10, 0x1, 0xaf, 0x70, 0x0, 0x0, 0x0, 0x4,
    0x8f, 0xa0, 0x0, 0x0, 0xa, 0xf1, 0x0, 0x0,
    0x0, 0xbf, 0xff, 0x20, 0x0, 0x0, 0x1, 0xf5,
    0x0, 0x0, 0x8, 0xf9, 0x21, 0x0, 0x0, 0x0,
    0x0, 0xdf, 0xd7, 0x0, 0xf, 0xc0, 0x0, 0x0,
    0x0, 0x0, 0x0, 0x8b, 0xdf, 0x80, 0x2f, 0x80,
    0x0, 0x0, 0x0, 0x0, 0x0, 0x0, 0xc, 0xf0,
    0xf, 0xb0, 0x0, 0x0, 0x84, 0x0, 0x0, 0x0,
    0x8, 0xf2, 0xb, 0xf6, 0x0, 0x6, 0xfe, 0x0,
    0x0, 0x0, 0x1d, 0xf0, 0x1, 0xdf, 0xf8, 0x2,
    0xd9, 0x0, 0x0, 0x8d, 0xff, 0x60, 0x0, 0x7,
    0xb7, 0x0, 0x0, 0x1, 0x10, 0x7c, 0xa4, 0x0,
    0x0, 0x0, 0x0, 0x0, 0x0, 0xe, 0xf2, 0x0,
    0x0, 0x0, 0x0, 0x0, 0x0, 0x3, 0x61, 0x1f,
    0xf3, 0x0, 0x0, 0x0, 0x0, 0x0, 0x0, 0x2f,
    0xfc, 0x2, 0x30, 0x0, 0x0, 0x0, 0x0, 0x0,
    0x0, 0x3f, 0xfe, 0x0, 0x0, 0x0, 0x0, 0x0,
    0x0, 0x0, 0x0, 0x9, 0xc5, 0x0, 0x0, 0x0,
    0x0, 0x0,

    /* U+F0593 "󰖓" */
    0x0, 0x0, 0x0, 0x3, 0x9c, 0xc9, 0x30, 0x0,
    0x0, 0x0, 0x0, 0x0, 0x0, 0x8f, 0xfd, 0xdf,
    0xf8, 0x0, 0x0, 0x0, 0x0, 0x0, 0x7, 0xfa,
    0x10, 0x1, 0xaf, 0x70, 0x0, 0x0, 0x0, 0x4,
    0x8f, 0xa0, 0x0, 0x0, 0xa, 0xf1, 0x0, 0x0,
    0x0, 0xbf, 0xff, 0x20, 0x0, 0x0, 0x1, 0xf5,
    0x0, 0x0, 0x8, 0xf9, 0x21, 0x0, 0x0, 0x0,
    0x0, 0xdf, 0xd7, 0x0, 0xf, 0xc0, 0x0, 0x0,
    0x0, 0x0, 0x0, 0x8b, 0xdf, 0x80, 0x2f, 0x80,
    0x0, 0x0, 0x0, 0x66, 0x20, 0x0, 0xc, 0xf0,
    0xf, 0xb0, 0x0, 0x0, 0x5, 0xff, 0x10, 0x0,
    0x8, 0xf2, 0xb, 0xf6, 0x0, 0x0, 0xc, 0xf8,
    0x0, 0x0, 0x1d, 0xf0, 0x1, 0xdf, 0xfd, 0x60,
    0x2f, 0xf2, 0x0, 0x8d, 0xff, 0x60, 0x0, 0x7,
    0xbc, 0x50, 0x9f, 0xff, 0x30, 0x7c, 0xa4, 0x0,
    0x0, 0x0, 0x0, 0x0, 0x9a, 0xfa, 0x0, 0x0,
    0x0, 0x0, 0x0, 0x0, 0x0, 0x0, 0x1, 0xf2,
    0x0, 0x0, 0x0, 0x0, 0x0, 0x0, 0x0, 0x0,
    0x4, 0x90, 0x0, 0x0, 0x0, 0x0, 0x0, 0x0,
    0x0, 0x0, 0x6, 0x10, 0x0, 0x0, 0x0, 0x0,
    0x0, 0x0, 0x0, 0x0, 0x1, 0x0, 0x0, 0x0,
    0x0, 0x0,

    /* U+F0594 "󰖔" */
    0x0, 0x0, 0x0, 0x0, 0x0, 0x10, 0x0, 0x0,
    0x0, 0x0, 0x0, 0x0, 0x0, 0x19, 0x0, 0x0,
    0x0, 0x0, 0x0, 0x50, 0x0, 0x7, 0xe0, 0x0,
    0x0, 0x0, 0x0, 0xbf, 0xa0, 0xaf, 0xff, 0xfe,
    0x40, 0x0, 0x0, 0xaf, 0xfb, 0x0, 0x8f, 0xfe,
    0x20, 0x0, 0x0, 0x4f, 0xde, 0xc0, 0x6, 0xfe,
    0xe0, 0x0, 0x0, 0xc, 0xf3, 0xcf, 0x0, 0x94,
    0xa, 0x30, 0x0, 0x1, 0xfc, 0x9, 0xf4, 0x0,
    0x0, 0x0, 0x3, 0x0, 0x3f, 0x70, 0x3f, 0xc0,
    0x0, 0x0, 0x12, 0xd2, 0x14, 0xf6, 0x0, 0xbf,
    0x60, 0x0, 0x3, 0xdf, 0xc1, 0x3f, 0x60, 0x2,
    0xff, 0x50, 0x0, 0xa, 0xc8, 0x1, 0xf9, 0x0,
    0x4, 0xff, 0x81, 0x0, 0x30, 0x30, 0xc, 0xf0,
    0x0, 0x4, 0xef, 0xf9, 0x53, 0x30, 0x0, 0x4f,
    0x90, 0x0, 0x1, 0x9f, 0xff, 0xff, 0xc0, 0x0,
    0xaf, 0x70, 0x0, 0x0, 0x15, 0x8e, 0xfa, 0x0,
    0x0, 0xbf, 0xa2, 0x0, 0x0, 0x2a, 0xfb, 0x0,
    0x0, 0x0, 0x8f, 0xfd, 0xaa, 0xdf, 0xf8, 0x0,
    0x0, 0x0, 0x0, 0x17, 0xbd, 0xdb, 0x71, 0x0,
    0x0, 0x0, 0x0, 0x0, 0x0, 0x0, 0x0, 0x0,
    0x0, 0x0,

    /* U+F0595 "󰖕" */
    0x0, 0x0, 0x0, 0x0, 0x0, 0x2a, 0x30, 0x0,
    0x0, 0x0, 0x0, 0xd, 0xb2, 0x0, 0x4, 0xb8,
    0x0, 0x0, 0x0, 0x0, 0x0, 0xb1, 0x0, 0x33,
    0x0, 0x20, 0x0, 0x0, 0x0, 0x0, 0x0, 0x9,
    0xff, 0xfe, 0x50, 0x0, 0x0, 0x0, 0x0, 0x0,
    0xb, 0xfb, 0x78, 0xef, 0x60, 0x0, 0x0, 0x0,
    0x0, 0x5, 0xf9, 0x0, 0x1, 0xdf, 0x11, 0x40,
    0x0, 0x0, 0x30, 0xaf, 0x10, 0x1, 0x16, 0xf5,
    0xf, 0x60, 0x0, 0x7a, 0xb, 0xf0, 0x5d, 0xff,
    0xff, 0x60, 0xb0, 0x0, 0x7, 0xb0, 0x8f, 0xaf,
    0xea, 0xae, 0xfb, 0x0, 0x0, 0x0, 0x1, 0x2,
    0xff, 0xc1, 0x0, 0xa, 0xf6, 0x0, 0x0, 0x0,
    0x4, 0xaf, 0xf2, 0x0, 0x0, 0xe, 0xd0, 0x0,
    0x0, 0x6, 0xff, 0xeb, 0x0, 0x0, 0x0, 0xaf,
    0x10, 0x0, 0x0, 0xfc, 0x10, 0x0, 0x0, 0x0,
    0x9, 0xff, 0xf7, 0x0, 0x2f, 0x70, 0x0, 0x0,
    0x0, 0x0, 0x59, 0x9d, 0xf2, 0x1, 0xfb, 0x0,
    0x0, 0x0, 0x0, 0x0, 0x0, 0x4f, 0x50, 0x9,
    0xfd, 0xbb, 0xbb, 0xbb, 0xbb, 0xbb, 0xbe, 0xf2,
    0x0, 0x7, 0xdf, 0xff, 0xff, 0xff, 0xff, 0xff,
    0xd5, 0x0,

    /* U+F0596 "󰖖" */
    0x0, 0x0, 0x0, 0x3, 0x9c, 0xc9, 0x30, 0x0,
    0x0, 0x0, 0x0, 0x0, 0x0, 0x8f, 0xfd, 0xdf,
    0xf8, 0x0, 0x0, 0x0, 0x0, 0x0, 0x7, 0xfa,
    0x10, 0x1, 0xaf, 0x70, 0x0, 0x0, 0x0, 0x4,
    0x8f, 0xa0, 0x0, 0x0, 0xa, 0xf1, 0x0, 0x0,
    0x0, 0xbf, 0xff, 0x20, 0x0, 0x0, 0x1, 0xf5,
    0x0, 0x0, 0x9, 0xf9, 0x21, 0x0, 0x0, 0x0,
    0x0, 0xdf, 0xd7, 0x0, 0xf, 0xc0, 0x0, 0x0,
    0x0, 0x0, 0x0, 0x8b, 0xdf, 0x80, 0x2f, 0x80,
    0x0, 0x0, 0x0, 0x0, 0x0, 0x0, 0xc, 0xf0,
    0xf, 0xb0, 0x0, 0x16, 0x0, 0x61, 0x4, 0x30,
    0x9, 0xf2, 0xa, 0xf7, 0x0, 0x9f, 0x4, 0xf6,
    0xe, 0xb0, 0x1e, 0xe0, 0x1, 0xcf, 0x10, 0xed,
    0x9, 0xf2, 0x3f, 0x70, 0xaf, 0x60, 0x0, 0x2,
    0x2, 0xf8, 0xd, 0xe0, 0x7f, 0x30, 0x23, 0x0,
    0x0, 0x0, 0x6, 0xf4, 0x1f, 0x90, 0xcf, 0x0,
    0x0, 0x0, 0x0, 0x0, 0x8, 0xe0, 0x5f, 0x50,
    0xda, 0x0, 0x0, 0x0, 0x0, 0x0, 0x0, 0x0,
    0xaf, 0x10, 0x0, 0x0, 0x0, 0x0, 0x0, 0x0,
    0x0, 0x0, 0xdc, 0x0, 0x0, 0x0, 0x0, 0x0,
    0x0, 0x0, 0x0, 0x0, 0x53, 0x0, 0x0, 0x0,
    0x0, 0x0,

    /* U+F0597 "󰖗" */
    0x0, 0x0, 0x0, 0x2, 0x9b, 0xc9, 0x20, 0x0,
    0x0, 0x0, 0x0, 0x0, 0x0, 0x6f, 0xfe, 0xef,
    0xf7, 0x0, 0x0, 0x0, 0x0, 0x0, 0x5, 0xfb,
    0x20, 0x2, 0xbf, 0x60, 0x0, 0x0, 0x0, 0x1,
    0x5e, 0xc0, 0x0, 0x0, 0xb, 0xe0, 0x0, 0x0,
    0x0, 0x8f, 0xff, 0x40, 0x0, 0x0, 0x2, 0xf4,
    0x0, 0x0, 0x7, 0xfc, 0x55, 0x0, 0x0, 0x0,
    0x0, 0xdd, 0x93, 0x0, 0xe, 0xd0, 0x0, 0x0,
    0x0, 0x0, 0x0, 0xbf, 0xff, 0x60, 0x2f, 0x80,
    0x0, 0x0, 0x0, 0x10, 0x0, 0x0, 0x2e, 0xf0,
    0x1f, 0xa0, 0x0, 0x0, 0xa, 0xb0, 0x0, 0x0,
    0x8, 0xf2, 0xb, 0xf6, 0x0, 0x0, 0x6f, 0xf8,
    0x0, 0x0, 0xd, 0xf0, 0x1, 0xef, 0xe8, 0x2,
    0xfd, 0xcf, 0x30, 0x7d, 0xff, 0x70, 0x0, 0x18,
    0xc8, 0xa, 0xf4, 0x2f, 0xc0, 0x7d, 0xb6, 0x0,
    0x0, 0x0, 0x0, 0x1f, 0xb0, 0x8, 0xf3, 0x0,
    0x0, 0x0, 0x0, 0x0, 0x0, 0x3f, 0x70, 0x4,
    0xf5, 0x0, 0x0, 0x0, 0x0, 0x0, 0x0, 0x1f,
    0xc0, 0xa, 0xf2, 0x0, 0x0, 0x0, 0x0, 0x0,
    0x0, 0x8, 0xff, 0xef, 0x90, 0x0, 0x0, 0x0,
    0x0, 0x0, 0x0, 0x0, 0x6b, 0xb6, 0x0, 0x0,
    0x0, 0x0,

    /* U+F0598 "󰖘" */
    0x0, 0x0, 0x0, 0x3, 0x9c, 0xc9, 0x30, 0x0,
    0x0, 0x0, 0x0, 0x0, 0x0, 0x8f, 0xfd, 0xdf,
    0xf8, 0x0, 0x0, 0x0, 0x0, 0x0, 0x7, 0xfa,
    0x10, 0x1, 0xaf, 0x70, 0x0, 0x0, 0x0, 0x4,
    0x8f, 0xa0, 0x0, 0x0, 0xa, 0xf1, 0x0, 0x0,
    0x0, 0xbf, 0xff, 0x20, 0x0, 0x0, 0x1, 0xf5,
    0x0, 0x0, 0x8, 0xf9, 0x21, 0x0, 0x0, 0x0,
    0x0, 0xdf, 0xd7, 0x0, 0xf, 0xc0, 0x0, 0x0,
    0x0, 0x0, 0x0, 0x8b, 0xdf, 0x80, 0x2f, 0x80,
    0x0, 0x0, 0x0, 0x0, 0x0, 0x0, 0xc, 0xf0,
    0xf, 0xb0, 0x0, 0x0, 0x0, 0x0, 0x0, 0x0,
    0x8, 0xf2, 0xb, 0xf6, 0x0, 0x0, 0x0, 0x63,
    0x0, 0x0, 0x1d, 0xf0, 0x1, 0xdf, 0xf8, 0xa,
    0x41, 0xfa, 0x0, 0x8d, 0xff, 0x60, 0x0, 0x7,
    0xb7, 0x1f, 0xf9, 0xf6, 0x12, 0x7c, 0xa4, 0x0,
    0x0, 0x0, 0x0, 0x3, 0xef, 0xfd, 0xff, 0x0,
    0x0, 0x0, 0x0, 0x0, 0x0, 0x6b, 0xff, 0xff,
    0xa5, 0x0, 0x0, 0x0, 0x0, 0x0, 0x0, 0xef,
    0xdf, 0xff, 0x40, 0x0, 0x0, 0x0, 0x0, 0x0,
    0x0, 0x0, 0x6f, 0x8f, 0xf1, 0x0, 0x0, 0x0,
    0x0, 0x0, 0x0, 0x0, 0x9f, 0x13, 0x80, 0x0,
    0x0, 0x0, 0x0, 0x0, 0x0, 0x0, 0x35, 0x0,
    0x0, 0x0, 0x0, 0x0,

    /* U+F0599 "󰖙" */
    0x0, 0x0, 0x0, 0x3, 0x30, 0x0, 0x0, 0x0,
    0x0, 0x0, 0x0, 0xe, 0xe0, 0x0, 0x0, 0x0,
    0x0, 0x0, 0x0, 0x8b, 0xb8, 0x0, 0x0, 0x0,
    0x0, 0x0, 0x0, 0x0, 0x0, 0x0, 0x0, 0x0,
    0xb, 0xda, 0x0, 0x59, 0x95, 0x0, 0xad, 0xb0,
    0xa, 0xe1, 0xc, 0xff, 0xff, 0xc0, 0x1f, 0xa0,
    0x3, 0x80, 0x9f, 0x81, 0x18, 0xf9, 0x8, 0x30,
    0x0, 0x10, 0xfb, 0x0, 0x0, 0xcf, 0x1, 0x0,
    0x0, 0x2, 0xf8, 0x0, 0x0, 0x8f, 0x20, 0x0,
    0x0, 0x10, 0xfc, 0x0, 0x0, 0xcf, 0x1, 0x0,
    0x3, 0x80, 0x9f, 0x81, 0x18, 0xf9, 0x8, 0x30,
    0xa, 0xf1, 0xc, 0xff, 0xff, 0xc0, 0x1f, 0xa0,
    0xb, 0xda, 0x0, 0x59, 0x95, 0x0, 0xac, 0xb0,
    0x0, 0x0, 0x0, 0x0, 0x0, 0x0, 0x0, 0x0,
    0x0, 0x0, 0x0, 0x8b, 0xb8, 0x0, 0x0, 0x0,
    0x0, 0x0, 0x0, 0xd, 0xd0, 0x0, 0x0, 0x0,
    0x0, 0x0, 0x0, 0x3, 0x30, 0x0, 0x0, 0x0,

    /* U+F059A "󰖚" */
    0x0, 0x0, 0x0, 0x0, 0x25, 0x0, 0x0, 0x0,
    0x0, 0x0, 0x0, 0x0, 0x0, 0xde, 0x10, 0x0,
    0x0, 0x0, 0x0, 0x0, 0x0, 0x7, 0xbb, 0x90,
    0x0, 0x0, 0x0, 0x0, 0x0, 0x0, 0x0, 0x0,
    0x0, 0x0, 0x0, 0x0, 0x0, 0xbd, 0xb0, 0x5,
    0x9a, 0x60, 0x9, 0xdc, 0x10, 0x0, 0x9f, 0x10,
    0xbf, 0xff, 0xfd, 0x10, 0xeb, 0x0, 0x0, 0x19,
    0x9, 0xf9, 0x11, 0x7f, 0xb0, 0x74, 0x0, 0x0,
    0x0, 0xf, 0xc0, 0x0, 0xa, 0xf2, 0x10, 0x0,
    0x8, 0xaa, 0xaf, 0xda, 0xaa, 0xac, 0xfb, 0xaa,
    0x91, 0x1f, 0xff, 0xff, 0xff, 0xff, 0xff, 0xff,
    0xff, 0xf4, 0x0, 0x0, 0x0, 0x0, 0x0, 0x0,
    0x0, 0x0, 0x0, 0x0, 0x0, 0x0, 0x0, 0x0,
    0x0, 0x0, 0x0, 0x0, 0x0, 0x6f, 0xff, 0xff,
    0xff, 0xff, 0xff, 0xf9, 0x0, 0x0, 0x3a, 0xaa,
    0xaa, 0xaa, 0xaa, 0xaa, 0xa4, 0x0, 0x0, 0x0,
    0x0, 0x0, 0x0, 0x0, 0x0, 0x0, 0x0, 0x0,
    0x0, 0x7b, 0xbb, 0xbb, 0xbb, 0xb9, 0x0, 0x0,
    0x0, 0x0, 0xaf, 0xff, 0xff, 0xff, 0xfd, 0x0,
    0x0,

    /* U+F059B "󰖛" */
    0x0, 0x0, 0x0, 0x0, 0x25, 0x0, 0x0, 0x0,
    0x0, 0x0, 0x0, 0x0, 0x0, 0xde, 0x10, 0x0,
    0x0, 0x0, 0x0, 0x0, 0x0, 0x7, 0xbb, 0x90,
    0x0, 0x0, 0x0, 0x0, 0x0, 0x0, 0x0, 0x0,
    0x0, 0x0, 0x0, 0x0, 0x0, 0xbd, 0xb0, 0x5,
    0x9a, 0x60, 0x9, 0xdc, 0x10, 0x0, 0x9f, 0x10,
    0xbf, 0xff, 0xfd, 0x10, 0xeb, 0x0, 0x0, 0x19,
    0x9, 0xf9, 0x11, 0x7f, 0xb0, 0x74, 0x0, 0x0,
    0x0, 0xf, 0xc0, 0x0, 0xa, 0xf2, 0x10, 0x0,
    0x8, 0xaa, 0xaf, 0xda, 0xaa, 0xac, 0xfb, 0xaa,
    0x91, 0x1f, 0xff, 0xff, 0xff, 0xff, 0xff, 0xff,
    0xff, 0xf4, 0x0, 0x0, 0x0, 0x0, 0x0, 0x0,
    0x0, 0x0, 0x0, 0x0, 0x0, 0x0, 0x40, 0x0,
    0x4, 0x10, 0x0, 0x0, 0x0, 0x0, 0x4, 0xfb,
    0x0, 0x8f, 0x70, 0x0, 0x0, 0x0, 0x0, 0x0,
    0x9f, 0xb8, 0xfc, 0x0, 0x0, 0x0, 0x0, 0x0,
    0x0, 0x9, 0xff, 0xc0, 0x0, 0x0, 0x0, 0x0,
    0x0, 0x0, 0x0, 0x8a, 0x0, 0x0, 0x0, 0x0,

    /* U+F059C "󰖜" */
    0x0, 0x0, 0x0, 0x0, 0x25, 0x0, 0x0, 0x0,
    0x0, 0x0, 0x0, 0x0, 0x0, 0xde, 0x10, 0x0,
    0x0, 0x0, 0x0, 0x0, 0x0, 0x7, 0xbb, 0x90,
    0x0, 0x0, 0x0, 0x0, 0x0, 0x0, 0x0, 0x0,
    0x0, 0x0, 0x0, 0x0, 0x0, 0xbd, 0xb0, 0x5,
    0x9a, 0x60, 0x9, 0xdc, 0x10, 0x0, 0x9f, 0x10,
    0xbf, 0xff, 0xfd, 0x10, 0xeb, 0x0, 0x0, 0x19,
    0x9, 0xf9, 0x11, 0x7f, 0xb0, 0x74, 0x0, 0x0,
    0x0, 0xf, 0xc0, 0x0, 0xa, 0xf2, 0x10, 0x0,
    0x8, 0xaa, 0xaf, 0xda, 0xaa, 0xac, 0xfb, 0xaa,
    0x91, 0x1f, 0xff, 0xff, 0xff, 0xff, 0xff, 0xff,
    0xff, 0xf4, 0x0, 0x0, 0x0, 0x0, 0x0, 0x0,
    0x0, 0x0, 0x0, 0x0, 0x0, 0x0, 0x0, 0x12,
    0x0, 0x0, 0x0, 0x0, 0x0, 0x0, 0x0, 0x2,
    0xef, 0x40, 0x0, 0x0, 0x0, 0x0, 0x0, 0x0,
    0x2e, 0xff, 0xf4, 0x0, 0x0, 0x0, 0x0, 0x0,
    0x1, 0xef, 0x53, 0xef, 0x30, 0x0, 0x0, 0x0,
    0x0, 0x2, 0xd5, 0x0, 0x3d, 0x50, 0x0, 0x0,

    /* U+F059D "󰖝" */
    0x0, 0x0, 0x0, 0x6b, 0xc7, 0x0, 0x0, 0x0,
    0x0, 0x0, 0x0, 0x6f, 0xee, 0xfa, 0x0, 0x0,
    0x0, 0x0, 0x0, 0x1, 0x60, 0x9, 0xf3, 0x0,
    0x0, 0x0, 0x0, 0x0, 0x0, 0x0, 0x4f, 0x50,
    0x0, 0x0, 0x0, 0x0, 0x0, 0x0, 0xa, 0xf3,
    0x0, 0x0, 0x3, 0xdd, 0xdd, 0xdd, 0xde, 0xf9,
    0x6, 0xcb, 0x30, 0x2b, 0xcc, 0xcc, 0xcc, 0xb6,
    0x1, 0xfe, 0xff, 0x10, 0x0, 0x0, 0x0, 0x0,
    0x0, 0x2, 0x5, 0xf5, 0x3, 0x9a, 0xaa, 0xaa,
    0xaa, 0xaa, 0xaa, 0xdf, 0x20, 0x6f, 0xff, 0xff,
    0xff, 0xff, 0xff, 0xfe, 0x60, 0x0, 0x0, 0x0,
    0x0, 0x0, 0x0, 0x0, 0x0, 0x0, 0x0, 0x0,
    0x0, 0x0, 0x0, 0x0, 0x0, 0x0, 0x4f, 0xff,
    0xff, 0xff, 0xff, 0xff, 0xff, 0x80, 0x1, 0x9a,
    0xaa, 0xaa, 0xaa, 0xaa, 0xaa, 0xdf, 0x50, 0x0,
    0x0, 0x0, 0x0, 0x0, 0x2, 0x13, 0xf8, 0x0,
    0x0, 0x0, 0x0, 0x0, 0x0, 0xcf, 0xef, 0x40,
    0x0, 0x0, 0x0, 0x0, 0x0, 0x4, 0xbc, 0x60,
    0x0,

    /* U+F059E "󰖞" */
    0x0, 0x0, 0x0, 0x18, 0xcd, 0x92, 0x0, 0x0,
    0x0, 0x0, 0x0, 0x3, 0xef, 0xed, 0xff, 0x50,
    0x0, 0x0, 0x0, 0x0, 0xe, 0xf4, 0x0, 0x3e,
    0xf1, 0x0, 0x0, 0x0, 0x27, 0xaf, 0x70, 0x0,
    0x4, 0xf7, 0x0, 0x0, 0x4, 0xff, 0xff, 0x30,
    0x0, 0x0, 0xfa, 0x0, 0x0, 0xe, 0xe3, 0x0,
    0x0, 0x0, 0x0, 0xfe, 0xed, 0x50, 0x2f, 0x70,
    0x0, 0x0, 0x0, 0x0, 0xab, 0xbe, 0xf2, 0x1f,
    0xa0, 0x0, 0x0, 0x0, 0x0, 0x0, 0x4, 0xf5,
    0xa, 0xfc, 0xaa, 0xaa, 0xaa, 0xaa, 0xaa, 0xad,
    0xf2, 0x0, 0x9e, 0xff, 0xff, 0xff, 0xff, 0xff,
    0xfe, 0x60, 0x0, 0x0, 0x0, 0x0, 0x0, 0x0,
    0x0, 0x0, 0x0, 0x0, 0x0, 0x0, 0x0, 0x0,
    0x0, 0x0, 0x0, 0x0, 0x4, 0xff, 0xff, 0xff,
    0xff, 0xff, 0xff, 0xf8, 0x0, 0x1, 0x9a, 0xaa,
    0xaa, 0xaa, 0xaa, 0xaa, 0xdf, 0x50, 0x0, 0x0,
    0x0, 0x0, 0x0, 0x0, 0x21, 0x3f, 0x80, 0x0,
    0x0, 0x0, 0x0, 0x0, 0x0, 0xcf, 0xef, 0x40,
    0x0, 0x0, 0x0, 0x0, 0x0, 0x0, 0x4b, 0xc6,
    0x0,

    /* U+F05A9 "󰖩" */
    0x0, 0x0, 0x48, 0xce, 0xff, 0xec, 0x84, 0x0,
    0x0, 0x0, 0x7e, 0xff, 0xff, 0xff, 0xff, 0xff,
    0xe7, 0x0, 0x4e, 0xff, 0xff, 0xc9, 0x88, 0x9c,
    0xff, 0xff, 0xe4, 0x9f, 0xfc, 0x50, 0x0, 0x0,
    0x0, 0x5, 0xcf, 0xf9, 0xc, 0x50, 0x0, 0x0,
    0x0, 0x0, 0x0, 0x5, 0xc0, 0x0, 0x0, 0x5,
    0xad, 0xff, 0xda, 0x50, 0x0, 0x0, 0x0, 0x5,
    0xef, 0xff, 0xff, 0xff, 0xfe, 0x50, 0x0, 0x0,
    0x9, 0xff, 0xea, 0x88, 0xae, 0xff, 0x90, 0x0,
    0x0, 0x0, 0xb6, 0x0, 0x0, 0x0, 0x6b, 0x0,
    0x0, 0x0, 0x0, 0x0, 0x0, 0x0, 0x0, 0x0,
    0x0, 0x0, 0x0, 0x0, 0x0, 0x4b, 0xff, 0xc4,
    0x0, 0x0, 0x0, 0x0, 0x0, 0x0, 0xaf, 0xff,
    0xfa, 0x0, 0x0, 0x0, 0x0, 0x0, 0x0, 0xd,
    0xff, 0xd0, 0x0, 0x0, 0x0, 0x0, 0x0, 0x0,
    0x2, 0xff, 0x20, 0x0, 0x0, 0x0, 0x0, 0x0,
    0x0, 0x0, 0x66, 0x0, 0x0, 0x0, 0x0,

    /* U+F05AA "󰖪" */
    0x9, 0x60, 0x4, 0x8c, 0xdf, 0xfe, 0xc8, 0x40,
    0x0, 0x0, 0xaf, 0x60, 0x7f, 0xff, 0xff, 0xff,
    0xff, 0xe7, 0x0, 0x5, 0xff, 0x60, 0x7c, 0x98,
    0x89, 0xcf, 0xff, 0xfe, 0x40, 0x9f, 0xff, 0x60,
    0x0, 0x0, 0x0, 0x5, 0xcf, 0xf9, 0x0, 0xb5,
    0xbf, 0x60, 0x0, 0x0, 0x0, 0x0, 0x5c, 0x0,
    0x0, 0x0, 0xbf, 0x60, 0x7f, 0xda, 0x50, 0x0,
    0x0, 0x0, 0x0, 0x4d, 0xff, 0x60, 0x7f, 0xff,
    0xe5, 0x0, 0x0, 0x0, 0x9, 0xff, 0xff, 0x60,
    0x7e, 0xff, 0x90, 0x0, 0x0, 0x0, 0xb, 0x60,
    0xbf, 0x60, 0x6, 0xb0, 0x0, 0x0, 0x0, 0x0,
    0x0, 0x0, 0xaf, 0x60, 0x0, 0x0, 0x0, 0x0,
    0x0, 0x0, 0x4, 0xbe, 0xff, 0x60, 0x0, 0x0,
    0x0, 0x0, 0x0, 0x0, 0xaf, 0xff, 0xff, 0x60,
    0x0, 0x0, 0x0, 0x0, 0x0, 0x0, 0xdf, 0xfd,
    0xbf, 0x60, 0x0, 0x0, 0x0, 0x0, 0x0, 0x2,
    0xff, 0x20, 0xbf, 0x60, 0x0, 0x0, 0x0, 0x0,
    0x0, 0x6, 0x50, 0x0, 0xa4, 0x0, 0x0,

    /* U+F05AE "󰖮" */
    0x2d, 0xff, 0xff, 0xff, 0xff, 0xff, 0xd2, 0x9f,
    0xbb, 0xbb, 0xbb, 0xbb, 0xbb, 0xfa, 0xaf, 0x0,
    0x0, 0x0, 0x0, 0x0, 0xfb, 0xaf, 0x0, 0x0,
    0x0, 0x0, 0x0, 0xfb, 0xaf, 0x0, 0x0, 0x0,
    0x0, 0x0, 0xfb, 0xaf, 0x0, 0x1, 0x33, 0x30,
    0x0, 0xfb, 0xaf, 0x0, 0x7, 0xff, 0xe0, 0x0,
    0xfb, 0xaf, 0x88, 0x8c, 0xff, 0xf8, 0x88, 0xfb,
    0xaf, 0xff, 0xff, 0xff, 0xff, 0xff, 0xfb, 0xaf,
    0x11, 0x11, 0x11, 0x11, 0x11, 0xfb, 0xaf, 0x0,
    0x0, 0x0, 0x0, 0x0, 0xfb, 0xaf, 0x0, 0x0,
    0x0, 0x0, 0x0, 0xfb, 0xaf, 0x0, 0x0, 0x0,
    0x0, 0x0, 0xfb, 0xaf, 0x0, 0x0, 0x0, 0x0,
    0x0, 0xfb, 0xaf, 0x0, 0x0, 0x0, 0x0, 0x0,
    0xfb, 0x9f, 0xbb, 0xbb, 0xbb, 0xbb, 0xbb, 0xfa,
    0x2d, 0xff, 0xff, 0xff, 0xff, 0xff, 0xd2,

    /* U+F05B1 "󰖱" */
    0x2d, 0xff, 0xff, 0xff, 0xff, 0xff, 0xd2, 0x9f,
    0xbb, 0xbb, 0xbb, 0xbb, 0xbb, 0xfa, 0xaf, 0x0,
    0x0, 0x0, 0x0, 0x0, 0xfb, 0xaf, 0x0, 0x4,
    0xaa, 0x90, 0x0, 0xfb, 0xaf, 0x0, 0x7, 0xff,
    0xe0, 0x0, 0xfb, 0xaf, 0xff, 0xff, 0xff, 0xff,
    0xff, 0xfb, 0xaf, 0xbb, 0xbb, 0xbb, 0xbb, 0xbb,
    0xfb, 0xaf, 0x0, 0x0, 0x0, 0x0, 0x0, 0xfb,
    0xaf, 0x0, 0x0, 0x0, 0x0, 0x0, 0xfb, 0xaf,
    0x0, 0x0, 0x0, 0x0, 0x0, 0xfb, 0xaf, 0x0,
    0x0, 0x0, 0x0, 0x0, 0xfb, 0xaf, 0xff, 0xff,
    0xff, 0xff, 0xff, 0xfb, 0xaf, 0xaa, 0xaa, 0xaa,
    0xaa, 0xaa, 0xfb, 0xaf, 0x0, 0x0, 0x0, 0x0,
    0x0, 0xfb, 0xaf, 0x0, 0x0, 0x0, 0x0, 0x0,
    0xfb, 0x9f, 0xbb, 0xbb, 0xbb, 0xbb, 0xbb, 0xfa,
    0x2d, 0xff, 0xff, 0xff, 0xff, 0xff, 0xd2,

    /* U+F05B7 "󰖷" */
    0x0, 0x0, 0x48, 0x86, 0x10, 0x0, 0x0, 0x0,
    0x0, 0x0, 0x0, 0x0, 0x7f, 0xff, 0xf6, 0x0,
    0x0, 0x0, 0x0, 0x0, 0x0, 0x0, 0x7, 0xff,
    0xff, 0x70, 0x0, 0x0, 0x0, 0x0, 0x4, 0x0,
    0x0, 0x7f, 0xff, 0xf2, 0x0, 0x0, 0x0, 0x0,
    0xf, 0x70, 0x0, 0xb, 0xff, 0xf7, 0x0, 0x0,
    0x0, 0x0, 0x2f, 0xf7, 0x0, 0x8f, 0xff, 0xfa,
    0x0, 0x0, 0x0, 0x0, 0x1f, 0xff, 0x78, 0xff,
    0xff, 0xf9, 0x0, 0x0, 0x0, 0x0, 0xd, 0xff,
    0xff, 0xff, 0xff, 0xf6, 0x0, 0x0, 0x0, 0x0,
    0x5, 0xff, 0xff, 0xff, 0xff, 0xfe, 0x20, 0x0,
    0x0, 0x0, 0x0, 0x9f, 0xff, 0xff, 0xff, 0xff,
    0xe2, 0x0, 0x0, 0x0, 0x0, 0x6, 0xdf, 0xff,
    0xff, 0xff, 0xfe, 0x20, 0x0, 0x0, 0x0, 0x0,
    0x1, 0x20, 0x3f, 0xff, 0xff, 0xe2, 0x0, 0x0,
    0x0, 0x0, 0x0, 0x0, 0x3, 0xff, 0xff, 0xfe,
    0x20, 0x0, 0x0, 0x0, 0x0, 0x0, 0x0, 0x3f,
    0xff, 0xff, 0xe2, 0x0, 0x0, 0x0, 0x0, 0x0,
    0x0, 0x3, 0xff, 0xff, 0xfe, 0x20, 0x0, 0x0,
    0x0, 0x0, 0x0, 0x0, 0x3f, 0xff, 0xff, 0xe1,
    0x0, 0x0, 0x0, 0x0, 0x0, 0x0, 0x3, 0xff,
    0xff, 0xc0, 0x0, 0x0, 0x0, 0x0, 0x0, 0x0,
    0x0, 0x3f, 0xfc, 0x0, 0x0, 0x0, 0x0, 0x0,
    0x0, 0x0, 0x0, 0x3, 0x90, 0x0,

    /* U+F05C7 "󰗇" */
    0x29, 0x99, 0x99, 0x99, 0x99, 0x0, 0x0, 0x0,
    0x0, 0x4f, 0xff, 0xff, 0xff, 0xfe, 0x0, 0x0,
    0x0, 0x0, 0x0, 0x0, 0x0, 0x0, 0x0, 0x0,
    0x0, 0x0, 0x0, 0x0, 0x0, 0x0, 0x0, 0x0,
    0x0, 0x0, 0x0, 0x0, 0x4f, 0xff, 0xff, 0xff,
    0xfe, 0x0, 0x0, 0x0, 0x0, 0x2a, 0xaa, 0xaa,
    0xaa, 0xa9, 0x0, 0x0, 0x4, 0x80, 0x0, 0x0,
    0x0, 0x0, 0x0, 0x0, 0x0, 0x5f, 0xf2, 0x4f,
    0xff, 0xff, 0x80, 0x67, 0x0, 0x5, 0xff, 0x40,
    0x3a, 0xaa, 0xaa, 0x60, 0xdf, 0x80, 0x6f, 0xf3,
    0x0, 0x0, 0x0, 0x0, 0x0, 0x2e, 0xfb, 0xff,
    0x30, 0x0, 0x0, 0x0, 0x0, 0x0, 0x2, 0xef,
    0xe3, 0x0, 0x0, 0x0, 0x0, 0x0, 0x0, 0x0,
    0x2c, 0x20, 0x0, 0x0, 0x0, 0x0, 0x0, 0x0,
    0x0, 0x0, 0x0, 0x0, 0x0,

    /* U+F05D6 "󰗖" */
    0x0, 0x0, 0x1, 0x7b, 0xdd, 0xb7, 0x10, 0x0,
    0x0, 0x0, 0x0, 0x6f, 0xff, 0xdd, 0xff, 0xf9,
    0x0, 0x0, 0x0, 0xa, 0xfd, 0x50, 0x0, 0x4,
    0xcf, 0xc1, 0x0, 0x0, 0x8f, 0xa0, 0x0, 0x0,
    0x0, 0x8, 0xfb, 0x0, 0x3, 0xfc, 0x0, 0x0,
    0x8a, 0x0, 0x0, 0xaf, 0x50, 0xa, 0xf2, 0x0,
    0x0, 0xbe, 0x0, 0x0, 0xf, 0xd0, 0xf, 0xb0,
    0x0, 0x0, 0xbe, 0x0, 0x0, 0x9, 0xf2, 0x2f,
    0x80, 0x0, 0x0, 0xbe, 0x0, 0x0, 0x5, 0xf4,
    0x3f, 0x60, 0x0, 0x0, 0xbe, 0x0, 0x0, 0x4,
    0xf6, 0x2f, 0x80, 0x0, 0x0, 0x34, 0x0, 0x0,
    0x5, 0xf4, 0xf, 0xb0, 0x0, 0x0, 0x0, 0x0,
    0x0, 0x9, 0xf2, 0xa, 0xf2, 0x0, 0x0, 0xbe,
    0x0, 0x0, 0xf, 0xd0, 0x3, 0xfc, 0x0, 0x0,
    0x8a, 0x0, 0x0, 0xaf, 0x50, 0x0, 0x8f, 0xa0,
    0x0, 0x0, 0x0, 0x8, 0xfb, 0x0, 0x0, 0xa,
    0xfd, 0x60, 0x0, 0x4, 0xcf, 0xc1, 0x0, 0x0,
    0x0, 0x7f, 0xff, 0xdd, 0xff, 0xf9, 0x0, 0x0,
    0x0, 0x0, 0x1, 0x6a, 0xcd, 0xb7, 0x10, 0x0,
    0x0,

    /* U+F05E0 "󰗠" */
    0x0, 0x0, 0x0, 0x6a, 0xcc, 0xa6, 0x10, 0x0,
    0x0, 0x0, 0x0, 0x5e, 0xff, 0xff, 0xff, 0xf7,
    0x0, 0x0, 0x0, 0x9, 0xff, 0xff, 0xff, 0xff,
    0xff, 0xb0, 0x0, 0x0, 0x7f, 0xff, 0xff, 0xff,
    0xff, 0xff, 0xf9, 0x0, 0x3, 0xff, 0xff, 0xff,
    0xff, 0xff, 0xf4, 0xbf, 0x50, 0xa, 0xff, 0xff,
    0xff, 0xff, 0xff, 0x40, 0x6f, 0xd0, 0xf, 0xff,
    0xff, 0xff, 0xff, 0xf4, 0x6, 0xff, 0xf2, 0x2f,
    0xff, 0x9f, 0xff, 0xff, 0x40, 0x6f, 0xff, 0xf5,
    0x3f, 0xf8, 0x6, 0xff, 0xf4, 0x6, 0xff, 0xff,
    0xf6, 0x2f, 0xff, 0x40, 0x6f, 0x40, 0x6f, 0xff,
    0xff, 0xf5, 0xf, 0xff, 0xf4, 0x1, 0x6, 0xff,
    0xff, 0xff, 0xf2, 0xb, 0xff, 0xff, 0x40, 0x6f,
    0xff, 0xff, 0xff, 0xd0, 0x3, 0xff, 0xff, 0xf8,
    0xff, 0xff, 0xff, 0xff, 0x60, 0x0, 0x8f, 0xff,
    0xff, 0xff, 0xff, 0xff, 0xfa, 0x0, 0x0, 0xa,
    0xff, 0xff, 0xff, 0xff, 0xff, 0xc0, 0x0, 0x0,
    0x0, 0x7f, 0xff, 0xff, 0xff, 0xf8, 0x0, 0x0,
    0x0, 0x0, 0x1, 0x7b, 0xdd, 0xb7, 0x20, 0x0,
    0x0,

    /* U+F05F1 "󰗱" */
    0x1c, 0xff, 0xff, 0xff, 0x50, 0x50, 0x0, 0x6,
    0xff, 0xff, 0xff, 0xfe, 0x1e, 0xa0, 0x0, 0x7f,
    0xff, 0xfe, 0xff, 0xe0, 0x2e, 0xa0, 0x7, 0xff,
    0xff, 0x8f, 0xfe, 0x3, 0xef, 0xa0, 0x7f, 0xff,
    0x76, 0xff, 0xe0, 0xcb, 0x5f, 0x37, 0xff, 0xe0,
    0x6f, 0xfe, 0xb, 0xb5, 0xf4, 0x7f, 0xf6, 0x4,
    0xaf, 0xe0, 0x3e, 0xff, 0x47, 0xfd, 0x0, 0x3,
    0xff, 0x74, 0x0, 0xf4, 0x7f, 0x93, 0x0, 0xcf,
    0xfb, 0xf3, 0xf, 0x47, 0xff, 0xe0, 0x5f, 0xfe,
    0xd, 0x60, 0xf4, 0x7f, 0xfe, 0xe, 0xff, 0xe0,
    0xd6, 0xf, 0x47, 0xff, 0xe8, 0xff, 0xfe, 0xd,
    0x60, 0xf4, 0x7f, 0xff, 0xff, 0xff, 0xe0, 0xd6,
    0xf, 0x47, 0xff, 0xff, 0xff, 0xfe, 0xb, 0xb6,
    0xf2, 0x7f, 0xff, 0xff, 0xff, 0xe0, 0x2d, 0xf7,
    0x0,

    /* U+F0606 "󰘆" */
    0x0, 0x0, 0x1, 0xbe, 0xb1, 0x2, 0xbe, 0xa1,
    0x0, 0x0, 0x0, 0xc, 0xfb, 0xb7, 0xc, 0xfb,
    0xb6, 0x0, 0x0, 0x0, 0xf, 0xa0, 0x0, 0xf,
    0xa0, 0x0, 0x0, 0x0, 0x0, 0x1f, 0xda, 0xaa,
    0xaf, 0x90, 0x0, 0x0, 0x0, 0x0, 0x1f, 0xff,
    0xff, 0xff, 0x90, 0x0, 0x0, 0x0, 0x0, 0x1f,
    0x90, 0x0, 0x1f, 0x90, 0x0, 0x0, 0x0, 0x0,
    0x1f, 0xb4, 0x44, 0x5f, 0x90, 0x0, 0x0, 0x0,
    0x0, 0x1f, 0xff, 0xff, 0xff, 0x90, 0x0, 0x0,
    0x0, 0x0, 0x1f, 0xc7, 0x77, 0x8f, 0x90, 0x0,
    0x0, 0x0, 0x1, 0x6f, 0xd7, 0x20, 0x1f, 0x90,
    0x2, 0x75, 0x5, 0xbf, 0xff, 0xff, 0xfb, 0x6f,
    0x95, 0xbf, 0xf9, 0x3f, 0xd8, 0x31, 0x3, 0x8e,
    0xff, 0xff, 0xe7, 0x30, 0x14, 0x0, 0x25, 0x63,
    0x0, 0x47, 0x73, 0x0, 0x43, 0x1, 0x7d, 0xff,
    0xff, 0xd6, 0x0, 0x0, 0x6e, 0xf9, 0x2f, 0xfe,
    0x96, 0x58, 0xdf, 0xfc, 0xcf, 0xfd, 0x83, 0x3b,
    0x40, 0x0, 0x0, 0x4, 0xaf, 0xea, 0x40, 0x0,

    /* U+F061A "󰘚" */
    0x0, 0x16, 0x66, 0x66, 0x66, 0x66, 0x50, 0x0,
    0x68, 0xaf, 0xff, 0xff, 0xff, 0xff, 0xe8, 0x82,
    0xbf, 0xff, 0xff, 0xff, 0xff, 0xff, 0xff, 0xf4,
    0x11, 0x4f, 0xff, 0xff, 0xff, 0xff, 0xc1, 0x10,
    0x0, 0x3f, 0xff, 0xff, 0xff, 0xff, 0xc0, 0x0,
    0xbf, 0xff, 0xff, 0xff, 0xff, 0xff, 0xff, 0xf4,
    0x7a, 0xbf, 0xff, 0xff, 0xff, 0xff, 0xea, 0xa3,
    0x0, 0x3f, 0xff, 0xff, 0xff, 0xff, 0xc0, 0x0,
    0x7b, 0xcf, 0xff, 0xff, 0xff, 0xff, 0xeb, 0xb3,
    0xbf, 0xff, 0xff, 0xff, 0xff, 0xff, 0xff, 0xf4,
    0x0, 0x3f, 0xff, 0xf3, 0x98, 0x4e, 0xc0, 0x0,
    0x46, 0x8f, 0xff, 0xf3, 0x98, 0x4e, 0xd6, 0x61,
    0xbf, 0xff, 0xff, 0xfb, 0xdd, 0xbf, 0xff, 0xf4,
    0x23, 0x5f, 0xff, 0xff, 0xff, 0xff, 0xd3, 0x30,
    0x0, 0x0, 0x0, 0x0, 0x0, 0x0, 0x0, 0x0,

    /* U+F0625 "󰘥" */
    0x0, 0x0, 0x1, 0x6a, 0xcd, 0xb7, 0x10, 0x0,
    0x0, 0x0, 0x0, 0x7f, 0xff, 0xdd, 0xff, 0xf9,
    0x0, 0x0, 0x0, 0xa, 0xfd, 0x50, 0x0, 0x4,
    0xcf, 0xc1, 0x0, 0x0, 0x9f, 0xa0, 0x1, 0x67,
    0x20, 0x8, 0xfb, 0x0, 0x3, 0xfc, 0x0, 0x4f,
    0xff, 0xf6, 0x0, 0xaf, 0x50, 0xa, 0xf2, 0x0,
    0xee, 0x43, 0xdf, 0x10, 0xf, 0xd0, 0xf, 0xb0,
    0x2, 0xc6, 0x0, 0x4f, 0x50, 0x9, 0xf2, 0x2f,
    0x80, 0x0, 0x0, 0x0, 0x7f, 0x40, 0x5, 0xf4,
    0x3f, 0x60, 0x0, 0x0, 0x8, 0xfa, 0x0, 0x4,
    0xf6, 0x2f, 0x80, 0x0, 0x0, 0x5f, 0x90, 0x0,
    0x5, 0xf4, 0xf, 0xb0, 0x0, 0x0, 0xaf, 0x0,
    0x0, 0x9, 0xf2, 0xa, 0xf2, 0x0, 0x0, 0x0,
    0x0, 0x0, 0xf, 0xd0, 0x3, 0xfc, 0x0, 0x0,
    0xbe, 0x0, 0x0, 0xaf, 0x50, 0x0, 0x8f, 0xa0,
    0x0, 0x79, 0x0, 0x8, 0xfb, 0x0, 0x0, 0xa,
    0xfd, 0x60, 0x0, 0x4, 0xcf, 0xc1, 0x0, 0x0,
    0x0, 0x7f, 0xff, 0xdd, 0xff, 0xf9, 0x0, 0x0,
    0x0, 0x0, 0x1, 0x6a, 0xcd, 0xb7, 0x10, 0x0,
    0x0,

    /* U+F0647 "󰙇" */
    0x4, 0xff, 0xff, 0xb0, 0x2, 0xbd, 0xfb, 0x80,
    0x0, 0xb, 0xf3, 0x0, 0x2, 0xef, 0xff, 0x70,
    0xc, 0xff, 0xff, 0xf3, 0xf, 0xff, 0xff, 0xf7,
    0x1f, 0xff, 0xff, 0xf8, 0x1f, 0xff, 0xff, 0xf8,
    0x1f, 0xff, 0xff, 0xf8, 0x1f, 0xff, 0xff, 0xf8,
    0x1f, 0xff, 0xff, 0xf8, 0x1f, 0xff, 0xff, 0xf8,
    0x1f, 0xff, 0xff, 0xf8, 0x1f, 0xff, 0xff, 0xf8,
    0x1f, 0xff, 0xff, 0xf8, 0xf, 0xff, 0xff, 0xf6,
    0x4, 0xab, 0xbb, 0x80,

    /* U+F067E "󰙾" */
    0x0, 0x0, 0x0, 0x3, 0x9c, 0xc9, 0x30, 0x0,
    0x0, 0x0, 0x0, 0x0, 0x0, 0x8f, 0xfd, 0xdf,
    0xf8, 0x0, 0x0, 0x0, 0x0, 0x0, 0x7, 0xfa,
    0x10, 0x1, 0xaf, 0x70, 0x0, 0x0, 0x0, 0x4,
    0x8f, 0xa0, 0x0, 0x0, 0xa, 0xf1, 0x0, 0x0,
    0x0, 0xbf, 0xff, 0x20, 0x0, 0x0, 0x1, 0xf5,
    0x0, 0x0, 0x9, 0xf9, 0x21, 0x0, 0x0, 0x0,
    0x0, 0xdf, 0xd7, 0x0, 0xf, 0xc0, 0x0, 0x0,
    0x0, 0x0, 0x0, 0x8b, 0xdf, 0x80, 0x2f, 0x80,
    0x0, 0x1, 0x66, 0x20, 0x0, 0x0, 0xc, 0xf0,
    0xf, 0xb0, 0x0, 0x7, 0xfe, 0x0, 0x0, 0x0,
    0x8, 0xf2, 0xa, 0xf7, 0x0, 0xd, 0xf7, 0x0,
    0x0, 0x0, 0x1d, 0xf0, 0x1, 0xcf, 0x10, 0x4f,
    0xf1, 0x0, 0x20, 0xa, 0xff, 0x60, 0x0, 0x2,
    0x0, 0xbf, 0xff, 0x21, 0xe6, 0x9, 0xa4, 0x0,
    0x0, 0x0, 0x0, 0xaa, 0xf9, 0xa, 0xff, 0x10,
    0x0, 0x0, 0x0, 0x0, 0x0, 0x3, 0xf1, 0xf,
    0xff, 0x70, 0x0, 0x0, 0x0, 0x0, 0x0, 0x5,
    0x80, 0x1f, 0xff, 0x70, 0x0, 0x0, 0x0, 0x0,
    0x0, 0x6, 0x10, 0x7, 0xeb, 0x10, 0x0, 0x0,
    0x0, 0x0, 0x0, 0x1, 0x0, 0x0, 0x0, 0x0,
    0x0, 0x0,

    /* U+F067F "󰙿" */
    0x0, 0x0, 0x0, 0x3, 0x9c, 0xca, 0x40, 0x0,
    0x0, 0x0, 0x0, 0x0, 0x0, 0x8f, 0xfe, 0xdf,
    0xf9, 0x0, 0x0, 0x0, 0x0, 0x0, 0x6, 0xfa,
    0x10, 0x1, 0x9f, 0x80, 0x0, 0x0, 0x0, 0x4,
    0x8f, 0xb0, 0x0, 0x0, 0x9, 0xf1, 0x0, 0x0,
    0x0, 0xbf, 0xff, 0x20, 0x0, 0x0, 0x1, 0xf6,
    0x0, 0x0, 0x9, 0xf9, 0x21, 0x0, 0x0, 0x0,
    0x0, 0xcf, 0xd7, 0x0, 0xf, 0xc0, 0x0, 0x0,
    0x0, 0x0, 0x0, 0x8b, 0xdf, 0x80, 0x2f, 0x80,
    0x0, 0x0, 0x30, 0x0, 0x0, 0x0, 0xc, 0xf0,
    0xf, 0xb0, 0x35, 0x7, 0xf3, 0x0, 0x0, 0x0,
    0x8, 0xf2, 0xa, 0xf4, 0xbf, 0x6c, 0xf0, 0x0,
    0x0, 0x0, 0x1d, 0xf0, 0x1, 0xa3, 0x2e, 0xff,
    0xe9, 0xd7, 0x2, 0x9, 0xff, 0x60, 0x0, 0x0,
    0x3a, 0xff, 0xff, 0xe6, 0x2f, 0x58, 0xa4, 0x0,
    0x0, 0x8, 0xff, 0xff, 0xf9, 0x0, 0xbf, 0xe0,
    0x0, 0x0, 0x0, 0x3, 0x73, 0xdf, 0xef, 0x61,
    0xff, 0xf6, 0x0, 0x0, 0x0, 0x0, 0x1, 0xfa,
    0x2e, 0xa2, 0xff, 0xf6, 0x0, 0x0, 0x0, 0x0,
    0x1, 0xe4, 0x0, 0x0, 0x7e, 0xb0, 0x0, 0x0,
    0x0, 0x0, 0x0, 0x0, 0x0, 0x0, 0x0, 0x0,
    0x0, 0x0,

    /* U+F068A "󰚊" */
    0x0, 0x0, 0x0, 0x5, 0x82, 0x0, 0x0, 0x0,
    0x0, 0x0, 0x7, 0xdf, 0xff, 0xb4, 0x0, 0x0,
    0x0, 0x28, 0xff, 0xff, 0xff, 0xff, 0xd6, 0x0,
    0x1a, 0xff, 0xff, 0xff, 0xff, 0xff, 0xff, 0xe7,
    0x4f, 0xff, 0xff, 0xff, 0xcf, 0xff, 0xff, 0xfe,
    0x4f, 0xff, 0xff, 0xd2, 0x8, 0xff, 0xff, 0xfe,
    0x4f, 0xff, 0xfc, 0x10, 0x0, 0x5f, 0xff, 0xfe,
    0x4f, 0xff, 0x90, 0x0, 0x0, 0x2, 0xdf, 0xfe,
    0x4f, 0xfb, 0x40, 0x0, 0x0, 0x1, 0x6e, 0xfe,
    0x3f, 0xff, 0xe0, 0x0, 0x0, 0x4, 0xff, 0xfd,
    0x1f, 0xff, 0xe0, 0x6, 0xb0, 0x4, 0xff, 0xfb,
    0xd, 0xff, 0xe0, 0x9, 0xf0, 0x4, 0xff, 0xf7,
    0x8, 0xff, 0xe3, 0x3a, 0xf3, 0x36, 0xff, 0xf1,
    0x1, 0xff, 0xff, 0xff, 0xff, 0xff, 0xff, 0xa0,
    0x0, 0x7f, 0xff, 0xff, 0xff, 0xff, 0xff, 0x10,
    0x0, 0xa, 0xff, 0xff, 0xff, 0xff, 0xf4, 0x0,
    0x0, 0x0, 0xbf, 0xff, 0xff, 0xff, 0x50, 0x0,
    0x0, 0x0, 0x6, 0xff, 0xff, 0xc2, 0x0, 0x0,
    0x0, 0x0, 0x0, 0x6, 0x93, 0x0, 0x0, 0x0,

    /* U+F06A1 "󰚡" */
    0x0, 0x0, 0x0, 0x0, 0x0, 0x0, 0x0, 0x0,
    0x0, 0x0, 0x0, 0x0, 0x0, 0x9b, 0x0, 0x0,
    0x0, 0x0, 0x0, 0x0, 0x0, 0xa, 0xff, 0xc1,
    0x0, 0x0, 0x0, 0x0, 0x0, 0x0, 0xcf, 0x97,
    0xfd, 0x20, 0x0, 0x0, 0x0, 0x0, 0x1d, 0xf8,
    0x0, 0x5f, 0xe3, 0x0, 0x0, 0x0, 0x2, 0xef,
    0x60, 0x0, 0x4, 0xff, 0x40, 0x0, 0x0, 0x3e,
    0xf5, 0x0, 0x0, 0x0, 0x3e, 0xf5, 0x0, 0x4,
    0xff, 0xe0, 0x0, 0x0, 0x0, 0xb, 0xff, 0x70,
    0x5, 0x5d, 0xe0, 0x69, 0x99, 0x95, 0xb, 0xf5,
    0x51, 0x0, 0xb, 0xe0, 0x9f, 0xff, 0xf9, 0xb,
    0xe0, 0x0, 0x0, 0xb, 0xe0, 0x9f, 0x11, 0xf9,
    0xb, 0xe0, 0x0, 0x0, 0xb, 0xe0, 0x9f, 0x11,
    0xf9, 0xb, 0xe0, 0x0, 0x0, 0xb, 0xe0, 0x9f,
    0x11, 0xf9, 0xb, 0xe0, 0x0, 0x0, 0xb, 0xf9,
    0xdf, 0x11, 0xfd, 0x9e, 0xe0, 0x0, 0x0, 0xb,
    0xff, 0xff, 0x11, 0xff, 0xff, 0xe0, 0x0, 0x0,
    0x0, 0x0, 0x0, 0x0, 0x0, 0x0, 0x0, 0x0,

    /* U+F06A5 "󰚥" */
    0x4, 0xf5, 0x0, 0x4f, 0x50, 0x4, 0xf5, 0x0,
    0x4f, 0x50, 0x4, 0xf5, 0x0, 0x4f, 0x50, 0x2b,
    0xfc, 0xaa, 0xcf, 0xb2, 0xdf, 0xff, 0xff, 0xff,
    0xfd, 0xff, 0xff, 0xff, 0xff, 0xff, 0xff, 0xff,
    0xff, 0xff, 0xff, 0xff, 0xff, 0xff, 0xff, 0xff,
    0xff, 0xff, 0xff, 0xff, 0xff, 0xef, 0xff, 0xff,
    0xff, 0xfe, 0x2e, 0xff, 0xff, 0xff, 0xe2, 0x2,
    0xef, 0xff, 0xfe, 0x20, 0x0, 0x3f, 0xff, 0xf3,
    0x0, 0x0, 0xf, 0xff, 0xf1, 0x0, 0x0, 0xf,
    0xff, 0xf1, 0x0,

    /* U+F06A6 "󰚦" */
    0x0, 0x0, 0x0, 0x0, 0x0, 0x0, 0x0, 0x0,
    0x0, 0x0, 0x88, 0x0, 0x0, 0x0, 0x0, 0x0,
    0x0, 0x0, 0x0, 0x9, 0xf8, 0x0, 0x4f, 0x50,
    0x4, 0xf5, 0x0, 0x0, 0x0, 0x9, 0xf8, 0x3,
    0xf5, 0x0, 0x4f, 0x50, 0x0, 0x0, 0x0, 0x9,
    0xf8, 0x5, 0x50, 0x4, 0xf5, 0x0, 0x0, 0x0,
    0x0, 0x9, 0xf8, 0x1, 0xaa, 0xcf, 0xb2, 0x0,
    0x0, 0x0, 0x0, 0xe, 0xf8, 0x5, 0xff, 0xff,
    0xd0, 0x0, 0x0, 0x0, 0x0, 0xff, 0xf8, 0x5,
    0xff, 0xff, 0x0, 0x0, 0x0, 0x0, 0xf, 0xff,
    0xf8, 0x5, 0xff, 0xf0, 0x0, 0x0, 0x0, 0x0,
    0xff, 0xff, 0xf8, 0x5, 0xff, 0x0, 0x0, 0x0,
    0x0, 0xf, 0xff, 0xff, 0xf8, 0x5, 0xf0, 0x0,
    0x0, 0x0, 0x0, 0xef, 0xff, 0xff, 0xf8, 0x5,
    0x0, 0x0, 0x0, 0x0, 0x2, 0xef, 0xff, 0xff,
    0xf8, 0x0, 0x0, 0x0, 0x0, 0x0, 0x2, 0xef,
    0xff, 0xff, 0xf8, 0x0, 0x0, 0x0, 0x0, 0x0,
    0x3, 0xff, 0xff, 0x38, 0xf8, 0x0, 0x0, 0x0,
    0x0, 0x0, 0x1f, 0xff, 0xf1, 0x8, 0xf8, 0x0,
    0x0, 0x0, 0x0, 0x1, 0xff, 0xff, 0x10, 0x8,
    0xf8, 0x0, 0x0, 0x0, 0x0, 0x0, 0x0, 0x0,
    0x0, 0x8, 0xf3, 0x0, 0x0, 0x0, 0x0, 0x0,
    0x0, 0x0, 0x0, 0x3, 0x0,

    /* U+F06B0 "󰚰" */
    0x0, 0x0, 0x0, 0x0, 0x0, 0x0, 0x0, 0x0,
    0x0, 0x0, 0x5, 0xac, 0xc9, 0x40, 0x0, 0x25,
    0x0, 0x5, 0xef, 0xfe, 0xef, 0xfd, 0x32, 0xe7,
    0x0, 0x7f, 0xe6, 0x0, 0x1, 0x7f, 0xfe, 0xf7,
    0x4, 0xfc, 0x10, 0x0, 0x0, 0x3, 0xff, 0xf7,
    0xd, 0xf1, 0x0, 0xc, 0x40, 0xc, 0xff, 0xf7,
    0x3f, 0x80, 0x0, 0xe, 0x50, 0xbf, 0xff, 0xf6,
    0x6f, 0x40, 0x0, 0xe, 0x50, 0x0, 0x0, 0x0,
    0x8f, 0x20, 0x0, 0xe, 0x60, 0x0, 0x1, 0x62,
    0x6f, 0x30, 0x0, 0x8, 0xf9, 0x10, 0x5, 0xf5,
    0x4f, 0x70, 0x0, 0x0, 0x2c, 0xe1, 0x9, 0xf1,
    0xd, 0xe0, 0x0, 0x0, 0x0, 0x30, 0x1f, 0xc0,
    0x6, 0xfb, 0x0, 0x0, 0x0, 0x0, 0xcf, 0x40,
    0x0, 0x9f, 0xc3, 0x0, 0x0, 0x4d, 0xf7, 0x0,
    0x0, 0x7, 0xff, 0xdb, 0xbe, 0xff, 0x60, 0x0,
    0x0, 0x0, 0x28, 0xdf, 0xec, 0x81, 0x0, 0x0,
    0x0, 0x0, 0x0, 0x0, 0x0, 0x0, 0x0, 0x0,

    /* U+F06B5 "󰚵" */
    0x0, 0x7, 0xff, 0xff, 0xff, 0x70, 0x0, 0x0,
    0xc, 0xff, 0xff, 0xff, 0xd0, 0x0, 0x0, 0x2f,
    0xff, 0xff, 0xff, 0xf2, 0x0, 0x0, 0x7f, 0xff,
    0xff, 0xff, 0xf7, 0x0, 0x0, 0xcf, 0xff, 0xff,
    0xff, 0xfd, 0x0, 0x2, 0xff, 0xff, 0xff, 0xff,
    0xff, 0x20, 0x7, 0xff, 0xff, 0xff, 0xff, 0xff,
    0x70, 0xd, 0xff, 0xff, 0xff, 0xff, 0xff, 0xd0,
    0x2f, 0xff, 0xff, 0xff, 0xff, 0xff, 0xf2, 0x7f,
    0xff, 0xff, 0xff, 0xff, 0xff, 0xf8, 0x0, 0x0,
    0x0, 0x0, 0x0, 0x0, 0x0, 0x0, 0x0, 0x0,
    0xbb, 0x0, 0x0, 0x0, 0x0, 0x0, 0x0, 0xdd,
    0x0, 0x0, 0x0, 0x0, 0x0, 0x0, 0xdd, 0x0,
    0x0, 0x0, 0x0, 0x0, 0x0, 0xdd, 0x0, 0x0,
    0x0, 0x0, 0xbb, 0xbb, 0xff, 0xbb, 0xbb, 0x0,
    0x0, 0xff, 0xff, 0xff, 0xff, 0xff, 0x0,

    /* U+F06D9 "󰛙" */
    0x0, 0x0, 0x2, 0x30, 0x0, 0x0, 0x0, 0x0,
    0x8f, 0xfa, 0x10, 0x0, 0x0, 0x6e, 0xff, 0xff,
    0xf8, 0x0, 0x3c, 0xff, 0xff, 0xff, 0xff, 0xe5,
    0xbf, 0xff, 0xff, 0xff, 0xff, 0xfe, 0xbf, 0x88,
    0x88, 0x88, 0x88, 0xde, 0xbe, 0x2a, 0xaa, 0xaa,
    0xa4, 0xbe, 0xbe, 0x3f, 0xff, 0xff, 0xf6, 0xbe,
    0xbe, 0x2, 0x22, 0x22, 0x21, 0xbe, 0xbe, 0x3f,
    0xff, 0xff, 0xf6, 0xbe, 0xbe, 0x18, 0x88, 0x88,
    0x83, 0xbe, 0xbe, 0x2a, 0xaa, 0xaa, 0xa4, 0xbe,
    0xbe, 0x3f, 0xff, 0xff, 0xf6, 0xbe, 0x0, 0x0,
    0x0, 0x0, 0x0, 0x0,

    /* U+F06DA "󰛚" */
    0x0, 0x0, 0x2, 0x30, 0x0, 0x0, 0x0, 0x0,
    0x8f, 0xfa, 0x10, 0x0, 0x0, 0x6e, 0xff, 0xff,
    0xf8, 0x0, 0x3c, 0xff, 0xff, 0xff, 0xff, 0xe5,
    0xbf, 0xff, 0xff, 0xff, 0xff, 0xfe, 0xbf, 0x88,
    0x88, 0x88, 0x88, 0xde, 0xbe, 0x2a, 0xaa, 0xaa,
    0xa4, 0xbe, 0xbe, 0x3f, 0xff, 0xff, 0xf6, 0xbe,
    0xbe, 0x0, 0x0, 0x0, 0x0, 0xbe, 0xbe, 0x0,
    0x0, 0x0, 0x0, 0xbe, 0xbe, 0x0, 0x0, 0x0,
    0x0, 0xbe, 0xbe, 0x0, 0x0, 0x0, 0x0, 0xbe,
    0xbe, 0x0, 0x0, 0x0, 0x0, 0xbe, 0x0, 0x0,
    0x0, 0x0, 0x0, 0x0,

    /* U+F06E8 "󰛨" */
    0x0, 0x0, 0x0, 0x0, 0x6, 0x80, 0x0, 0x0,
    0x0, 0x0, 0x0, 0x0, 0x0, 0x0, 0xb, 0xe0,
    0x0, 0x0, 0x0, 0x0, 0x0, 0x0, 0x30, 0x0,
    0xa, 0xe0, 0x0, 0x1, 0x20, 0x0, 0x0, 0xa,
    0xf3, 0x0, 0x0, 0x0, 0x0, 0x1d, 0xe1, 0x0,
    0x0, 0x3, 0xe9, 0x0, 0x26, 0x63, 0x0, 0x6f,
    0x60, 0x0, 0x0, 0x0, 0x10, 0x1b, 0xff, 0xff,
    0xd2, 0x2, 0x0, 0x0, 0x0, 0x0, 0x0, 0xdf,
    0xff, 0xff, 0xfe, 0x10, 0x0, 0x0, 0x0, 0x0,
    0x7, 0xff, 0xff, 0xff, 0xff, 0xa0, 0x0, 0x0,
    0x8, 0x83, 0xc, 0xff, 0xff, 0xff, 0xff, 0xf0,
    0x8, 0x83, 0x1f, 0xf6, 0xd, 0xff, 0xff, 0xff,
    0xff, 0xf0, 0x1f, 0xf6, 0x1, 0x10, 0xc, 0xff,
    0xff, 0xff, 0xff, 0xf0, 0x1, 0x10, 0x0, 0x0,
    0x6, 0xff, 0xff, 0xff, 0xff, 0x90, 0x0, 0x0,
    0x0, 0x0, 0x0, 0xcf, 0xff, 0xff, 0xfe, 0x10,
    0x0, 0x0, 0x0, 0x0, 0x0, 0xb, 0xff, 0xff,
    0xd1, 0x0, 0x0, 0x0, 0x0, 0x0, 0x0, 0x6,
    0xff, 0xff, 0x90, 0x0, 0x0, 0x0, 0x0, 0x0,
    0x0, 0x4, 0xff, 0xff, 0x70, 0x0, 0x0, 0x0,
    0x0, 0x0, 0x0, 0x0, 0x12, 0x22, 0x0, 0x0,
    0x0, 0x0, 0x0, 0x0, 0x0, 0x0, 0x9f, 0xfc,
    0x0, 0x0, 0x0, 0x0, 0x0, 0x0, 0x0, 0x0,
    0x3a, 0xa5, 0x0, 0x0, 0x0, 0x0,

    /* U+F06E9 "󰛩" */
    0x0, 0x0, 0x0, 0x0, 0x6, 0x80, 0x0, 0x0,
    0x0, 0x0, 0x0, 0x0, 0x0, 0x0, 0xb, 0xe0,
    0x0, 0x0, 0x0, 0x0, 0x0, 0x0, 0x30, 0x0,
    0xa, 0xe0, 0x0, 0x1, 0x20, 0x0, 0x0, 0xb,
    0xf4, 0x0, 0x0, 0x0, 0x0, 0x1d, 0xe1, 0x0,
    0x0, 0x2, 0xe9, 0x0, 0x37, 0x74, 0x0, 0x6f,
    0x60, 0x0, 0x0, 0x0, 0x10, 0x2c, 0xff, 0xff,
    0xd3, 0x1, 0x0, 0x0, 0x0, 0x0, 0x0, 0xdf,
    0x94, 0x38, 0xff, 0x20, 0x0, 0x0, 0x0, 0x0,
    0x7, 0xf7, 0x0, 0x0, 0x4f, 0xa0, 0x0, 0x0,
    0x8, 0x83, 0xc, 0xf0, 0x0, 0x0, 0xc, 0xf0,
    0x8, 0x83, 0x1f, 0xf6, 0xd, 0xd0, 0x0, 0x0,
    0x9, 0xf0, 0x1f, 0xf6, 0x1, 0x10, 0xc, 0xf0,
    0x0, 0x0, 0xc, 0xf0, 0x1, 0x10, 0x0, 0x0,
    0x6, 0xf9, 0x0, 0x0, 0x6f, 0x90, 0x0, 0x0,
    0x0, 0x0, 0x0, 0xcf, 0xc2, 0xa, 0xfe, 0x10,
    0x0, 0x0, 0x0, 0x0, 0x0, 0xb, 0xf4, 0x1f,
    0xd2, 0x0, 0x0, 0x0, 0x0, 0x0, 0x0, 0x6,
    0xfb, 0x9f, 0x90, 0x0, 0x0, 0x0, 0x0, 0x0,
    0x0, 0x4, 0xff, 0xff, 0x80, 0x0, 0x0, 0x0,
    0x0, 0x0, 0x0, 0x0, 0x12, 0x22, 0x0, 0x0,
    0x0, 0x0, 0x0, 0x0, 0x0, 0x0, 0x9f, 0xfc,
    0x0, 0x0, 0x0, 0x0, 0x0, 0x0, 0x0, 0x0,
    0x3a, 0xa5, 0x0, 0x0, 0x0, 0x0,

    /* U+F0709 "󰜉" */
    0x0, 0x0, 0x0, 0x70, 0x0, 0x0, 0x0, 0x0,
    0x0, 0x7, 0xf0, 0x0, 0x0, 0x0, 0x0, 0x0,
    0x7f, 0xf1, 0x0, 0x0, 0x0, 0x0, 0x7, 0xff,
    0xff, 0xe9, 0x20, 0x0, 0x0, 0xc, 0xff, 0xf9,
    0xcf, 0xf5, 0x0, 0x0, 0x1, 0xcf, 0xf0, 0x3,
    0xdf, 0x30, 0x8, 0x0, 0x1c, 0xf0, 0x0, 0x2f,
    0xd0, 0x5f, 0x60, 0x1, 0xc0, 0x0, 0x8, 0xf4,
    0x9f, 0x20, 0x0, 0x10, 0x0, 0x3, 0xf7, 0xaf,
    0x0, 0x0, 0x0, 0x0, 0x1, 0xf9, 0x9f, 0x20,
    0x0, 0x0, 0x0, 0x2, 0xf7, 0x5f, 0x70, 0x0,
    0x0, 0x0, 0x7, 0xf4, 0xe, 0xe2, 0x0, 0x0,
    0x0, 0x2e, 0xd0, 0x5, 0xfd, 0x30, 0x0, 0x3,
    0xdf, 0x30, 0x0, 0x6f, 0xd0, 0x48, 0xcf, 0xf5,
    0x0, 0x0, 0x2, 0x50, 0xbf, 0xfa, 0x20, 0x0,
    0x0, 0x0, 0x0, 0x22, 0x0, 0x0, 0x0,

    /* U+F070D "󰜍" */
    0x0, 0x0, 0x1, 0x6a, 0xcd, 0xb7, 0x10, 0x0,
    0x0, 0x0, 0x0, 0x7f, 0xff, 0xdd, 0xff, 0xf9,
    0x0, 0x0, 0x0, 0x8, 0xfd, 0x50, 0x0, 0x4,
    0xcf, 0xb0, 0x0, 0x0, 0x1, 0x80, 0x3, 0x77,
    0x40, 0x7, 0x20, 0x0, 0x3, 0xb0, 0x1, 0xcf,
    0xff, 0xfd, 0x30, 0x9, 0x60, 0xa, 0xf2, 0xd,
    0xff, 0x96, 0xff, 0xe1, 0xf, 0xd0, 0xf, 0xb0,
    0x7f, 0xff, 0x86, 0xff, 0xfa, 0x9, 0xf2, 0x2f,
    0x80, 0xcf, 0xff, 0xff, 0xff, 0xff, 0x5, 0xf5,
    0x3f, 0x70, 0xef, 0xff, 0xff, 0xff, 0xff, 0x4,
    0xf6, 0x2f, 0x80, 0xcf, 0xff, 0xff, 0xff, 0xff,
    0x5, 0xf4, 0xf, 0xb0, 0x7f, 0xff, 0xff, 0xff,
    0xfa, 0x9, 0xf2, 0xa, 0xf2, 0xc, 0x36, 0xcc,
    0x71, 0xc1, 0xf, 0xd0, 0x3, 0xfc, 0x0, 0x0,
    0x0, 0x0, 0x0, 0xaf, 0x50, 0x0, 0x8f, 0xa0,
    0x0, 0x0, 0x0, 0x8, 0xfb, 0x0, 0x0, 0xa,
    0xfd, 0x60, 0x0, 0x5, 0xcf, 0xc1, 0x0, 0x0,
    0x0, 0x7f, 0xff, 0xdd, 0xff, 0xf9, 0x0, 0x0,
    0x0, 0x0, 0x1, 0x6a, 0xcd, 0xb7, 0x10, 0x0,
    0x0,

    /* U+F070E "󰜎" */
    0x0, 0x0, 0x0, 0x0, 0x3, 0x0, 0x0, 0x0,
    0x0, 0x0, 0x1, 0xef, 0xa0, 0x0, 0x0, 0x0,
    0x0, 0x4, 0xff, 0xf0, 0x0, 0x0, 0x0, 0x0,
    0x0, 0xcf, 0x80, 0x0, 0x0, 0x0, 0x0, 0x16,
    0x60, 0x0, 0x0, 0x0, 0x0, 0x4a, 0xff, 0xfa,
    0x0, 0x0, 0x0, 0xe, 0xff, 0xff, 0xff, 0x40,
    0x0, 0x0, 0xf, 0xc1, 0xef, 0xff, 0xe4, 0x0,
    0x0, 0xf, 0xa2, 0xff, 0xf8, 0xff, 0xb7, 0x0,
    0xf, 0xa5, 0xff, 0xf1, 0x2a, 0xfd, 0x0, 0x2,
    0x18, 0xff, 0xe0, 0x0, 0x1, 0x0, 0x0, 0xb,
    0xff, 0xfc, 0x0, 0x0, 0x13, 0x0, 0xf, 0xf3,
    0xef, 0x80, 0x0, 0x6f, 0xfc, 0xaf, 0xc0, 0x3f,
    0x90, 0x0, 0x38, 0xbe, 0xff, 0x80, 0x1f, 0x90,
    0x0, 0x0, 0x0, 0x14, 0x20, 0x1f, 0x90, 0x0,
    0x0, 0x0, 0x0, 0x0, 0x1f, 0x90, 0x0, 0x0,
    0x0, 0x0, 0x0, 0x1f, 0x90, 0x0, 0x0, 0x0,
    0x0, 0x0, 0x8, 0x40, 0x0,

    /* U+F0717 "󰜗" */
    0x0, 0x0, 0x0, 0x65, 0x38, 0x0, 0x0, 0x0,
    0x0, 0x0, 0x0, 0xef, 0xff, 0x30, 0x0, 0x0,
    0x0, 0x0, 0x0, 0x2e, 0xf4, 0x0, 0x0, 0x0,
    0x6, 0xe1, 0x0, 0xb, 0xe0, 0x0, 0xd, 0x90,
    0x6, 0xf5, 0x0, 0xc, 0xf1, 0x0, 0x2f, 0x90,
    0x8f, 0xff, 0x76, 0xef, 0xff, 0x76, 0xef, 0xfc,
    0x5a, 0x7d, 0xff, 0xe6, 0x4d, 0xff, 0xe7, 0x98,
    0x0, 0x0, 0xcf, 0x0, 0x0, 0xce, 0x0, 0x0,
    0x0, 0x0, 0xbe, 0x0, 0x0, 0xbe, 0x0, 0x0,
    0x0, 0x0, 0xcf, 0x0, 0x0, 0xce, 0x0, 0x0,
    0x5a, 0x7d, 0xff, 0xe6, 0x4d, 0xff, 0xe7, 0x98,
    0x8f, 0xff, 0x85, 0xef, 0xff, 0x76, 0xef, 0xfb,
    0x6, 0xf5, 0x0, 0xc, 0xf1, 0x0, 0x2f, 0x90,
    0x6, 0xe1, 0x0, 0xb, 0xe0, 0x0, 0xc, 0x90,
    0x0, 0x0, 0x0, 0x2e, 0xf4, 0x0, 0x0, 0x0,
    0x0, 0x0, 0x0, 0xef, 0xff, 0x30, 0x0, 0x0,
    0x0, 0x0, 0x0, 0x55, 0x38, 0x0, 0x0, 0x0,

    /* U+F072A "󰜪" */
    0x2d, 0xff, 0xff, 0xff, 0xff, 0xff, 0xd2, 0x9f,
    0xde, 0xfc, 0xff, 0xff, 0xff, 0xfa, 0xaf, 0x14,
    0xa0, 0xef, 0xff, 0xff, 0xfb, 0xaf, 0x8b, 0xe7,
    0xff, 0xff, 0xff, 0xfb, 0xaf, 0xff, 0xff, 0xff,
    0xff, 0xff, 0xfb, 0xaf, 0xff, 0xc5, 0x11, 0x4b,
    0xff, 0xfb, 0xaf, 0xf8, 0x0, 0x0, 0x0, 0x8f,
    0xfb, 0xaf, 0xb0, 0x0, 0x0, 0x1, 0xb, 0xfb,
    0xaf, 0x40, 0x0, 0x0, 0x7d, 0x4, 0xfb, 0xaf,
    0x10, 0x0, 0x6, 0xff, 0x31, 0xfb, 0xaf, 0x0,
    0x0, 0x6f, 0xff, 0x30, 0xfb, 0xaf, 0x30, 0x6,
    0xff, 0xfe, 0x3, 0xfb, 0xaf, 0x90, 0xd, 0xff,
    0xe3, 0x9, 0xfb, 0xaf, 0xf4, 0x0, 0x44, 0x10,
    0x4f, 0xfb, 0xaf, 0xff, 0x60, 0x0, 0x6, 0xff,
    0xfb, 0x9f, 0xff, 0xfe, 0xcc, 0xef, 0xff, 0xfa,
    0x2d, 0xff, 0xff, 0xff, 0xff, 0xff, 0xd2,

    /* U+F075A "󰝚" */
    0x0, 0x0, 0x0, 0x0, 0x0, 0x0, 0x15, 0x8c,
    0x80, 0x0, 0x0, 0x0, 0x4, 0x7b, 0xef, 0xff,
    0xf9, 0x0, 0x0, 0x9, 0xdf, 0xff, 0xff, 0xff,
    0xff, 0x90, 0x0, 0x1, 0xff, 0xff, 0xfd, 0x96,
    0x31, 0xf9, 0x0, 0x0, 0x1f, 0xd7, 0x30, 0x0,
    0x0, 0x1f, 0x90, 0x0, 0x1, 0xf9, 0x0, 0x0,
    0x0, 0x1, 0xf9, 0x0, 0x0, 0x1f, 0x90, 0x0,
    0x0, 0x0, 0x1f, 0x90, 0x0, 0x1, 0xf9, 0x0,
    0x0, 0x3, 0x76, 0xf9, 0x0, 0x0, 0x1f, 0x90,
    0x0, 0x6, 0xff, 0xff, 0x90, 0x8, 0xcb, 0xf9,
    0x0, 0x0, 0xff, 0xff, 0xf9, 0xb, 0xff, 0xff,
    0x90, 0x0, 0x2f, 0xff, 0xff, 0x81, 0xff, 0xff,
    0xf9, 0x0, 0x0, 0xff, 0xff, 0xf5, 0x2f, 0xff,
    0xff, 0x80, 0x0, 0x5, 0xff, 0xf9, 0x0, 0xcf,
    0xff, 0xf2, 0x0, 0x0, 0x1, 0x42, 0x0, 0x1,
    0xbf, 0xd4, 0x0, 0x0, 0x0, 0x0, 0x0, 0x0,

    /* U+F0769 "󰝩" */
    0x0, 0x0, 0x0, 0x22, 0x0, 0x0, 0x0, 0x0,
    0x0, 0x0, 0xbe, 0x0, 0x0, 0x0, 0x0, 0x0,
    0x0, 0xbe, 0x0, 0x0, 0x0, 0x0, 0x0, 0x0,
    0xbe, 0x0, 0x0, 0x0, 0x0, 0x0, 0x0, 0xbe,
    0x0, 0x0, 0x0, 0x0, 0x8, 0xff, 0xff, 0xff,
    0xb0, 0x0, 0x0, 0x1f, 0xff, 0xff, 0xff, 0xf3,
    0x0, 0x0, 0x8f, 0xff, 0xff, 0xff, 0xfb, 0x0,
    0x1, 0xff, 0xff, 0xff, 0xff, 0xff, 0x30, 0x8,
    0xff, 0xff, 0xff, 0xff, 0xff, 0xb0, 0x1f, 0xff,
    0xff, 0xff, 0xff, 0xff, 0xf3, 0x39, 0x99, 0x99,
    0x99, 0x99, 0x99, 0x95, 0x0, 0x0, 0x5, 0xaa,
    0x70, 0x0, 0x0, 0x0, 0x0, 0x2, 0xef, 0x40,
    0x0, 0x0, 0x0, 0x0, 0x0, 0x0, 0x0, 0x0,
    0x0,

    /* U+F078D "󰞍" */
    0x0, 0x0, 0x7, 0x50, 0x0, 0x2, 0x93, 0x0,
    0x0, 0xa, 0xab, 0xff, 0xfe, 0xbb, 0xdf, 0xff,
    0xda, 0xa5, 0x1f, 0xfe, 0xb5, 0x6c, 0xef, 0xd9,
    0x48, 0xdf, 0xf8, 0x0, 0x0, 0x0, 0x0, 0x0,
    0x0, 0x0, 0x0, 0x0, 0x0, 0x0, 0x0, 0x0,
    0x0, 0x0, 0x0, 0x0, 0x0, 0x0, 0x0, 0x7,
    0x50, 0x0, 0x2, 0x93, 0x0, 0x0, 0xa, 0xab,
    0xff, 0xfe, 0xbb, 0xdf, 0xff, 0xda, 0xa5, 0x1f,
    0xfe, 0xb5, 0x6c, 0xef, 0xd9, 0x48, 0xdf, 0xf8,
    0x0, 0x0, 0x0, 0x0, 0x0, 0x0, 0x0, 0x0,
    0x0, 0x0, 0x0, 0x0, 0x0, 0x0, 0x0, 0x0,
    0x0, 0x0, 0x0, 0x0, 0x7, 0x50, 0x0, 0x2,
    0x93, 0x0, 0x0, 0xa, 0xab, 0xff, 0xfe, 0xbb,
    0xdf, 0xff, 0xda, 0xa5, 0x1f, 0xfe, 0xb5, 0x6c,
    0xef, 0xd9, 0x48, 0xdf, 0xf8, 0x0, 0x0, 0x0,
    0x0, 0x0, 0x0, 0x0, 0x0, 0x0,

    /* U+F07AE "󰞮" */
    0x0, 0x0, 0x0, 0x0, 0x0, 0x0, 0x3, 0x0,
    0x0, 0x0, 0x0, 0x0, 0x0, 0x0, 0x6, 0xef,
    0xd0, 0x0, 0x0, 0x0, 0x0, 0x0, 0x4, 0xdf,
    0xff, 0xf8, 0x0, 0x0, 0x0, 0x0, 0x2, 0xaf,
    0xff, 0xff, 0xff, 0x10, 0x0, 0x0, 0x0, 0x8f,
    0xff, 0xff, 0xff, 0xff, 0x50, 0x0, 0x0, 0xb,
    0xff, 0xff, 0xff, 0xff, 0xfe, 0x10, 0x0, 0x0,
    0xf, 0xff, 0xff, 0xff, 0xff, 0x91, 0x0, 0x4,
    0x68, 0x19, 0xff, 0xff, 0xff, 0xff, 0x20, 0x0,
    0x1f, 0xff, 0x81, 0xef, 0xff, 0xff, 0xff, 0x40,
    0x0, 0x8, 0xff, 0xf2, 0x5f, 0xf7, 0x6f, 0xfc,
    0x0, 0x0, 0x0, 0xef, 0xf5, 0x0, 0x0, 0x9,
    0xf1, 0x0, 0x0, 0x0, 0x5f, 0x90, 0x0, 0x0,
    0x9, 0xf1, 0x0, 0x0, 0x0, 0x9, 0x0, 0x0,
    0x0, 0x9, 0xfa, 0x99, 0x92, 0x0, 0x0, 0x0,
    0x0, 0x0, 0x2, 0xef, 0xff, 0xf3, 0x0, 0x0,
    0x0, 0x0, 0x0, 0x0, 0x0, 0x0, 0x0,

    /* U+F07E4 "󰟤" */
    0x8, 0xaa, 0x60, 0x8a, 0xa8, 0x0, 0x0, 0x7,
    0xff, 0xf9, 0x7f, 0xff, 0xf7, 0x0, 0x0, 0x9f,
    0x10, 0x9, 0xf1, 0x1f, 0x90, 0x0, 0x9, 0xf1,
    0x0, 0x9f, 0x11, 0xf9, 0x9f, 0xf9, 0x9f, 0x10,
    0x9, 0xf1, 0x1f, 0x93, 0x47, 0xf9, 0xf1, 0x0,
    0x9f, 0x11, 0xf9, 0x3, 0x7f, 0x9f, 0x10, 0x9,
    0xf1, 0x1f, 0x97, 0xff, 0x96, 0xff, 0xf9, 0x6f,
    0xff, 0xf6, 0xa8, 0x0, 0x5, 0x77, 0x40, 0x47,
    0x74, 0xa, 0xff, 0xe0, 0x0, 0x0, 0x0, 0x0,
    0x0, 0x34, 0x44,

    /* U+F07E7 "󰟧" */
    0x6, 0xef, 0xff, 0xff, 0xff, 0xff, 0xff, 0xff,
    0xb0, 0xf, 0xff, 0xff, 0xfe, 0xcb, 0xdf, 0xff,
    0xff, 0xf7, 0x1f, 0xff, 0xfd, 0x50, 0x0, 0x2,
    0x9f, 0xff, 0xf9, 0x1f, 0xff, 0xb0, 0x0, 0x0,
    0x0, 0x5, 0xff, 0xf9, 0x1f, 0xfd, 0x0, 0x0,
    0x0, 0x0, 0x0, 0x6f, 0xf9, 0x1f, 0xf4, 0x0,
    0x0, 0x0, 0x0, 0x0, 0xd, 0xf9, 0x1f, 0xd0,
    0x0, 0x0, 0x0, 0x0, 0x0, 0x6, 0xf9, 0x1f,
    0xa0, 0x39, 0x20, 0x0, 0x0, 0x77, 0x3, 0xf9,
    0x1f, 0x90, 0xbf, 0xa0, 0x0, 0x3, 0xff, 0x21,
    0xf9, 0x1f, 0xa0, 0x5c, 0x40, 0x0, 0x0, 0xba,
    0x3, 0xf9, 0x1f, 0xd0, 0x0, 0x0, 0x0, 0x0,
    0x0, 0x6, 0xf9, 0x1f, 0xf4, 0x0, 0x0, 0x0,
    0x0, 0x0, 0xd, 0xf9, 0x1f, 0xfd, 0x0, 0x0,
    0x0, 0x0, 0x0, 0x6f, 0xf9, 0x1f, 0xff, 0xb0,
    0x0, 0x0, 0x0, 0x5, 0xff, 0xf9, 0x1f, 0xff,
    0xfd, 0x50, 0x0, 0x2, 0x9f, 0xff, 0xf9, 0xf,
    0xff, 0xff, 0xff, 0xcb, 0xdf, 0xff, 0xff, 0xf7,
    0x5, 0xef, 0xff, 0xff, 0xff, 0xff, 0xff, 0xff,
    0xb1,

    /* U+F07F4 "󰟴" */
    0x0, 0x0, 0x6, 0x90, 0x0, 0x1, 0xb3, 0x0,
    0x0, 0x0, 0x0, 0xb, 0xf9, 0x0, 0x1d, 0xf7,
    0x0, 0x0, 0x0, 0x0, 0x0, 0xbf, 0xa1, 0xdf,
    0x70, 0x0, 0x0, 0x4, 0xaa, 0xaa, 0xbf, 0xff,
    0xfe, 0xaa, 0xaa, 0x60, 0xf, 0xff, 0xff, 0xff,
    0xff, 0xff, 0xff, 0xff, 0xf3, 0x1f, 0x80, 0x0,
    0x0, 0x0, 0x0, 0x5, 0xf2, 0xf5, 0x1f, 0x80,
    0x0, 0x0, 0x0, 0x0, 0x5, 0xf4, 0xf5, 0x1f,
    0x80, 0x0, 0x0, 0x0, 0x0, 0x5, 0xfd, 0xf5,
    0x1f, 0x80, 0x0, 0x0, 0x0, 0x0, 0x5, 0xf0,
    0xf5, 0x1f, 0x80, 0x0, 0x0, 0x0, 0x0, 0x5,
    0xff, 0xf5, 0x1f, 0x80, 0x0, 0x0, 0x0, 0x0,
    0x5, 0xff, 0xf5, 0x1f, 0x80, 0x0, 0x0, 0x0,
    0x0, 0x5, 0xff, 0xf5, 0x1f, 0x80, 0x0, 0x0,
    0x0, 0x0, 0x5, 0xff, 0xf5, 0xf, 0xda, 0xaa,
    0xaa, 0xaa, 0xaa, 0xac, 0xff, 0xf4, 0x8, 0xff,
    0xff, 0xff, 0xff, 0xff, 0xff, 0xff, 0xb0,

    /* U+F081A "󰠚" */
    0x6f, 0xff, 0xff, 0xff, 0xf8, 0xf, 0xea, 0xaa,
    0xaa, 0xad, 0xf0, 0xfa, 0x0, 0x0, 0x0, 0x9f,
    0x1f, 0xa0, 0x0, 0x0, 0x9, 0xf1, 0xfa, 0x0,
    0x0, 0x0, 0x9f, 0x1f, 0xa0, 0x0, 0x0, 0x9,
    0xf1, 0xfa, 0x0, 0x0, 0x85, 0x9f, 0x1f, 0xa0,
    0x0, 0x1f, 0x99, 0xf1, 0xfa, 0x0, 0x0, 0x10,
    0x9f, 0x1f, 0xa0, 0x0, 0x0, 0x9, 0xf1, 0xfa,
    0x0, 0x0, 0x0, 0x9f, 0x1f, 0xa0, 0x0, 0x0,
    0x9, 0xf1, 0xfa, 0x0, 0x0, 0x0, 0x9f, 0x1f,
    0xea, 0xaa, 0xaa, 0xad, 0xf1, 0xff, 0xff, 0xff,
    0xff, 0xff, 0x10,

    /* U+F081B "󰠛" */
    0x0, 0x0, 0x0, 0x1, 0xcf, 0xff, 0xff, 0xfe,
    0x30, 0x0, 0x0, 0x0, 0x6, 0xfb, 0xaa, 0xaa,
    0xaf, 0xb0, 0x0, 0x0, 0x0, 0x7, 0xf3, 0x0,
    0x0, 0xf, 0xb0, 0x0, 0x0, 0x0, 0x7, 0xf3,
    0x0, 0x0, 0xf, 0xb0, 0x0, 0x0, 0x0, 0x7,
    0xf3, 0x0, 0x0, 0xf, 0xb0, 0x0, 0x0, 0x0,
    0x7, 0xf3, 0x0, 0x0, 0xf, 0xb0, 0x0, 0x0,
    0x0, 0x7, 0xf3, 0x0, 0x38, 0x2f, 0xb0, 0x0,
    0x0, 0x0, 0x7, 0xf3, 0x0, 0x7f, 0x3f, 0xb0,
    0x0, 0x0, 0x0, 0x7, 0xf3, 0x0, 0x1, 0xf,
    0xb0, 0x0, 0x0, 0x0, 0x7, 0xf3, 0x0, 0x0,
    0xf, 0xb0, 0x0, 0x0, 0x0, 0x7, 0xf3, 0x0,
    0x0, 0xf, 0xb0, 0x0, 0x0, 0x0, 0x7, 0xf3,
    0x0, 0x0, 0xf, 0xb0, 0x0, 0x0, 0x0, 0x7,
    0xf3, 0x0, 0x0, 0xf, 0xb0, 0x1b, 0xbb, 0xbb,
    0xbd, 0xfc, 0xbb, 0xbb, 0xbf, 0xe6, 0x1f, 0xff,
    0xff, 0xff, 0xff, 0xff, 0xff, 0xff, 0xf8,

    /* U+F081C "󰠜" */
    0x0, 0x0, 0x0, 0x1, 0xac, 0xcc, 0xcc, 0xca,
    0x10, 0x0, 0x11, 0x11, 0x19, 0xfe, 0xee, 0xee,
    0xef, 0x90, 0x4, 0xff, 0xff, 0xff, 0xf0, 0x0,
    0x0, 0xf, 0xb0, 0x4, 0xff, 0xff, 0xff, 0xf0,
    0x0, 0x0, 0xf, 0xb0, 0x4, 0xff, 0xff, 0xff,
    0xf0, 0x0, 0x0, 0xf, 0xb0, 0x4, 0xff, 0xff,
    0xff, 0xf0, 0x0, 0x0, 0xf, 0xb0, 0x4, 0xfe,
    0xef, 0xff, 0xf0, 0x0, 0x0, 0xf, 0xb0, 0x4,
    0xf5, 0x1f, 0xff, 0xf0, 0x0, 0x0, 0xf, 0xb0,
    0x4, 0xfc, 0xbf, 0xff, 0xf0, 0x0, 0x0, 0xf,
    0xb0, 0x4, 0xff, 0xff, 0xff, 0xf0, 0x0, 0x0,
    0xf, 0xb0, 0x4, 0xff, 0xff, 0xff, 0xf0, 0x0,
    0x0, 0xf, 0xb0, 0x4, 0xff, 0xff, 0xff, 0xf0,
    0x0, 0x0, 0xf, 0xb0, 0x4, 0xff, 0xff, 0xff,
    0xf0, 0x0, 0x0, 0xf, 0xb0, 0x1c, 0xff, 0xff,
    0xff, 0xfb, 0xaa, 0xaa, 0xaf, 0xe6, 0x1f, 0xff,
    0xff, 0xff, 0xff, 0xff, 0xff, 0xff, 0xf8,

    /* U+F081D "󰠝" */
    0x0, 0x0, 0x0, 0x1, 0x9c, 0xb5, 0x0, 0x0,
    0x0, 0x0, 0x0, 0x0, 0xd, 0xff, 0xff, 0x60,
    0x0, 0x0, 0xc, 0x70, 0x0, 0x4f, 0xff, 0xff,
    0x90, 0x0, 0x0, 0xa, 0xf7, 0x0, 0x5f, 0xff,
    0xff, 0x30, 0x0, 0x0, 0x0, 0xaf, 0x70, 0x3f,
    0xff, 0xd2, 0x0, 0x0, 0x0, 0x5, 0xff, 0xf7,
    0x6, 0xff, 0x40, 0x0, 0x0, 0x0, 0xe, 0xff,
    0xff, 0x70, 0x6f, 0x73, 0x9c, 0xdb, 0x30, 0x2f,
    0xff, 0xff, 0xf7, 0x6, 0xff, 0xff, 0xff, 0xe1,
    0x2f, 0xff, 0xff, 0xff, 0x70, 0x6f, 0xff, 0xff,
    0xf5, 0xd, 0xff, 0xff, 0xff, 0xf7, 0x5, 0xdf,
    0xff, 0xf6, 0x2, 0xbe, 0xeb, 0x56, 0xff, 0x70,
    0xb, 0xff, 0xf3, 0x0, 0x0, 0x0, 0x1, 0xff,
    0xf7, 0x1, 0xdf, 0x90, 0x0, 0x0, 0x0, 0xb,
    0xff, 0xff, 0x70, 0x0, 0x0, 0x0, 0x0, 0x0,
    0xdf, 0xff, 0xff, 0xf7, 0x0, 0x0, 0x0, 0x0,
    0x6, 0xff, 0xff, 0xf6, 0xaf, 0x70, 0x0, 0x0,
    0x0, 0x4, 0xff, 0xff, 0xf1, 0xa, 0xf6, 0x0,
    0x0, 0x0, 0x0, 0x5b, 0xdb, 0x30, 0x0, 0x92,
    0x0,

    /* U+F081F "󰠟" */
    0x0, 0x0, 0x0, 0x0, 0x1e, 0xe5, 0x0, 0x0,
    0x0, 0x0, 0x0, 0x0, 0x1, 0xff, 0x60, 0x0,
    0x0, 0x0, 0x0, 0x0, 0x0, 0x1f, 0xf6, 0x0,
    0x0, 0x0, 0x0, 0x3, 0x99, 0x1, 0xff, 0x60,
    0x0, 0x0, 0x0, 0x0, 0x6f, 0xf1, 0x1f, 0xf6,
    0x0, 0x0, 0x0, 0x0, 0x6, 0xff, 0x11, 0xff,
    0x60, 0x0, 0x0, 0x13, 0x30, 0x6f, 0xf1, 0x1f,
    0xf6, 0x23, 0x33, 0x18, 0xff, 0x6, 0xff, 0x11,
    0xff, 0x62, 0xef, 0xf6, 0x8f, 0xf0, 0x6e, 0xf1,
    0x1f, 0xf4, 0x8, 0xff, 0x68, 0xff, 0x4, 0x15,
    0x11, 0xf5, 0x7, 0xfd, 0xe6, 0x8f, 0xf0, 0x1,
    0x0, 0x15, 0x6, 0xfc, 0x12, 0x48, 0xfc, 0x2,
    0xeb, 0x10, 0x6, 0xfc, 0x10, 0x0, 0x8c, 0x12,
    0xef, 0xfe, 0x36, 0xfc, 0x10, 0x0, 0x4, 0x2,
    0xef, 0x47, 0xff, 0xfc, 0x10, 0x0, 0x0, 0x2,
    0xef, 0x40, 0x4, 0xfc, 0x10, 0x0, 0x0, 0x1,
    0xde, 0x40, 0x0, 0x2, 0x10, 0x0, 0x0, 0x0,

    /* U+F0849 "󰡉" */
    0x0, 0x0, 0x0, 0x0, 0x4c, 0xd9, 0x0, 0x0,
    0x0, 0x0, 0x0, 0x0, 0x0, 0x3, 0xff, 0xff,
    0xa0, 0x0, 0x0, 0x0, 0x0, 0x2a, 0xc6, 0x9,
    0xff, 0xff, 0xf1, 0x1b, 0xb3, 0x0, 0x1, 0xef,
    0xfb, 0x9, 0xff, 0xff, 0xf0, 0x4f, 0xfe, 0x10,
    0x4, 0xff, 0xfe, 0x3, 0xff, 0xff, 0xa0, 0x8f,
    0xff, 0x40, 0x1, 0xff, 0xff, 0x60, 0x4c, 0xd9,
    0x0, 0xff, 0xff, 0x20, 0x0, 0x5e, 0xfc, 0x10,
    0x0, 0x0, 0x0, 0x8f, 0xf6, 0x0, 0x0, 0x0,
    0x0, 0x1, 0x58, 0x87, 0x30, 0x0, 0x0, 0x0,
    0x0, 0x55, 0x1, 0xaf, 0xff, 0xff, 0xfd, 0x40,
    0x35, 0x0, 0x4e, 0xf2, 0xc, 0xff, 0xff, 0xff,
    0xff, 0xf4, 0x1f, 0xe4, 0xef, 0xf0, 0x2f, 0xff,
    0xff, 0xff, 0xff, 0xf9, 0xf, 0xfe, 0xff, 0xf0,
    0x3f, 0xff, 0xff, 0xff, 0xff, 0xfa, 0xe, 0xff,
    0x0, 0x0, 0x0, 0x0, 0x0, 0x0, 0x0, 0x0,
    0x0, 0x0,

    /* U+F0874 "󰡴" */
    0x0, 0x0, 0x1, 0x6a, 0xcd, 0xb7, 0x10, 0x0,
    0x0, 0x0, 0x0, 0x7f, 0xff, 0xdd, 0xff, 0xf9,
    0x0, 0x0, 0x0, 0xa, 0xfd, 0x50, 0x0, 0x4,
    0xcf, 0xc1, 0x0, 0x0, 0x9f, 0xa0, 0x16, 0x0,
    0x62, 0x8, 0xfb, 0x0, 0x3, 0xfc, 0x0, 0x4f,
    0x20, 0xf7, 0x0, 0xaf, 0x50, 0xa, 0xf2, 0x0,
    0x1, 0x0, 0x10, 0x0, 0xf, 0xd0, 0xf, 0xb0,
    0xb9, 0x0, 0x1, 0x5, 0xcf, 0x19, 0xf2, 0x2f,
    0x80, 0x65, 0x3, 0xff, 0xef, 0xf9, 0x5, 0xf4,
    0x3f, 0x60, 0x0, 0x8, 0xff, 0xe6, 0x10, 0x4,
    0xf6, 0x2f, 0x80, 0x0, 0x3, 0xff, 0x50, 0x0,
    0x5, 0xf4, 0xf, 0xb0, 0x0, 0x0, 0x1, 0x0,
    0x0, 0x9, 0xf2, 0xa, 0xf2, 0x0, 0x0, 0x11,
    0x0, 0x0, 0xe, 0xd0, 0x3, 0xfb, 0x2, 0x9e,
    0xff, 0xfa, 0x30, 0x9f, 0x50, 0x0, 0x8f, 0xbf,
    0xff, 0xff, 0xff, 0xfb, 0xfb, 0x0, 0x0, 0xa,
    0xff, 0xff, 0xff, 0xff, 0xff, 0xc1, 0x0, 0x0,
    0x0, 0x7f, 0xff, 0xff, 0xff, 0xf9, 0x0, 0x0,
    0x0, 0x0, 0x1, 0x6a, 0xcd, 0xb7, 0x10, 0x0,
    0x0,

    /* U+F0875 "󰡵" */
    0x0, 0x0, 0x1, 0x6a, 0xcd, 0xb7, 0x10, 0x0,
    0x0, 0x0, 0x0, 0x7f, 0xff, 0xdd, 0xff, 0xf9,
    0x0, 0x0, 0x0, 0xa, 0xfd, 0x50, 0x0, 0x4,
    0xcf, 0xc1, 0x0, 0x0, 0x9f, 0xa0, 0x17, 0x0,
    0x51, 0x8, 0xfb, 0x0, 0x3, 0xfc, 0x0, 0x5f,
    0x60, 0xf7, 0x0, 0xaf, 0x50, 0xa, 0xf2, 0x0,
    0xf, 0xc0, 0x10, 0x0, 0xf, 0xd0, 0xf, 0xb0,
    0xb9, 0x9, 0xf3, 0x0, 0x6d, 0x9, 0xf2, 0x2f,
    0x80, 0x65, 0x4, 0xff, 0x50, 0x38, 0x5, 0xf4,
    0x3f, 0x60, 0x0, 0x8, 0xff, 0xb0, 0x0, 0x4,
    0xf6, 0x2f, 0x80, 0x0, 0x3, 0xff, 0x50, 0x0,
    0x5, 0xf4, 0xf, 0xb0, 0x0, 0x0, 0x1, 0x0,
    0x0, 0x9, 0xf2, 0xa, 0xf2, 0x0, 0x0, 0x11,
    0x0, 0x0, 0xe, 0xd0, 0x3, 0xfb, 0x2, 0x9e,
    0xff, 0xfa, 0x30, 0x9f, 0x50, 0x0, 0x8f, 0xbf,
    0xff, 0xff, 0xff, 0xfb, 0xfb, 0x0, 0x0, 0xa,
    0xff, 0xff, 0xff, 0xff, 0xff, 0xc1, 0x0, 0x0,
    0x0, 0x7f, 0xff, 0xff, 0xff, 0xf9, 0x0, 0x0,
    0x0, 0x0, 0x1, 0x6a, 0xcd, 0xb7, 0x10, 0x0,
    0x0,

    /* U+F0898 "󰢘" */
    0x0, 0x0, 0x0, 0x48, 0xb6, 0x0, 0x1, 0x8e,
    0xff, 0x80, 0x0, 0x3e, 0xff, 0xf9, 0x0, 0x3,
    0xff, 0xff, 0xf2, 0x0, 0xe, 0xff, 0xff, 0xfd,
    0x20, 0x7f, 0xff, 0xff, 0xff, 0xe1, 0xcf, 0xff,
    0xee, 0xff, 0xf8, 0xef, 0xfb, 0x0, 0xbf, 0xfd,
    0xff, 0xf5, 0x0, 0x5f, 0xff, 0xdf, 0xfb, 0x0,
    0xbf, 0xfe, 0x8f, 0xff, 0xee, 0xff, 0xfc, 0x1e,
    0xff, 0xff, 0xff, 0xf7, 0x2, 0xcf, 0xff, 0xff,
    0xe0, 0x0, 0x2f, 0xff, 0xff, 0x30, 0x0, 0x9f,
    0xff, 0xe3, 0x0, 0x8, 0xff, 0xf8, 0x10, 0x0,
    0x6b, 0x84, 0x0, 0x0, 0x0,

    /* U+F08DD "󰣝" */
    0x5, 0xdd, 0xdd, 0xb0, 0x0, 0xaf, 0xff, 0xff,
    0x10, 0xe, 0xff, 0xff, 0xf6, 0x3, 0xff, 0xff,
    0xff, 0xb0, 0x8f, 0xff, 0xff, 0xff, 0xc, 0xff,
    0xff, 0xff, 0xf4, 0x0, 0x0, 0x10, 0x0, 0x0,
    0x0, 0x9f, 0x0, 0x0, 0x0, 0x9, 0xf0, 0x0,
    0x0, 0x0, 0x9f, 0x0, 0x0, 0x0, 0x9, 0xf0,
    0x0, 0x0, 0x0, 0x9f, 0x0, 0x0, 0x0, 0x9,
    0xf0, 0x0, 0x0, 0x0, 0x9f, 0x0, 0x0, 0x0,
    0x9, 0xf0, 0x0, 0x1, 0xbb, 0xef, 0xbb, 0x60,
    0x1f, 0xff, 0xff, 0xf8, 0x0,

    /* U+F0914 "󰤔" */
    0x0, 0x0, 0xaa, 0xaa, 0xaa, 0x70, 0x0, 0x0,
    0x0, 0x0, 0x0, 0xff, 0xff, 0xff, 0xa0, 0x0,
    0x0, 0x0, 0x0, 0x0, 0x0, 0x7f, 0x20, 0x0,
    0x0, 0x0, 0x0, 0x0, 0x96, 0x0, 0x7f, 0x20,
    0x0, 0x0, 0x0, 0x0, 0x2, 0xff, 0xf9, 0xaf,
    0x20, 0x0, 0x0, 0x0, 0x0, 0x8, 0xff, 0xff,
    0xff, 0xc9, 0x64, 0x0, 0x6, 0xe7, 0xe, 0xff,
    0xff, 0xff, 0xff, 0xff, 0xf6, 0x5, 0xd5, 0x5f,
    0xff, 0xff, 0xff, 0xff, 0xff, 0xf3, 0x0, 0x0,
    0x7f, 0xff, 0xff, 0xff, 0xff, 0xff, 0xd0, 0x0,
    0x0, 0x1, 0x7d, 0xff, 0xff, 0xff, 0xff, 0x60,
    0x0, 0x0, 0x0, 0x0, 0x4d, 0xff, 0xff, 0xff,
    0x0, 0x1, 0x0, 0x0, 0x0, 0x1, 0xaf, 0xff,
    0xf9, 0x0, 0xd, 0xc4, 0x0, 0x0, 0x0, 0x6,
    0xff, 0xf2, 0x0, 0x9, 0xf7, 0x0, 0x0, 0x0,
    0x0, 0x3b, 0xc0, 0x0, 0x0, 0x0, 0x0, 0x0,
    0x0, 0x0, 0x0, 0x0, 0x0, 0x0, 0x0, 0x0,
    0x0, 0x0, 0x0, 0x0, 0x5, 0x60, 0x0, 0x0,
    0x0, 0x0, 0x0, 0x0, 0x0, 0xc, 0xf0, 0x0,
    0x0, 0x0, 0x0, 0x0, 0x0, 0x0, 0x5, 0x81,
    0x0, 0x0,

    /* U+F091C "󰤜" */
    0x0, 0x0, 0x0, 0x0, 0x0, 0x0, 0x0, 0x0,
    0x0, 0x1f, 0xff, 0xb0, 0x0, 0x0, 0x0, 0x8,
    0xff, 0xff, 0x30, 0x0, 0x0, 0x0, 0xef, 0xff,
    0xfa, 0x0, 0x0, 0x0, 0x6f, 0xff, 0xff, 0xf1,
    0x0, 0x0, 0xd, 0xff, 0xff, 0xff, 0x80, 0x0,
    0x4, 0xff, 0xff, 0xff, 0xfe, 0x0, 0x0, 0xcf,
    0xff, 0xff, 0xff, 0xf6, 0x0, 0x6, 0x66, 0x66,
    0x66, 0x66, 0x57, 0xb0, 0x0, 0x0, 0xb7, 0x0,
    0x0, 0xaf, 0x0, 0x0, 0xf, 0xa0, 0x0, 0xa,
    0xf3, 0x33, 0x33, 0xfa, 0x0, 0x0, 0xaf, 0xff,
    0xff, 0xff, 0xa0, 0x0, 0xa, 0xf7, 0x77, 0x77,
    0x74, 0x0, 0x0, 0xaf, 0x0, 0x0, 0x0, 0x0,
    0x0, 0xa, 0xf0, 0x0, 0x0, 0x0, 0x0, 0x0,

    /* U+F099D "󰦝" */
    0x0, 0x0, 0x0, 0x2, 0x50, 0x0, 0x0, 0x0,
    0x0, 0x0, 0x4, 0xbf, 0xfe, 0x81, 0x0, 0x0,
    0x0, 0x5, 0xcf, 0xff, 0xff, 0xff, 0xa3, 0x0,
    0x7, 0xef, 0xff, 0xff, 0xff, 0xff, 0xff, 0xc5,
    0x4f, 0xff, 0xff, 0xff, 0xff, 0xff, 0xff, 0xfe,
    0x4f, 0xff, 0xff, 0xfa, 0x8d, 0xff, 0xff, 0xfe,
    0x4f, 0xff, 0xff, 0x53, 0x60, 0xaf, 0xff, 0xfe,
    0x4f, 0xff, 0xfe, 0xf, 0xf6, 0x4f, 0xff, 0xfe,
    0x4f, 0xff, 0xfd, 0xd, 0xd6, 0x3f, 0xff, 0xfe,
    0x3f, 0xff, 0xf1, 0x0, 0x0, 0x6, 0xff, 0xfd,
    0x1f, 0xff, 0xe0, 0x0, 0x0, 0x3, 0xff, 0xfb,
    0xe, 0xff, 0xe0, 0x0, 0x0, 0x3, 0xff, 0xf8,
    0x8, 0xff, 0xe0, 0x0, 0x0, 0x4, 0xff, 0xf2,
    0x2, 0xff, 0xf5, 0x22, 0x22, 0x29, 0xff, 0xc0,
    0x0, 0x8f, 0xff, 0xff, 0xff, 0xff, 0xff, 0x20,
    0x0, 0xc, 0xff, 0xff, 0xff, 0xff, 0xf6, 0x0,
    0x0, 0x1, 0xdf, 0xff, 0xff, 0xff, 0x70, 0x0,
    0x0, 0x0, 0x9, 0xff, 0xff, 0xe4, 0x0, 0x0,
    0x0, 0x0, 0x0, 0x39, 0xc6, 0x0, 0x0, 0x0,

    /* U+F09A0 "󰦠" */
    0x0, 0x0, 0x0, 0x0, 0x0, 0x0, 0x4, 0xa8,
    0x10, 0x0, 0x0, 0x0, 0x0, 0x0, 0x0, 0x4f,
    0xff, 0xd0, 0x0, 0x0, 0x0, 0x0, 0x0, 0x3d,
    0xff, 0x37, 0xf4, 0x0, 0x0, 0x0, 0x0, 0x0,
    0xef, 0xff, 0x95, 0xf5, 0x0, 0x0, 0x0, 0x0,
    0x0, 0x77, 0x77, 0x55, 0xf5, 0x0, 0x0, 0x0,
    0x0, 0x0, 0x0, 0x0, 0x5, 0xf5, 0x0, 0x0,
    0x0, 0x0, 0x0, 0x0, 0x0, 0x5, 0xf5, 0x0,
    0x0, 0x0, 0x0, 0x0, 0x0, 0x0, 0x5, 0xf5,
    0x3a, 0xaa, 0xaa, 0xaa, 0xaa, 0xaa, 0xaa, 0xab,
    0xf5, 0x5f, 0xff, 0xff, 0xff, 0xff, 0xff, 0xff,
    0xff, 0xf5, 0x8, 0xf3, 0x0, 0x0, 0x0, 0x0,
    0x0, 0x3f, 0x80, 0x6, 0xf4, 0x0, 0x0, 0x0,
    0x0, 0x0, 0x4f, 0x60, 0x2, 0xfc, 0x0, 0x0,
    0x0, 0x0, 0x0, 0xcf, 0x20, 0x0, 0x8f, 0xea,
    0xaa, 0xaa, 0xaa, 0xae, 0xf8, 0x0, 0x0, 0x8,
    0xff, 0xff, 0xff, 0xff, 0xff, 0x80, 0x0, 0x0,
    0x8, 0xf2, 0x0, 0x0, 0x0, 0x2f, 0x80, 0x0,
    0x0, 0x8, 0xa0, 0x0, 0x0, 0x0, 0xa, 0x80,
    0x0,

    /* U+F09ED "󰧭" */
    0x2d, 0xff, 0xff, 0xff, 0xff, 0xff, 0xff, 0xd2,
    0x9f, 0xba, 0xaa, 0xaa, 0xaa, 0xaa, 0xab, 0xf8,
    0x9f, 0x10, 0x0, 0x0, 0x0, 0x0, 0x1, 0xf9,
    0x9f, 0x13, 0xaa, 0xaa, 0xaa, 0xaa, 0x1, 0xf9,
    0x9f, 0x14, 0xff, 0xff, 0xff, 0xff, 0x11, 0xf9,
    0x9f, 0x10, 0x0, 0x0, 0x0, 0x0, 0x1, 0xf9,
    0x9f, 0x12, 0x88, 0x88, 0x88, 0x88, 0x1, 0xf9,
    0x9f, 0x14, 0xff, 0xff, 0xff, 0xff, 0x11, 0xf9,
    0x9f, 0x10, 0x11, 0x11, 0x11, 0x11, 0x1, 0xf9,
    0x9f, 0x10, 0x0, 0x0, 0x0, 0x0, 0x1, 0xf9,
    0x9f, 0x14, 0xff, 0xff, 0xf9, 0x0, 0x1, 0xf9,
    0x9f, 0x13, 0xaa, 0xaa, 0xa6, 0x0, 0x1, 0xf9,
    0x9f, 0x10, 0x0, 0x0, 0x0, 0x0, 0x1, 0xf9,
    0x9f, 0xba, 0xaa, 0xaa, 0xaa, 0xaa, 0xab, 0xf8,
    0x2d, 0xff, 0xff, 0xff, 0xff, 0xff, 0xff, 0xd2,

    /* U+F09EE "󰧮" */
    0x2d, 0xff, 0xff, 0xff, 0xe4, 0x0, 0x0, 0x9f,
    0xaa, 0xaa, 0xab, 0xff, 0x30, 0x0, 0xaf, 0x0,
    0x0, 0x2, 0xff, 0xf3, 0x0, 0xaf, 0x0, 0x0,
    0x2, 0xff, 0xff, 0x30, 0xaf, 0x0, 0x0, 0x2,
    0xff, 0xff, 0xf3, 0xaf, 0x0, 0x0, 0x2, 0xdd,
    0xdd, 0xfa, 0xaf, 0x0, 0x0, 0x0, 0x0, 0x0,
    0xfa, 0xaf, 0x0, 0x0, 0x0, 0x0, 0x0, 0xfa,
    0xaf, 0x0, 0x99, 0x99, 0x99, 0x50, 0xfa, 0xaf,
    0x1, 0xff, 0xff, 0xff, 0x80, 0xfa, 0xaf, 0x0,
    0x0, 0x0, 0x0, 0x0, 0xfa, 0xaf, 0x0, 0x0,
    0x0, 0x0, 0x0, 0xfa, 0xaf, 0x1, 0xff, 0xfd,
    0x0, 0x0, 0xfa, 0xaf, 0x0, 0xaa, 0xa8, 0x0,
    0x0, 0xfa, 0xaf, 0x0, 0x0, 0x0, 0x0, 0x0,
    0xfa, 0x9f, 0xbb, 0xbb, 0xbb, 0xbb, 0xbb, 0xfa,
    0x2d, 0xff, 0xff, 0xff, 0xff, 0xff, 0xd2,

    /* U+F0A70 "󰩰" */
    0x6b, 0x0, 0xb6, 0xa, 0x80, 0x0, 0x5, 0x91,
    0x9f, 0x10, 0xf9, 0xe, 0xb0, 0x0, 0xcf, 0xf2,
    0x9f, 0x10, 0xf9, 0xe, 0xb0, 0xa, 0xff, 0xf2,
    0x9f, 0x10, 0xf9, 0xe, 0xb0, 0xf, 0xff, 0xf2,
    0x9f, 0x10, 0xf9, 0xe, 0xb0, 0xf, 0xff, 0xf2,
    0x9f, 0x10, 0xf9, 0xe, 0xb0, 0xf, 0xff, 0xf2,
    0x8f, 0xee, 0xff, 0xdf, 0xa0, 0xf, 0xff, 0xf2,
    0x3f, 0xff, 0xff, 0xff, 0x60, 0xf, 0xff, 0xf2,
    0x7, 0xff, 0xff, 0xfb, 0x0, 0xf, 0xff, 0xf2,
    0x0, 0x28, 0xfe, 0x40, 0x0, 0xf, 0xff, 0xf2,
    0x0, 0x4, 0xfc, 0x0, 0x0, 0x4, 0x4e, 0xf2,
    0x0, 0x4, 0xfc, 0x0, 0x0, 0x0, 0xe, 0xf2,
    0x0, 0x4, 0xfc, 0x0, 0x0, 0x0, 0xe, 0xf2,
    0x0, 0x4, 0xfc, 0x0, 0x0, 0x0, 0xe, 0xf2,
    0x0, 0x4, 0xfc, 0x0, 0x0, 0x0, 0xe, 0xf2,
    0x0, 0x4, 0xfc, 0x0, 0x0, 0x0, 0xe, 0xf2,
    0x0, 0x4, 0xfc, 0x0, 0x0, 0x0, 0xd, 0xf2,

    /* U+F0A72 "󰩲" */
    0x1d, 0xdd, 0xdd, 0xd8, 0x37, 0x0, 0x0, 0x0,
    0x0, 0x1f, 0xff, 0xff, 0xfb, 0x3f, 0xe4, 0x0,
    0x0, 0x0, 0x1f, 0xff, 0xff, 0xfa, 0x3b, 0x30,
    0x0, 0x0, 0x0, 0x1f, 0xff, 0xff, 0xf6, 0x0,
    0x0, 0x0, 0x0, 0x0, 0x1f, 0xff, 0xff, 0xd0,
    0x0, 0x0, 0x0, 0x10, 0x0, 0x1f, 0xff, 0xfe,
    0x36, 0x10, 0x0, 0x0, 0x90, 0x0, 0x1e, 0xfe,
    0x91, 0x6f, 0x60, 0x0, 0x2, 0xf0, 0x0, 0x0,
    0x0, 0x0, 0x6b, 0xb0, 0x0, 0xb, 0xf0, 0x0,
    0xd, 0xf9, 0x0, 0x0, 0x10, 0x0, 0x4f, 0xf0,
    0x0, 0x5, 0xf2, 0x0, 0x0, 0x0, 0x0, 0xcf,
    0xfb, 0xb3, 0x0, 0x70, 0x0, 0x0, 0x0, 0x5,
    0xff, 0xff, 0xd0, 0x0, 0x0, 0x0, 0x0, 0x0,
    0xb, 0xde, 0xff, 0x50, 0x0, 0x0, 0x0, 0x0,
    0x0, 0x0, 0x9, 0xfc, 0x0, 0x0, 0x0, 0x0,
    0x0, 0x0, 0x0, 0x9, 0xf3, 0x0, 0x0, 0x0,
    0x0, 0x0, 0x0, 0x0, 0x9, 0xa0, 0x0, 0x0,
    0x0, 0x0, 0x0, 0x0, 0x0, 0x9, 0x20, 0x0,
    0x0, 0x0, 0x0, 0x0, 0x0, 0x0, 0x3, 0x0,
    0x0,

    /* U+F0AAC "󰪬" */
    0x2d, 0xff, 0xff, 0xff, 0xff, 0xff, 0xd2, 0x9f,
    0xde, 0xfc, 0xff, 0xff, 0xff, 0xfa, 0xaf, 0x14,
    0xa0, 0xef, 0xff, 0xff, 0xfa, 0xaf, 0xce, 0xfb,
    0xff, 0xff, 0xff, 0xfa, 0xaf, 0xff, 0xff, 0xff,
    0xff, 0xff, 0xfa, 0xaf, 0x0, 0x0, 0x0, 0x0,
    0x0, 0xfa, 0xaf, 0x0, 0x0, 0x0, 0x0, 0x0,
    0xfa, 0xaf, 0x0, 0x0, 0x77, 0x0, 0x0, 0xfa,
    0xaf, 0x0, 0x1, 0xff, 0x20, 0x0, 0xfa, 0xaf,
    0x0, 0x9, 0xff, 0xa0, 0x0, 0xfa, 0xaf, 0x0,
    0xf, 0xff, 0xf1, 0x0, 0xfa, 0xaf, 0x0, 0x2f,
    0xff, 0xf2, 0x0, 0xfa, 0xaf, 0x0, 0xd, 0xff,
    0xd0, 0x0, 0xfa, 0xaf, 0x0, 0x1, 0x88, 0x10,
    0x0, 0xfa, 0xaf, 0x0, 0x0, 0x0, 0x0, 0x0,
    0xfa, 0x9f, 0xbb, 0xbb, 0xbb, 0xbb, 0xbb, 0xfa,
    0x2d, 0xff, 0xff, 0xff, 0xff, 0xff, 0xd2,

    /* U+F0AD7 "󰫗" */
    0x3, 0x99, 0x99, 0x99, 0x99, 0x99, 0x99, 0x99,
    0x70, 0xe, 0xff, 0xff, 0xff, 0xff, 0xff, 0xff,
    0xff, 0xf6, 0x1f, 0xf9, 0x3f, 0xd2, 0xcf, 0x45,
    0xfc, 0x3f, 0xf8, 0x1f, 0xf6, 0xf, 0xb0, 0x9f,
    0x1, 0xf9, 0xe, 0xf8, 0x1f, 0xf7, 0xf, 0xc0,
    0x9f, 0x11, 0xfa, 0xf, 0xf8, 0x1f, 0xfe, 0xcf,
    0xfb, 0xff, 0xdd, 0xff, 0xcf, 0xf8, 0x1f, 0xff,
    0xff, 0xff, 0xff, 0xff, 0xff, 0xff, 0xf8, 0x1f,
    0x90, 0x0, 0x0, 0x0, 0x0, 0x0, 0x1, 0xf8,
    0x1b, 0x60, 0x0, 0x0, 0x0, 0x0, 0x0, 0x0,
    0xb6,

    /* U+F0AD8 "󰫘" */
    0x7, 0x60, 0x44, 0x0, 0xb, 0x50, 0x0, 0xb6,
    0x0, 0xa, 0xf6, 0x2, 0x0, 0x8f, 0x60, 0x8,
    0xf7, 0x0, 0x0, 0xaf, 0x60, 0x1, 0xfd, 0x0,
    0x1f, 0xd0, 0x0, 0x0, 0xb, 0xf6, 0x0, 0xbf,
    0x30, 0xa, 0xf4, 0x0, 0x0, 0x3, 0xff, 0x60,
    0x2f, 0xb0, 0x3, 0xfc, 0x0, 0x0, 0xb, 0xfc,
    0xf6, 0x7, 0x30, 0xb, 0xf4, 0x0, 0x0, 0x1c,
    0x90, 0xaf, 0x60, 0x0, 0xa, 0x90, 0x0, 0x0,
    0x0, 0x0, 0xa, 0xf6, 0x0, 0x0, 0x0, 0x0,
    0x3, 0x99, 0x99, 0x9a, 0xff, 0x60, 0x29, 0xa9,
    0x70, 0xe, 0xff, 0xff, 0xff, 0xff, 0xf6, 0x7,
    0xff, 0xf6, 0x1f, 0xf9, 0x3f, 0xd2, 0xcf, 0xcf,
    0x60, 0x3f, 0xf8, 0x1f, 0xf6, 0xf, 0xb0, 0x9f,
    0x1a, 0xf6, 0x7, 0xf9, 0x1f, 0xf7, 0xf, 0xc0,
    0x9f, 0x14, 0xff, 0x60, 0x78, 0x1f, 0xfe, 0xcf,
    0xfb, 0xff, 0xce, 0xff, 0xf6, 0x2, 0x1f, 0xff,
    0xff, 0xff, 0xff, 0xff, 0xff, 0xff, 0x60, 0x1f,
    0x90, 0x0, 0x0, 0x0, 0x0, 0x0, 0xa, 0xf5,
    0x1b, 0x60, 0x0, 0x0, 0x0, 0x0, 0x0, 0x0,
    0xb6,

    /* U+F0B6C "󰭬" */
    0x0, 0x7e, 0xee, 0xee, 0xee, 0xee, 0xe6, 0x0,
    0x1, 0xf7, 0x55, 0x55, 0x55, 0x55, 0x8f, 0x0,
    0x6, 0xf0, 0x0, 0x0, 0x0, 0x0, 0xf, 0x50,
    0xb, 0xa0, 0x0, 0x0, 0x0, 0x0, 0xa, 0xb0,
    0x1f, 0x50, 0x0, 0x0, 0x0, 0x0, 0x5, 0xf0,
    0x6f, 0xba, 0xaa, 0xaa, 0xaa, 0xaa, 0xab, 0xf5,
    0x9f, 0xff, 0xff, 0xff, 0xff, 0xff, 0xff, 0xf9,
    0x9f, 0x61, 0xbf, 0xff, 0xff, 0xf9, 0x7, 0xf9,
    0x9f, 0x20, 0x8f, 0xff, 0xff, 0xf4, 0x2, 0xf9,
    0x9f, 0xd9, 0xff, 0xff, 0xff, 0xfe, 0x8d, 0xf9,
    0x9f, 0xff, 0xff, 0xff, 0xff, 0xff, 0xff, 0xf9,
    0x9f, 0xff, 0xff, 0xff, 0xff, 0xff, 0xff, 0xf9,
    0x9f, 0xe0, 0x0, 0x0, 0x0, 0x0, 0xe, 0xf9,
    0x3a, 0x60, 0x0, 0x0, 0x0, 0x0, 0x6, 0xa3,
    0x0, 0x0, 0x0, 0x4, 0x0, 0x0, 0x0, 0x0,
    0x0, 0x0, 0x0, 0xe, 0xc5, 0x0, 0x0, 0x0,
    0x0, 0x0, 0x6c, 0xdf, 0xff, 0xd5, 0x0, 0x0,
    0x0, 0x0, 0x1, 0x9f, 0xb0, 0x0, 0x0, 0x0,
    0x0, 0x0, 0x0, 0x1, 0x50, 0x0, 0x0, 0x0,

    /* U+F0BC2 "󰯂" */
    0x0, 0x1, 0xae, 0xff, 0xff, 0xff, 0xff, 0xfc,
    0x30, 0x0, 0xa, 0xff, 0xff, 0xff, 0xff, 0xff,
    0xdf, 0xe0, 0x0, 0xe, 0xff, 0xff, 0xff, 0xff,
    0xff, 0x7, 0xf3, 0x0, 0xe, 0xfb, 0x66, 0x66,
    0x6b, 0xfe, 0x2, 0x61, 0x0, 0xe, 0xf9, 0x0,
    0x0, 0x9, 0xfe, 0x0, 0x0, 0x0, 0xe, 0xff,
    0xff, 0xff, 0xff, 0xfe, 0x0, 0x0, 0x0, 0xe,
    0xfd, 0xbb, 0xbb, 0xcf, 0xfe, 0x0, 0x0, 0x0,
    0xe, 0xf9, 0x0, 0x0, 0x6f, 0xfe, 0x0, 0x0,
    0x0, 0xe, 0xfb, 0x55, 0x55, 0x9f, 0xfe, 0x0,
    0x0, 0x0, 0xe, 0xff, 0xff, 0xff, 0xff, 0xfe,
    0x0, 0x0, 0x0, 0xe, 0xff, 0xff, 0xff, 0xff,
    0xfe, 0x0, 0x0, 0x0, 0xe, 0xff, 0xff, 0xff,
    0xff, 0xfe, 0x0, 0x0, 0x0, 0x0, 0x0, 0x0,
    0x0, 0x0, 0xbe, 0x0, 0x0, 0x26, 0x66, 0x66,
    0x66, 0x66, 0x50, 0x25, 0x0, 0x0, 0x6f, 0xff,
    0xff, 0xff, 0xff, 0xf5, 0x0, 0x0, 0x0, 0x2f,
    0xff, 0xff, 0xff, 0xff, 0xff, 0xc6, 0x0, 0x0,
    0x5, 0xdf, 0xff, 0xff, 0xff, 0xfe, 0xa1, 0x0,
    0x0,

    /* U+F0D38 "󰴸" */
    0x0, 0x0, 0x39, 0x99, 0x99, 0x99, 0x99, 0x70,
    0x0, 0x0, 0xef, 0xff, 0xff, 0xff, 0xff, 0xf7,
    0x0, 0x1, 0xff, 0xff, 0xb1, 0x4f, 0xff, 0xf9,
    0x14, 0x11, 0xff, 0xff, 0x20, 0xa, 0xff, 0xf9,
    0x6f, 0x41, 0xff, 0xff, 0x40, 0xc, 0xff, 0xf9,
    0x6f, 0x41, 0xff, 0xff, 0xf9, 0xcf, 0xff, 0xf9,
    0x6f, 0x41, 0xff, 0xff, 0xff, 0xff, 0xff, 0xf9,
    0x6f, 0x41, 0xff, 0xfd, 0x52, 0x38, 0xff, 0xf9,
    0x6f, 0x41, 0xff, 0xb0, 0x1, 0x0, 0x3f, 0xf9,
    0x6f, 0x41, 0xff, 0x11, 0xcf, 0xf5, 0x7, 0xf9,
    0x6f, 0x41, 0xfb, 0x8, 0xff, 0xff, 0x2, 0xf9,
    0x6f, 0x41, 0xfa, 0xb, 0xff, 0xff, 0x21, 0xf9,
    0x6f, 0x41, 0xfd, 0x7, 0xff, 0xfe, 0x4, 0xf9,
    0x6f, 0x41, 0xff, 0x50, 0x7c, 0xa2, 0xc, 0xf9,
    0x6f, 0x41, 0xff, 0xf5, 0x0, 0x1, 0xaf, 0xf9,
    0x6f, 0x40, 0xff, 0xff, 0xda, 0xbf, 0xff, 0xf8,
    0x6f, 0x40, 0x8f, 0xff, 0xff, 0xff, 0xff, 0xe2,
    0x6f, 0x40, 0x0, 0x0, 0x0, 0x0, 0x0, 0x0,
    0x6f, 0x74, 0x44, 0x44, 0x44, 0x44, 0x10, 0x0,
    0x2f, 0xff, 0xff, 0xff, 0xff, 0xff, 0x30, 0x0,
    0x2, 0x56, 0x66, 0x66, 0x66, 0x66, 0x10, 0x0,

    /* U+F0D3E "󰴾" */
    0x0, 0xb, 0xff, 0xff, 0xff, 0xb0, 0x0, 0x0,
    0x3f, 0xdb, 0xbb, 0xbd, 0xf3, 0x0, 0x0, 0x2a,
    0x21, 0x77, 0x11, 0xa2, 0x0, 0x0, 0x0, 0x5,
    0xff, 0x50, 0x0, 0x0, 0x0, 0x0, 0x9, 0xff,
    0x90, 0x0, 0x0, 0xb, 0xff, 0xff, 0xff, 0xff,
    0xff, 0xb0, 0x2f, 0xfe, 0xee, 0xee, 0xee, 0xef,
    0xf2, 0x4e, 0x30, 0x13, 0x10, 0x31, 0x3, 0xe4,
    0x0, 0x0, 0x9f, 0x22, 0xf9, 0x0, 0x0, 0x0,
    0x0, 0xdf, 0x66, 0xfd, 0x0, 0x0, 0x0, 0x1,
    0xfa, 0xdd, 0xaf, 0x10, 0x0, 0x0, 0x5, 0xf5,
    0xbc, 0x5f, 0x50, 0x0, 0x0, 0x9, 0xf8, 0x99,
    0x8f, 0xa0, 0x0, 0x0, 0xe, 0xfc, 0x0, 0xdf,
    0xe0, 0x0, 0x0, 0x2f, 0xf3, 0x0, 0x4f, 0xf2,
    0x0, 0x0, 0x6f, 0x90, 0x0, 0x9, 0xf6, 0x0,
    0x0, 0xaf, 0x0, 0x0, 0x0, 0xea, 0x0,

    /* U+F0D43 "󰵃" */
    0x0, 0x2, 0xdf, 0xff, 0xff, 0xff, 0xfe, 0x70,
    0x0, 0x0, 0xa, 0xfb, 0xbb, 0xbb, 0xbb, 0xbd,
    0xf1, 0x0, 0x0, 0xb, 0xe0, 0x0, 0x0, 0x0,
    0x8, 0xf2, 0x0, 0x7, 0x7d, 0xe0, 0x0, 0x0,
    0x2, 0x6c, 0xf6, 0x0, 0x1f, 0xff, 0xe0, 0x0,
    0x4, 0xcf, 0xff, 0xff, 0xe4, 0x1, 0x3d, 0xe0,
    0x2d, 0xff, 0xfa, 0x42, 0x37, 0xd7, 0x1, 0xb,
    0xe0, 0x2d, 0xc8, 0x20, 0x1, 0x0, 0x0, 0x1f,
    0xff, 0xe0, 0x0, 0x0, 0x6c, 0xff, 0xfe, 0x91,
    0x7, 0x9e, 0xe0, 0x37, 0xae, 0xfe, 0xb9, 0xad,
    0xf8, 0x0, 0xb, 0xe0, 0x6f, 0xfc, 0x60, 0x0,
    0x0, 0x31, 0x1c, 0xce, 0xe0, 0x2, 0x0, 0x28,
    0xcd, 0xc9, 0x40, 0xb, 0xef, 0xe0, 0x13, 0x5b,
    0xff, 0xff, 0xff, 0xf7, 0x0, 0xc, 0xe0, 0x6f,
    0xff, 0xd6, 0x10, 0x4, 0xa5, 0x0, 0xb, 0xe0,
    0x39, 0x84, 0x0, 0x2, 0x40, 0x0, 0x0, 0xb,
    0xe0, 0x0, 0x0, 0x0, 0x8, 0xf2, 0x0, 0x0,
    0xa, 0xfb, 0xbb, 0xbb, 0xbb, 0xbd, 0xf1, 0x0,
    0x0, 0x3, 0xdf, 0xff, 0xff, 0xff, 0xfe, 0x80,
    0x0,

    /* U+F0D91 "󰶑" */
    0x0, 0x0, 0x0, 0x14, 0x0, 0x0, 0x0, 0x0,
    0x0, 0x0, 0x0, 0x0, 0xe, 0xf9, 0x0, 0xa,
    0x27, 0x45, 0xa0, 0x0, 0x0, 0x1, 0xff, 0xc0,
    0x0, 0xc5, 0x8a, 0x2d, 0x10, 0x0, 0x0, 0x15,
    0x92, 0x0, 0x8, 0xa2, 0xf7, 0x0, 0x0, 0x38,
    0xdf, 0xb0, 0x0, 0x0, 0x2f, 0x43, 0xdf, 0x13,
    0xef, 0xff, 0xff, 0x50, 0x0, 0x0, 0x6f, 0x60,
    0x20, 0x4f, 0xa6, 0xff, 0xfe, 0x0, 0x0, 0x0,
    0x5e, 0xea, 0x4, 0xf2, 0x6f, 0xfe, 0xfb, 0x88,
    0x40, 0x0, 0x5, 0x80, 0x4f, 0x2a, 0xff, 0x4c,
    0xff, 0xf7, 0x0, 0x0, 0x0, 0x4, 0xc2, 0xef,
    0xf0, 0x0, 0x0, 0x0, 0x0, 0x0, 0x0, 0x0,
    0x2f, 0xff, 0x40, 0x0, 0x0, 0x0, 0x0, 0x0,
    0x0, 0x6, 0xff, 0xfc, 0x0, 0x0, 0x0, 0x0,
    0x0, 0x0, 0x0, 0xaf, 0xaf, 0xf5, 0x0, 0x0,
    0x0, 0x0, 0x0, 0x0, 0xe, 0xf1, 0x7f, 0xd0,
    0x0, 0x0, 0x0, 0x0, 0x0, 0x2, 0xfb, 0x0,
    0xbf, 0x0, 0x0, 0x0, 0x0, 0x0, 0x0, 0x7f,
    0x60, 0x7, 0xf0, 0x0, 0x0, 0x0, 0x0, 0x0,
    0xb, 0xf1, 0x0, 0x7f, 0x0, 0x0, 0x0, 0x0,
    0x0, 0x0, 0xeb, 0x0, 0x7, 0xf0, 0x0, 0x0,
    0x0, 0x0, 0x0, 0x2f, 0x50, 0x0, 0x7f, 0x0,
    0x0, 0x0, 0x0, 0x0, 0x0,

    /* U+F0E66 "󰹦" */
    0x0, 0x0, 0x0, 0x0, 0x0, 0x0, 0x1, 0x23,
    0x10, 0x0, 0x0, 0x0, 0x0, 0x0, 0x18, 0xdf,
    0xff, 0x80, 0x0, 0x37, 0x64, 0x0, 0x3, 0xef,
    0xff, 0xff, 0x60, 0x0, 0x7f, 0xff, 0xf5, 0xd,
    0xff, 0xff, 0xff, 0x30, 0x0, 0x3f, 0xff, 0xff,
    0x8f, 0xfa, 0xef, 0xfe, 0x0, 0x0, 0xe, 0xff,
    0x7c, 0xff, 0xb5, 0xff, 0xf8, 0x0, 0x0, 0x7,
    0xff, 0xe2, 0xff, 0x3c, 0xff, 0xd0, 0x0, 0x0,
    0x0, 0x8f, 0xf3, 0xcf, 0x2f, 0xfb, 0x10, 0x0,
    0x0, 0x0, 0x0, 0x20, 0xbe, 0x3, 0x10, 0x0,
    0x0, 0x0, 0x0, 0x0, 0x0, 0xbe, 0x0, 0x0,
    0x0, 0x0, 0x0, 0x0, 0x0, 0x0, 0xbe, 0x0,
    0x0, 0x0, 0x0, 0x0, 0x0, 0x0, 0x0, 0x79,
    0x0, 0x0, 0x0, 0x0, 0x0, 0x0, 0x2, 0x46,
    0x77, 0x65, 0x20, 0x0, 0x0, 0x1, 0x5a, 0xef,
    0xff, 0xff, 0xff, 0xff, 0xb6, 0x20, 0x2f, 0xff,
    0xff, 0xff, 0xff, 0xff, 0xff, 0xff, 0xf5, 0x2d,
    0xdd, 0xdd, 0xdd, 0xdd, 0xdd, 0xdd, 0xdd, 0xd5,

    /* U+F0F30 "󰼰" */
    0x0, 0x0, 0x0, 0x0, 0x34, 0x0, 0x0, 0x0,
    0x0, 0x0, 0x0, 0x0, 0x0, 0xde, 0x10, 0x0,
    0x0, 0x0, 0x0, 0x0, 0x0, 0x7, 0xbb, 0x80,
    0x0, 0x0, 0x0, 0x0, 0x0, 0x0, 0x0, 0x0,
    0x0, 0x0, 0x0, 0x0, 0x0, 0xbd, 0xb0, 0x5,
    0x99, 0x50, 0xb, 0xdb, 0x0, 0x0, 0x9f, 0x20,
    0xcf, 0xff, 0xfb, 0x2, 0xf9, 0x0, 0x0, 0x19,
    0x9, 0xf9, 0x11, 0x8f, 0x80, 0x91, 0x0, 0x0,
    0x1, 0xf, 0xd0, 0x0, 0xb, 0xf0, 0x10, 0x0,
    0x0, 0x0, 0x6, 0x40, 0x0, 0x3, 0x60, 0x0,
    0x0, 0x0, 0x0, 0x0, 0x0, 0x0, 0x0, 0x0,
    0x0, 0x0, 0x1e, 0xff, 0xff, 0xff, 0xff, 0x80,
    0x8f, 0xff, 0xe1, 0x9, 0xaa, 0xaa, 0xaa, 0xaa,
    0x50, 0x5a, 0xaa, 0x90, 0x0, 0x0, 0x0, 0x0,
    0x0, 0x0, 0x0, 0x0, 0x0, 0x1, 0x99, 0x94,
    0x3, 0x99, 0x99, 0x99, 0x99, 0x10, 0x4, 0xff,
    0xf9, 0x6, 0xff, 0xff, 0xff, 0xff, 0x40, 0x0,
    0x0, 0x0, 0x0, 0x0, 0x0, 0x0, 0x0, 0x0,

    /* U+F0F31 "󰼱" */
    0x0, 0x0, 0x0, 0x0, 0x6, 0x20, 0x0, 0x0,
    0x0, 0x0, 0x0, 0x0, 0x0, 0xa, 0xf8, 0x0,
    0x0, 0x0, 0x0, 0x0, 0x0, 0x0, 0x6, 0xff,
    0x80, 0x0, 0x0, 0x0, 0x0, 0x0, 0x0, 0x0,
    0xde, 0xfb, 0x0, 0x0, 0x0, 0x0, 0x0, 0x0,
    0x0, 0x2f, 0x8b, 0xf1, 0x0, 0x0, 0x0, 0x0,
    0x0, 0x0, 0x4, 0xf6, 0x4f, 0xa0, 0x0, 0x0,
    0x0, 0x0, 0x0, 0x0, 0x3f, 0x80, 0xaf, 0x80,
    0x0, 0x0, 0x0, 0x0, 0x0, 0x0, 0xfd, 0x10,
    0xcf, 0xb3, 0x0, 0x0, 0x0, 0x0, 0x0, 0x3e,
    0xff, 0xd6, 0x8f, 0xfe, 0xcc, 0x10, 0x0, 0x0,
    0x4f, 0xfa, 0x9e, 0xf7, 0x18, 0xff, 0xe1, 0x0,
    0x0, 0xe, 0xe1, 0x0, 0x1c, 0xfb, 0xef, 0xe3,
    0x0, 0x3, 0x9c, 0xf6, 0x0, 0x0, 0x3f, 0xfd,
    0x70, 0x0, 0x6, 0xff, 0xff, 0x20, 0x0, 0x0,
    0xfa, 0x0, 0x0, 0x0, 0xfd, 0x10, 0x0, 0x0,
    0x0, 0xf, 0xef, 0xe6, 0x0, 0x2f, 0x70, 0x0,
    0x0, 0x0, 0x0, 0xaa, 0xae, 0xf2, 0x1, 0xfb,
    0x0, 0x0, 0x0, 0x0, 0x0, 0x0, 0x4f, 0x50,
    0x9, 0xfd, 0xbb, 0xbb, 0xbb, 0xbb, 0xbb, 0xbe,
    0xf2, 0x0, 0x7, 0xdf, 0xff, 0xff, 0xff, 0xff,
    0xff, 0xd5, 0x0,

    /* U+F0F36 "󰼶" */
    0x0, 0x0, 0x0, 0x1, 0x79, 0x97, 0x10, 0x0,
    0x0, 0x0, 0x0, 0x0, 0x0, 0x5f, 0xff, 0xff,
    0xf5, 0x0, 0x0, 0x0, 0x0, 0x0, 0x4, 0xfd,
    0x51, 0x15, 0xdf, 0x40, 0x0, 0x0, 0x0, 0x0,
    0x4d, 0xd0, 0x0, 0x0, 0xc, 0xd0, 0x0, 0x0,
    0x0, 0x7f, 0xff, 0x30, 0x0, 0x0, 0x3, 0xf4,
    0x0, 0x0, 0x5, 0xfd, 0x66, 0x0, 0x0, 0x0,
    0x0, 0xec, 0x83, 0x0, 0xe, 0xe0, 0x0, 0x0,
    0x0, 0x0, 0x0, 0xdf, 0xff, 0x50, 0x2f, 0x90,
    0x0, 0x0, 0x10, 0x0, 0x0, 0x0, 0x3e, 0xe0,
    0x1f, 0xa0, 0x11, 0x6, 0xf2, 0x0, 0x0, 0x0,
    0x8, 0xf2, 0xc, 0xf2, 0xbf, 0x3b, 0xf0, 0x0,
    0x0, 0x0, 0xc, 0xf0, 0x3, 0xe5, 0x4f, 0xff,
    0xd6, 0xa4, 0x0, 0x8, 0xdf, 0x90, 0x0, 0x0,
    0x19, 0xff, 0xff, 0xf7, 0x0, 0xc, 0xe8, 0x0,
    0x0, 0x7, 0xff, 0xff, 0xf9, 0x10, 0x0, 0x1,
    0x0, 0x0, 0x0, 0x5, 0xb7, 0xef, 0xff, 0x30,
    0x43, 0x6b, 0x0, 0x0, 0x0, 0x0, 0x1, 0xfb,
    0x4f, 0xa0, 0x6f, 0xda, 0x62, 0x0, 0x0, 0x0,
    0x2, 0xf6, 0x2, 0x10, 0x5e, 0xff, 0xd4, 0x0,
    0x0, 0x0, 0x0, 0x10, 0x0, 0x3, 0xec, 0xff,
    0x30, 0x0, 0x0, 0x0, 0x0, 0x0, 0x0, 0x0,
    0x7, 0xb8, 0xc0, 0x0, 0x0, 0x0, 0x0, 0x0,
    0x0, 0x0, 0x5, 0x40, 0x0, 0x0,

    /* U+F0F37 "󰼷" */
    0x0, 0x0, 0x0, 0x3, 0x30, 0x0, 0x0, 0x0,
    0x0, 0x0, 0x0, 0xe, 0xe0, 0x0, 0x0, 0x0,
    0x0, 0x0, 0x0, 0x8b, 0xb8, 0x0, 0x0, 0x0,
    0x0, 0x0, 0x0, 0x0, 0x0, 0x0, 0x0, 0x0,
    0xb, 0xda, 0x0, 0x59, 0x95, 0x0, 0x1, 0xb5,
    0xa, 0xe1, 0xc, 0xff, 0xff, 0xc0, 0x2, 0xf8,
    0x3, 0x80, 0x9f, 0x81, 0x18, 0xf9, 0x2, 0xf8,
    0x0, 0x10, 0xfb, 0x0, 0x0, 0xcf, 0x2, 0xf8,
    0x0, 0x2, 0xf8, 0x0, 0x0, 0x8f, 0x22, 0xf8,
    0x0, 0x10, 0xfc, 0x0, 0x0, 0xcf, 0x0, 0x52,
    0x3, 0x80, 0x9f, 0x81, 0x18, 0xf9, 0x0, 0x0,
    0xa, 0xf1, 0xc, 0xff, 0xff, 0xc0, 0x2, 0xf8,
    0xb, 0xda, 0x0, 0x59, 0x95, 0x0, 0x1, 0xa5,
    0x0, 0x0, 0x0, 0x0, 0x0, 0x0, 0x0, 0x0,
    0x0, 0x0, 0x0, 0x8b, 0xb8, 0x0, 0x0, 0x0,
    0x0, 0x0, 0x0, 0xd, 0xd0, 0x0, 0x0, 0x0,
    0x0, 0x0, 0x0, 0x3, 0x30, 0x0, 0x0, 0x0,

    /* U+F0F38 "󰼸" */
    0x1e, 0xff, 0xff, 0xff, 0xff, 0xff, 0xff, 0xff,
    0xf3, 0x9, 0xaa, 0xaa, 0xaa, 0xaa, 0xaa, 0xaa,
    0xaa, 0xa1, 0x0, 0x0, 0x0, 0x0, 0x0, 0x0,
    0x0, 0x0, 0x0, 0x0, 0x3a, 0xaa, 0xaa, 0xaa,
    0xaa, 0xaa, 0xa5, 0x0, 0x0, 0x6f, 0xff, 0xff,
    0xff, 0xff, 0xff, 0xf9, 0x0, 0x0, 0x0, 0x0,
    0x0, 0x0, 0x0, 0x0, 0x0, 0x0, 0x0, 0x0,
    0x0, 0x18, 0x88, 0x88, 0x88, 0x88, 0x20, 0x0,
    0x0, 0x0, 0x4f, 0xff, 0xff, 0xff, 0xff, 0x60,
    0x0, 0x0, 0x0, 0x1, 0x11, 0x11, 0x11, 0x11,
    0x0, 0x0, 0x0, 0x0, 0x0, 0x0, 0x0, 0x0,
    0x0, 0x0, 0x0, 0x0, 0x1, 0xef, 0xff, 0xff,
    0x30, 0x0, 0x0, 0x0, 0x0, 0x0, 0x9a, 0xaa,
    0xaa, 0x10, 0x0, 0x0, 0x0, 0x0, 0x0, 0x0,
    0x0, 0x0, 0x0, 0x0, 0x0, 0x0, 0x0, 0x0,
    0x1a, 0xa7, 0x0, 0x0, 0x0, 0x0, 0x0, 0x0,
    0x0, 0x3f, 0xfb, 0x0, 0x0, 0x0, 0x0,

    /* U+F0F54 "󰽔" */
    0x0, 0x0, 0x0, 0x0, 0x97, 0x0, 0x0, 0x0,
    0x0, 0x0, 0x0, 0x0, 0xbf, 0xf9, 0x0, 0x0,
    0x0, 0x0, 0x0, 0x0, 0xcf, 0xff, 0xfa, 0x0,
    0x0, 0x0, 0x0, 0x1, 0xdf, 0xff, 0xff, 0xf5,
    0x0, 0x0, 0x0, 0x2, 0xdf, 0xff, 0xff, 0xfb,
    0x4, 0xc7, 0x0, 0x3, 0xef, 0xff, 0xff, 0xff,
    0x60, 0xd1, 0xc1, 0x4, 0xff, 0xff, 0xff, 0xff,
    0xf6, 0xd, 0x3b, 0x21, 0x9a, 0xff, 0xff, 0xff,
    0xff, 0x60, 0xef, 0xf2, 0x0, 0xe, 0xff, 0xff,
    0xff, 0xf6, 0xe, 0xff, 0x20, 0x0, 0xef, 0xff,
    0xff, 0xff, 0x60, 0xef, 0xf2, 0x0, 0xe, 0xff,
    0xff, 0xff, 0xf6, 0xe, 0xff, 0x20, 0x0, 0xef,
    0xff, 0xff, 0xff, 0x20, 0xff, 0xf3, 0x0, 0xe,
    0xff, 0xff, 0xff, 0xb0, 0x8f, 0xff, 0xc0, 0x0,
    0xef, 0xff, 0xff, 0xf9, 0xb, 0xff, 0xff, 0x0,
    0x4, 0x55, 0x55, 0x55, 0x30, 0x8f, 0xff, 0xb0,
    0x0, 0x0, 0x0, 0x0, 0x0, 0x0, 0x9e, 0xb1,

    /* U+F0F92 "󰾒" */
    0x6e, 0xff, 0xff, 0xff, 0xe7, 0xf, 0xff, 0xff,
    0xff, 0xff, 0xf0, 0xff, 0xff, 0xa9, 0xff, 0xff,
    0x1f, 0xff, 0x80, 0x7, 0xff, 0xf1, 0xff, 0xf6,
    0x0, 0x4f, 0xff, 0x1f, 0xff, 0xd2, 0x2c, 0xff,
    0xf1, 0xff, 0xff, 0xff, 0xff, 0xff, 0x1f, 0xff,
    0xff, 0xff, 0xff, 0xf1, 0xff, 0xff, 0xff, 0xff,
    0xff, 0x1f, 0xff, 0xff, 0xff, 0xff, 0xf1, 0xff,
    0xfb, 0x88, 0xaf, 0xff, 0x1f, 0xff, 0x50, 0x4,
    0xff, 0xf1, 0xdf, 0xff, 0xff, 0xff, 0xfe, 0x2,
    0x9d, 0xfb, 0xaf, 0xd9, 0x30, 0x0, 0x7f, 0x31,
    0xf9, 0x0, 0xb, 0xbd, 0xf2, 0xf, 0xeb, 0xb1,
    0xff, 0xe9, 0x0, 0x7e, 0xff, 0x10,

    /* U+F0FC6 "󰿆" */
    0x0, 0x0, 0x0, 0x0, 0x0, 0x0, 0x49, 0xa7,
    0x10, 0x0, 0x0, 0x0, 0x0, 0x0, 0x0, 0xaf,
    0xff, 0xfe, 0x40, 0x0, 0x0, 0x0, 0x0, 0x0,
    0x8f, 0xa2, 0x5, 0xef, 0x10, 0x0, 0x0, 0x0,
    0x0, 0xe, 0xd0, 0x0, 0x5, 0xf7, 0x0, 0x0,
    0x0, 0x0, 0x1, 0xf9, 0x0, 0x0, 0x1f, 0x90,
    0x0, 0x0, 0x0, 0x0, 0x1f, 0x90, 0x0, 0x1,
    0xf9, 0x6, 0xdd, 0xdd, 0xdd, 0xdd, 0xff, 0xd6,
    0x0, 0x2, 0x10, 0xff, 0xff, 0xff, 0xff, 0xff,
    0xff, 0xf0, 0x0, 0x0, 0x1f, 0xff, 0xff, 0xff,
    0xff, 0xff, 0xff, 0x10, 0x0, 0x1, 0xff, 0xff,
    0xff, 0xff, 0xff, 0xff, 0xf1, 0x0, 0x0, 0x1f,
    0xff, 0xff, 0xb5, 0xbf, 0xff, 0xff, 0x10, 0x0,
    0x1, 0xff, 0xff, 0xf0, 0x0, 0xff, 0xff, 0xf1,
    0x0, 0x0, 0x1f, 0xff, 0xff, 0x0, 0xf, 0xff,
    0xff, 0x10, 0x0, 0x1, 0xff, 0xff, 0xfa, 0x4a,
    0xff, 0xff, 0xf1, 0x0, 0x0, 0x1f, 0xff, 0xff,
    0xff, 0xff, 0xff, 0xff, 0x10, 0x0, 0x1, 0xff,
    0xff, 0xff, 0xff, 0xff, 0xff, 0xf1, 0x0, 0x0,
    0xf, 0xff, 0xff, 0xff, 0xff, 0xff, 0xff, 0x0,
    0x0, 0x0, 0x7e, 0xff, 0xff, 0xff, 0xff, 0xfe,
    0x70, 0x0, 0x0,

    /* U+F1011 "󱀑" */
    0xd, 0xff, 0xff, 0xff, 0xff, 0xff, 0xff, 0xff,
    0xe5, 0x1f, 0xff, 0xff, 0xff, 0xff, 0xff, 0xff,
    0xff, 0xf8, 0xf, 0xff, 0xff, 0xff, 0xff, 0xff,
    0xff, 0xff, 0xf8, 0x4, 0xaf, 0xff, 0xff, 0xff,
    0xff, 0xff, 0xff, 0x51, 0x0, 0x4f, 0xff, 0xff,
    0xff, 0xff, 0xff, 0xfb, 0x0, 0x0, 0x0, 0x0,
    0x0, 0x9f, 0x10, 0x0, 0x0, 0x0, 0x0, 0x0,
    0x0, 0x0, 0x9f, 0x10, 0x0, 0x0, 0x0, 0x0,
    0x0, 0x0, 0x8, 0xff, 0xd1, 0x0, 0x0, 0x0,
    0x0, 0x0, 0x0, 0x2f, 0xc8, 0xf9, 0x0, 0x0,
    0x0, 0x0, 0x0, 0x0, 0x3f, 0x81, 0xfa, 0x0,
    0x0, 0x0, 0x0, 0x0, 0x0, 0xd, 0xfe, 0xf5,
    0x0, 0x0, 0x0, 0x0, 0x0, 0x0, 0x2, 0xab,
    0x60, 0x0, 0x0, 0x0,

    /* U+F1051 "󱁑" */
    0x9, 0xb7, 0x30, 0x0, 0x0, 0x0, 0x0, 0x0,
    0x0, 0xe, 0xd5, 0xcf, 0xb7, 0x30, 0x0, 0x0,
    0x0, 0x0, 0x2f, 0x90, 0xbf, 0x29, 0xfe, 0xb7,
    0x30, 0x0, 0x0, 0x17, 0xbd, 0xfd, 0x29, 0xf1,
    0x4f, 0xdd, 0xb6, 0x0, 0x0, 0x0, 0x37, 0xbe,
    0xf6, 0x8f, 0x40, 0xfb, 0x0, 0x0, 0x0, 0x0,
    0x0, 0x37, 0xbf, 0xa8, 0xf7, 0x0, 0x0, 0x0,
    0x0, 0x5b, 0xea, 0x62, 0x37, 0xb3, 0x0, 0x0,
    0x0, 0x3c, 0xff, 0xff, 0xff, 0xd3, 0x0, 0x0,
    0x0, 0x3b, 0x73, 0x26, 0xae, 0xb5, 0x0, 0x0,
    0x0, 0x0, 0x7f, 0x8a, 0xfb, 0x73, 0x0, 0x0,
    0x0, 0x0, 0x0, 0xbf, 0x4, 0xf8, 0x6f, 0xfb,
    0x73, 0x0, 0x0, 0x0, 0x6b, 0xdd, 0xf4, 0x1f,
    0x92, 0xdf, 0xdb, 0x71, 0x0, 0x0, 0x3, 0x7b,
    0xef, 0x92, 0xfb, 0x9, 0xf2, 0x0, 0x0, 0x0,
    0x0, 0x3, 0x7b, 0xfc, 0x5d, 0xe0, 0x0, 0x0,
    0x0, 0x0, 0x0, 0x0, 0x3, 0x7b, 0xa0,

    /* U+F1064 "󱁤" */
    0x0, 0x8, 0xa4, 0x0, 0x0, 0x0, 0x0, 0x28,
    0x10, 0x0, 0x2, 0xef, 0x80, 0x0, 0x0, 0x2a,
    0xff, 0xc1, 0x10, 0x0, 0x3f, 0xf1, 0x0, 0x0,
    0xaf, 0xff, 0xf1, 0x4c, 0x1, 0xcf, 0xf4, 0x0,
    0x0, 0xbf, 0xff, 0x90, 0x2f, 0xcc, 0xff, 0xf5,
    0x0, 0x8, 0xff, 0xff, 0x10, 0xb, 0xff, 0xff,
    0xff, 0x40, 0x3f, 0xfc, 0x43, 0x0, 0x0, 0x8e,
    0xef, 0xff, 0xf4, 0x6, 0xc0, 0x0, 0x0, 0x0,
    0x0, 0x8, 0xff, 0xff, 0x40, 0x0, 0x0, 0x0,
    0x0, 0x0, 0x0, 0x7f, 0xff, 0xf4, 0x0, 0x0,
    0x0, 0x0, 0x0, 0x0, 0x7, 0xff, 0xff, 0x40,
    0x0, 0x0, 0x0, 0x0, 0x3e, 0x30, 0x7f, 0xff,
    0xf4, 0x0, 0x0, 0x0, 0x4, 0xff, 0xf3, 0x7,
    0xff, 0xff, 0x40, 0x0, 0x0, 0x4f, 0xff, 0xf7,
    0x0, 0x7f, 0xff, 0xf4, 0x0, 0x4, 0xff, 0xff,
    0x80, 0x0, 0x7, 0xff, 0xff, 0x40, 0x2f, 0xff,
    0xf8, 0x0, 0x0, 0x0, 0x7f, 0xff, 0xf2, 0x1e,
    0xff, 0x70, 0x0, 0x0, 0x0, 0x7, 0xff, 0xe1,
    0x3, 0xd7, 0x0, 0x0, 0x0, 0x0, 0x0, 0x7d,
    0x30,

    /* U+F1066 "󱁦" */
    0x1b, 0x60, 0x0, 0x0, 0x0, 0x0, 0x0, 0x1,
    0xb6, 0x1f, 0x80, 0x0, 0x0, 0x0, 0x0, 0x0,
    0x1, 0xf8, 0x1f, 0x80, 0x0, 0x0, 0x0, 0x0,
    0x0, 0x1, 0xf8, 0x1f, 0x80, 0x0, 0x0, 0x0,
    0x0, 0xa, 0x21, 0xf8, 0x1f, 0x80, 0x0, 0x0,
    0x0, 0x0, 0xcf, 0x71, 0xf8, 0x1f, 0x80, 0x0,
    0x0, 0x0, 0xc, 0xf8, 0x1, 0xf8, 0x1f, 0x80,
    0x0, 0x3, 0xbc, 0xdf, 0x80, 0x1, 0xf8, 0x1f,
    0x80, 0x0, 0xe, 0xff, 0xfa, 0x0, 0x1, 0xf8,
    0x1f, 0x80, 0x0, 0x4f, 0xff, 0xfa, 0x0, 0x1,
    0xf8, 0x1f, 0x80, 0x0, 0x2f, 0xff, 0xf8, 0x0,
    0x1, 0xf8, 0x1f, 0x80, 0x0, 0xcf, 0xff, 0xc0,
    0x0, 0x1, 0xf8, 0x1f, 0x80, 0xc, 0xf8, 0x1,
    0x0, 0x0, 0x1, 0xf8, 0x1f, 0x80, 0xcf, 0x80,
    0x0, 0x0, 0x0, 0x1, 0xf8, 0x1f, 0x81, 0xd8,
    0x0, 0x0, 0x0, 0x0, 0x1, 0xf8, 0x1f, 0x80,
    0x10, 0x0, 0x0, 0x0, 0x0, 0x1, 0xf8, 0x1f,
    0x80, 0x0, 0x0, 0x0, 0x0, 0x0, 0x1, 0xf8,
    0x1f, 0x80, 0x0, 0x0, 0x0, 0x0, 0x0, 0x1,
    0xf8,

    /* U+F1099 "󱂙" */
    0x0, 0x0, 0x0, 0x0, 0x0, 0x0, 0x0, 0x0,
    0x2, 0xcf, 0xff, 0xff, 0xff, 0xd5, 0x0, 0x0,
    0x1e, 0xfb, 0xaa, 0xaa, 0xaa, 0xef, 0x40, 0x0,
    0x7f, 0x50, 0x0, 0x0, 0x0, 0x1f, 0xb0, 0x0,
    0x9f, 0x10, 0x0, 0x0, 0x0, 0xc, 0xe0, 0x0,
    0x9f, 0x10, 0x6, 0xbc, 0x80, 0x1, 0x20, 0x0,
    0x9f, 0x10, 0x8f, 0xdc, 0xfb, 0x0, 0x5, 0x0,
    0x9f, 0x11, 0xfb, 0x0, 0x8f, 0x40, 0x3f, 0xa0,
    0x9f, 0x13, 0xf7, 0x0, 0x4f, 0x70, 0xbf, 0xf3,
    0x9f, 0x11, 0xfd, 0x21, 0xbf, 0x40, 0xdf, 0xf5,
    0x9f, 0x10, 0x8f, 0xff, 0xfb, 0x0, 0x4d, 0xa0,
    0x9f, 0x10, 0x5, 0xab, 0x70, 0x0, 0x0, 0x0,
    0x9f, 0x10, 0x0, 0x0, 0x0, 0x4, 0x50, 0x0,
    0x9f, 0x10, 0x0, 0x0, 0x0, 0xc, 0xe0, 0x0,
    0x9f, 0xbb, 0xbb, 0xbb, 0xbb, 0xbe, 0xe0, 0x0,
    0x9f, 0xff, 0xff, 0xff, 0xff, 0xff, 0xd0, 0x0,

    /* U+F10C2 "󱃂" */
    0x0, 0x3, 0x99, 0x30, 0x0, 0x0, 0x3f, 0xff,
    0xf3, 0x0, 0x0, 0x8f, 0x66, 0xf8, 0x0, 0x0,
    0x9f, 0xff, 0xf9, 0x0, 0x0, 0x9f, 0xff, 0xf9,
    0x0, 0x0, 0x9f, 0xff, 0xf9, 0x0, 0x0, 0x9f,
    0xff, 0xf9, 0x0, 0x0, 0x9f, 0xff, 0xf9, 0x0,
    0x0, 0x9f, 0xff, 0xf9, 0x0, 0x0, 0xcf, 0xff,
    0xfb, 0x0, 0x8, 0xff, 0xff, 0xff, 0x80, 0x1f,
    0xff, 0xff, 0xff, 0xf0, 0x3f, 0xff, 0xff, 0xff,
    0xf3, 0x2f, 0xff, 0xff, 0xff, 0xf2, 0xd, 0xff,
    0xff, 0xff, 0xd0, 0x3, 0xff, 0xff, 0xff, 0x30,
    0x0, 0x2a, 0xee, 0xa2, 0x0,

    /* U+F10C3 "󱃃" */
    0x0, 0x5, 0xcc, 0x50, 0x0, 0x0, 0x4f, 0xee,
    0xf3, 0x0, 0x0, 0x9f, 0x22, 0xf8, 0x0, 0x0,
    0x9f, 0x11, 0xf9, 0x0, 0x0, 0x9f, 0x11, 0xf9,
    0x0, 0x0, 0x9f, 0x11, 0xf9, 0x0, 0x0, 0x9f,
    0x11, 0xf9, 0x0, 0x0, 0x9f, 0x11, 0xf9, 0x0,
    0x0, 0x9f, 0x66, 0xf9, 0x0, 0x0, 0xbf, 0xff,
    0xfb, 0x0, 0x8, 0xff, 0xff, 0xff, 0x80, 0xf,
    0xff, 0xff, 0xff, 0xf0, 0x3f, 0xff, 0xff, 0xff,
    0xf3, 0x2f, 0xff, 0xff, 0xff, 0xf2, 0xd, 0xff,
    0xff, 0xff, 0xd0, 0x3, 0xff, 0xff, 0xff, 0x30,
    0x0, 0x2a, 0xee, 0xa2, 0x0,

    /* U+F111C "󱄜" */
    0x23, 0x33, 0x33, 0x33, 0x33, 0x33, 0x33, 0x30,
    0xbf, 0xff, 0xff, 0xff, 0xff, 0xff, 0xff, 0xf4,
    0xbf, 0xff, 0xff, 0xff, 0xff, 0xff, 0xff, 0xf4,
    0xbf, 0xff, 0xff, 0xff, 0xff, 0xff, 0xff, 0xf4,
    0x13, 0xfa, 0x33, 0x33, 0x33, 0x33, 0xfa, 0x20,
    0x0, 0xf9, 0x8f, 0xff, 0xff, 0xf2, 0xf9, 0x0,
    0x0, 0xf9, 0x49, 0x99, 0x99, 0x91, 0xf9, 0x0,
    0x0, 0xf9, 0x5a, 0xaa, 0xaa, 0xa1, 0xf9, 0x0,
    0x0, 0xf9, 0x8f, 0xff, 0xff, 0xf2, 0xf9, 0x0,
    0x0, 0xf9, 0x12, 0x22, 0x22, 0x20, 0xf9, 0x0,
    0x0, 0xf9, 0x8f, 0xff, 0xff, 0xf2, 0xf9, 0x0,
    0x0, 0xf9, 0x48, 0x88, 0x88, 0x81, 0xf9, 0x0,
    0x0, 0xf9, 0x5a, 0xaa, 0xaa, 0xa1, 0xf9, 0x0,
    0x0, 0xf9, 0x8f, 0xff, 0xff, 0xf2, 0xf9, 0x0,
    0x0, 0x0, 0x0, 0x0, 0x0, 0x0, 0x0, 0x0,

    /* U+F111E "󱄞" */
    0x23, 0x33, 0x33, 0x33, 0x33, 0x33, 0x33, 0x30,
    0xbf, 0xff, 0xff, 0xff, 0xff, 0xff, 0xff, 0xf4,
    0xbf, 0xff, 0xff, 0xff, 0xff, 0xff, 0xff, 0xf4,
    0xbf, 0xff, 0xff, 0xff, 0xff, 0xff, 0xff, 0xf4,
    0x13, 0xfa, 0x22, 0x22, 0x22, 0x23, 0xfa, 0x20,
    0x0, 0xf9, 0x8f, 0xff, 0xff, 0xf2, 0xf9, 0x0,
    0x0, 0xf9, 0x5a, 0xaa, 0xaa, 0xa1, 0xf9, 0x0,
    0x0, 0xf9, 0x0, 0x0, 0x0, 0x0, 0xf9, 0x0,
    0x0, 0xf9, 0x0, 0x0, 0x0, 0x0, 0xf9, 0x0,
    0x0, 0xf9, 0x0, 0x0, 0x0, 0x0, 0xf9, 0x0,
    0x0, 0xf9, 0x0, 0x0, 0x0, 0x0, 0xf9, 0x0,
    0x0, 0xf9, 0x0, 0x0, 0x0, 0x0, 0xf9, 0x0,
    0x0, 0xf9, 0x0, 0x0, 0x0, 0x0, 0xf9, 0x0,
    0x0, 0xf9, 0x0, 0x0, 0x0, 0x0, 0xf9, 0x0,
    0x0, 0x21, 0x0, 0x0, 0x0, 0x0, 0x21, 0x0,

    /* U+F116A "󱅪" */
    0x0, 0x0, 0x7a, 0x0, 0x0, 0x0, 0x0, 0x7a,
    0x0, 0x0, 0x0, 0x0, 0xbe, 0x0, 0x0, 0x0,
    0x0, 0xbe, 0x0, 0x0, 0x1f, 0x90, 0xbe, 0x0,
    0x0, 0x0, 0x0, 0xbe, 0x9, 0xf1, 0x1f, 0xb5,
    0xce, 0x0, 0x0, 0x0, 0x0, 0xbf, 0x5b, 0xf1,
    0x1f, 0xff, 0xfe, 0x0, 0x0, 0x0, 0x0, 0xbf,
    0xff, 0xf1, 0x1f, 0xb4, 0xce, 0x0, 0x0, 0x0,
    0x0, 0xbf, 0x4b, 0xf1, 0x1f, 0x90, 0xbe, 0x0,
    0x0, 0x0, 0x0, 0xbe, 0x9, 0xf1, 0x1f, 0x90,
    0xbe, 0x0, 0x0, 0x0, 0x0, 0xbe, 0x9, 0xf1,
    0x1f, 0xb5, 0xce, 0x0, 0x0, 0x0, 0x0, 0xbf,
    0x5b, 0xf1, 0x1f, 0xff, 0xfe, 0x0, 0x0, 0x0,
    0x0, 0xbf, 0xff, 0xf1, 0x1f, 0xb4, 0xce, 0x0,
    0x0, 0x0, 0x0, 0xbf, 0x4b, 0xf1, 0x1f, 0x90,
    0xbe, 0x0, 0x0, 0x0, 0x0, 0xbe, 0x9, 0xf1,

    /* U+F1253 "󱉓" */
    0x0, 0x0, 0x0, 0x0, 0x0, 0x0, 0x0, 0x0,
    0x0, 0x0, 0x0, 0x0, 0x3c, 0xff, 0xc3, 0x0,
    0x0, 0x0, 0x0, 0x13, 0x4, 0xff, 0xff, 0xff,
    0x40, 0x31, 0x0, 0x4, 0xf6, 0xd, 0xff, 0xff,
    0xff, 0xc0, 0x6f, 0x50, 0xf, 0xf3, 0x1f, 0xff,
    0xff, 0xff, 0xf1, 0x3f, 0xf0, 0x4f, 0xf3, 0x1f,
    0xff, 0xff, 0xff, 0xf1, 0x3f, 0xf4, 0x3f, 0xf6,
    0xd, 0xff, 0xff, 0xff, 0xd0, 0x6f, 0xf3, 0xd,
    0xfb, 0x5, 0xff, 0xff, 0xff, 0x50, 0xbf, 0xd0,
    0x2, 0xdf, 0x50, 0x9f, 0xff, 0xf9, 0x5, 0xfe,
    0x20, 0x0, 0xaf, 0xd0, 0x8f, 0xff, 0xf8, 0xc,
    0xfa, 0x0, 0x0, 0x6e, 0xb0, 0x4d, 0xee, 0xd4,
    0xb, 0xe6, 0x0, 0x0, 0x3, 0x30, 0x3, 0x44,
    0x30, 0x3, 0x30, 0x0, 0x0, 0xc, 0xd0, 0xa,
    0xff, 0xa0, 0xd, 0xc0, 0x0, 0x0, 0x2, 0x50,
    0x1, 0x66, 0x10, 0x5, 0x20, 0x0,

    /* U+F12A8 "󱊨" */
    0x5, 0x99, 0x99, 0x99, 0x99, 0x99, 0x99, 0x99,
    0x40, 0x4f, 0xff, 0xff, 0xff, 0xff, 0xff, 0xff,
    0xff, 0xf1, 0x6f, 0x40, 0x0, 0x0, 0x0, 0x0,
    0x0, 0x6, 0xf3, 0x6f, 0x30, 0x0, 0x3, 0xcc,
    0xd8, 0x0, 0x6, 0xf3, 0x6f, 0x30, 0x0, 0x1d,
    0x20, 0x8, 0x80, 0x6, 0xf3, 0x6f, 0x30, 0x0,
    0x76, 0x8, 0x40, 0xd0, 0x6, 0xf3, 0x6f, 0x30,
    0x0, 0x84, 0x1f, 0x90, 0xd0, 0x6, 0xf3, 0x6f,
    0x30, 0x0, 0x4a, 0x1f, 0x93, 0xc0, 0x6, 0xf3,
    0x6f, 0x74, 0x42, 0x9, 0x2f, 0x98, 0x30, 0x49,
    0xf3, 0x2f, 0xff, 0xf9, 0x0, 0x1f, 0xa0, 0x1,
    0xff, 0xe0, 0x1, 0x44, 0x42, 0x0, 0x1f, 0xff,
    0x80, 0x44, 0x10, 0x0, 0x0, 0x0, 0x0, 0x1f,
    0xff, 0xfe, 0x60, 0x0, 0x0, 0x0, 0x0, 0xb7,
    0x1f, 0xff, 0xff, 0xf6, 0x0, 0x0, 0x0, 0x2,
    0xef, 0xbf, 0xff, 0xff, 0xf9, 0x0, 0x0, 0x0,
    0x0, 0x2e, 0xff, 0xff, 0xff, 0xf9, 0x0, 0x0,
    0x0, 0x0, 0x3, 0xff, 0xff, 0xff, 0xf9, 0x0,
    0x0, 0x0, 0x0, 0x0, 0x3e, 0xff, 0xff, 0xe3,
    0x0,

    /* U+F12BA "󱊺" */
    0x0, 0x10, 0x0, 0x0, 0x0, 0x0, 0x0, 0x0,
    0x0, 0x10, 0x1, 0xfa, 0x51, 0x0, 0x0, 0x0,
    0x0, 0x3, 0x8d, 0x80, 0x0, 0xbf, 0xff, 0xfc,
    0xba, 0xab, 0xce, 0xff, 0xfe, 0x50, 0x0, 0x1f,
    0xff, 0xdd, 0xff, 0xff, 0xec, 0xff, 0xf9, 0x0,
    0x0, 0x8f, 0xff, 0x10, 0x7f, 0xfe, 0x0, 0xaf,
    0xfe, 0x10, 0x5, 0xf6, 0x9f, 0x10, 0x9f, 0xff,
    0x10, 0x9d, 0x5b, 0xc0, 0xa, 0xa0, 0xe, 0x51,
    0xf6, 0x2d, 0x80, 0xd6, 0x2, 0xf1, 0xd, 0x70,
    0x1f, 0x33, 0xf0, 0x8, 0xb0, 0xb9, 0x0, 0xf4,
    0xe, 0x50, 0x7e, 0x3, 0xf1, 0x9, 0xa0, 0x6e,
    0x0, 0xe5, 0xd, 0x71, 0xe7, 0x1, 0xf3, 0xc,
    0x80, 0xe, 0x70, 0xf4, 0x8, 0xfe, 0xc0, 0x0,
    0xc9, 0x2f, 0x40, 0x5, 0xfd, 0xe0, 0x0, 0x56,
    0x0, 0x0, 0x4f, 0xfb, 0x0, 0x0, 0x37, 0x20,
    0x0, 0x0, 0x0, 0x0, 0x2, 0x30, 0x0, 0x0,
    0x0, 0x0,

    /* U+F140B "󱐋" */
    0x0, 0x0, 0x1, 0x0, 0x0, 0x0, 0x0, 0x9,
    0x0, 0x0, 0x0, 0x0, 0x4d, 0x0, 0x0, 0x0,
    0x0, 0xcd, 0x0, 0x0, 0x0, 0x4, 0xfd, 0x0,
    0x0, 0x0, 0xc, 0xfd, 0x0, 0x0, 0x0, 0x4f,
    0xfd, 0x0, 0x0, 0x0, 0xcf, 0xff, 0xff, 0xfb,
    0x4, 0xff, 0xff, 0xff, 0xf4, 0xc, 0xff, 0xff,
    0xff, 0xc0, 0x4f, 0xff, 0xff, 0xff, 0x40, 0xcf,
    0xff, 0xff, 0xfc, 0x0, 0x0, 0x0, 0xdf, 0xf4,
    0x0, 0x0, 0x0, 0xdf, 0xc0, 0x0, 0x0, 0x0,
    0xdf, 0x40, 0x0, 0x0, 0x0, 0xdc, 0x0, 0x0,
    0x0, 0x0, 0xd4, 0x0, 0x0, 0x0, 0x0, 0x90,
    0x0, 0x0, 0x0, 0x0, 0x10, 0x0, 0x0,

    /* U+F1435 "󱐵" */
    0x0, 0x0, 0x0, 0x0, 0x10, 0x0, 0x0, 0x0,
    0x0, 0x0, 0x0, 0x0, 0x0, 0xc, 0xf7, 0x0,
    0x7, 0x15, 0x34, 0x70, 0x5, 0x50, 0x0, 0x1f,
    0xfc, 0x0, 0xd, 0x59, 0x94, 0xf1, 0xa, 0xf6,
    0x0, 0x8, 0xc4, 0x0, 0x8, 0xa2, 0xf5, 0x10,
    0x0, 0x9f, 0x60, 0x59, 0x0, 0x0, 0x1, 0xf5,
    0x3d, 0xd0, 0x3, 0xef, 0xf6, 0x5, 0x50, 0x0,
    0x0, 0x4f, 0x92, 0x20, 0x4, 0xf6, 0x7f, 0x60,
    0x30, 0x0, 0x0, 0x2, 0xbf, 0xe1, 0x4, 0xf2,
    0x7f, 0xf7, 0x1, 0xcd, 0x50, 0x0, 0x1, 0x30,
    0x4, 0xf2, 0xbf, 0xff, 0x70, 0x3a, 0x40, 0x0,
    0x0, 0x0, 0x2, 0x71, 0xff, 0xf6, 0xf7, 0x0,
    0x0, 0x0, 0x0, 0x0, 0x0, 0x3, 0xff, 0xf7,
    0x6f, 0x70, 0x0, 0x0, 0x0, 0x0, 0x0, 0x7,
    0xff, 0xfe, 0x6, 0xf8, 0x0, 0x0, 0x0, 0x0,
    0x0, 0xb, 0xf6, 0xef, 0x80, 0x6f, 0x80, 0x0,
    0x0, 0x0, 0x0, 0xf, 0xf0, 0x4f, 0xf0, 0x6,
    0xf8, 0x0, 0x0, 0x0, 0x0, 0x4f, 0xa0, 0x9,
    0xf0, 0x0, 0x7f, 0x80, 0x0, 0x0, 0x0, 0x8f,
    0x40, 0x7, 0xf0, 0x0, 0x7, 0xf8, 0x0, 0x0,
    0x0, 0xce, 0x0, 0x7, 0xf0, 0x0, 0x0, 0x7f,
    0x90, 0x0, 0x0, 0xf9, 0x0, 0x7, 0xf0, 0x0,
    0x0, 0x7, 0xf9, 0x0, 0x2, 0xa3, 0x0, 0x5,
    0xa0, 0x0, 0x0, 0x0, 0x7e, 0x10, 0x0, 0x0,
    0x0, 0x0, 0x0, 0x0, 0x0, 0x0, 0x1, 0x0,

    /* U+F1502 "󱔂" */
    0x0, 0x0, 0x0, 0x0, 0x0, 0x0, 0x0, 0x0,
    0x0, 0x3a, 0x0, 0x0, 0x0, 0x0, 0x0, 0x1,
    0xef, 0x70, 0x0, 0x0, 0x0, 0x0, 0xb, 0xff,
    0xf3, 0x0, 0x0, 0x0, 0x0, 0x7f, 0xff, 0xfd,
    0x0, 0x1, 0xe8, 0x1, 0xff, 0xff, 0xff, 0x80,
    0x1, 0xf9, 0xa, 0xff, 0xff, 0xff, 0xf2, 0x1,
    0xf9, 0x2f, 0xff, 0xff, 0xff, 0xf9, 0x1, 0xf9,
    0x7f, 0xff, 0xff, 0xff, 0xff, 0x1, 0xf9, 0xbf,
    0xff, 0xff, 0xff, 0xff, 0x20, 0x10, 0xbf, 0xff,
    0xff, 0xff, 0xff, 0x20, 0x32, 0x7f, 0xff, 0xff,
    0xff, 0xfe, 0x1, 0xf9, 0x1e, 0xff, 0xff, 0xff,
    0xf7, 0x0, 0x74, 0x4, 0xff, 0xff, 0xff, 0xa0,
    0x0, 0x0, 0x0, 0x29, 0xde, 0xc6, 0x0, 0x0,
    0x0,

    /* U+F15D7 "󱗗" */
    0x0, 0x0, 0x0, 0x4a, 0x0, 0x0, 0x0, 0x0,
    0x0, 0x0, 0x7, 0xfa, 0x0, 0x0, 0x0, 0x0,
    0x0, 0x0, 0x4f, 0xfb, 0x0, 0x0, 0x0, 0x0,
    0x0, 0x0, 0xdf, 0xff, 0x0, 0x0, 0x0, 0xb6,
    0x0, 0x3, 0xff, 0xff, 0x90, 0x0, 0x1, 0xf9,
    0x2, 0x56, 0xff, 0xff, 0xfa, 0x0, 0x1, 0xf9,
    0xb, 0x46, 0xff, 0xff, 0xff, 0xc0, 0x1, 0xf9,
    0x1f, 0x64, 0xff, 0xb9, 0xff, 0xf9, 0x1, 0xf9,
    0x5f, 0xd0, 0xff, 0xc0, 0x9f, 0xff, 0x0, 0x52,
    0x6f, 0xfd, 0xff, 0xe0, 0xe, 0xff, 0x30, 0x0,
    0x3f, 0xff, 0xff, 0xc0, 0xc, 0xff, 0x21, 0xf9,
    0xe, 0xff, 0xfc, 0x20, 0x2f, 0xfe, 0x0, 0xa6,
    0x5, 0xff, 0xfd, 0x66, 0xdf, 0xf7, 0x0, 0x0,
    0x0, 0x7f, 0xff, 0xff, 0xff, 0xa0, 0x0, 0x0,
    0x0, 0x3, 0xae, 0xfe, 0xb5, 0x0, 0x0, 0x0,
    0x0, 0x0, 0x0, 0x0, 0x0, 0x0, 0x0, 0x0,

    /* U+F17C4 "󱟄" */
    0x7a, 0x0, 0x0, 0x89, 0x10, 0x0, 0x0, 0x8,
    0xf3, 0x0, 0x8f, 0xfa, 0x0, 0x0, 0x0, 0x3f,
    0xa0, 0x8, 0xff, 0xa0, 0x0, 0x0, 0x0, 0xbf,
    0x80, 0x8, 0x81, 0x0, 0x0, 0x0, 0x0, 0xcf,
    0xea, 0x88, 0x83, 0x0, 0x0, 0x0, 0x0, 0x7e,
    0xff, 0xff, 0xf6, 0x0, 0x0, 0x0, 0x0, 0x9f,
    0xff, 0xff, 0xf6, 0x0, 0x0, 0x0, 0x9, 0xff,
    0xff, 0xbd, 0xf7, 0x0, 0x0, 0x0, 0x9f, 0xff,
    0xf9, 0x1d, 0xf7, 0x0, 0x0, 0x9, 0xff, 0xff,
    0x90, 0x1d, 0xb0, 0x0, 0x0, 0x9f, 0xff, 0xf9,
    0x0, 0x10, 0x0, 0x0, 0x9, 0xff, 0xff, 0x90,
    0x0, 0x0, 0x0, 0x0, 0x9f, 0x11, 0xf9, 0x0,
    0x0, 0x0, 0x0, 0x9, 0xf1, 0x1f, 0x90, 0x0,
    0x0, 0x0, 0x0, 0x9f, 0x11, 0xf9, 0x0, 0x0,
    0x0, 0x0, 0x9, 0xf1, 0x1f, 0x90, 0x0, 0x0,
    0x0, 0x0, 0x9f, 0x11, 0xf9, 0x0, 0x0, 0x0,

    /* U+F1846 "󱡆" */
    0x1b, 0xbb, 0xbb, 0xbb, 0xbb, 0xbb, 0xbb, 0xbb,
    0xbb, 0xb2, 0x2f, 0xff, 0xff, 0xff, 0xff, 0xff,
    0xff, 0xff, 0xff, 0xf3, 0x0, 0x22, 0x22, 0x22,
    0x20, 0x2, 0x22, 0x22, 0x22, 0x0, 0x4, 0xff,
    0xff, 0xff, 0xf0, 0xf, 0xff, 0xff, 0xff, 0x50,
    0x4, 0xff, 0xff, 0xff, 0xd0, 0xd, 0xff, 0xff,
    0xff, 0x50, 0x4, 0xff, 0xff, 0xff, 0x90, 0x9,
    0xff, 0xff, 0xff, 0x50, 0x4, 0xff, 0xff, 0xff,
    0x40, 0x3, 0xff, 0xff, 0xff, 0x50, 0x4, 0xff,
    0xff, 0xfe, 0x0, 0x0, 0xdf, 0xff, 0xff, 0x50,
    0x4, 0xff, 0xff, 0xf7, 0x0, 0x0, 0x7f, 0xff,
    0xff, 0x50, 0x4, 0xff, 0xff, 0xe0, 0x0, 0x0,
    0xe, 0xff, 0xff, 0x50, 0x4, 0xff, 0xff, 0x50,
    0x0, 0x0, 0x5, 0xff, 0xff, 0x50, 0x4, 0xff,
    0xfa, 0x0, 0x0, 0x0, 0x0, 0xaf, 0xff, 0x50,
    0x4, 0xff, 0xb0, 0x0, 0x0, 0x0, 0x0, 0xb,
    0xff, 0x50, 0x4, 0xfa, 0x0, 0x0, 0x0, 0x0,
    0x0, 0x0, 0xaf, 0x50, 0x4, 0xfe, 0x10, 0x0,
    0x0, 0x0, 0x0, 0x0, 0xef, 0x50, 0x4, 0xff,
    0x70, 0x0, 0x0, 0x0, 0x0, 0x7, 0xff, 0x50,
    0x4, 0xff, 0xd0, 0x0, 0x0, 0x0, 0x0, 0xd,
    0xff, 0x50, 0x4, 0xdd, 0xc0, 0x0, 0x0, 0x0,
    0x0, 0xc, 0xdd, 0x40,

    /* U+F1847 "󱡇" */
    0x3b, 0xbb, 0xbb, 0xbb, 0xbb, 0xbb, 0xbb, 0xbb,
    0xbb, 0xa4, 0xff, 0xff, 0xff, 0xff, 0xff, 0xff,
    0xff, 0xff, 0xff, 0x1, 0x22, 0x22, 0x22, 0x20,
    0x12, 0x22, 0x22, 0x22, 0x0, 0x6f, 0xff, 0xff,
    0xff, 0x16, 0xff, 0xff, 0xff, 0xf1, 0x6, 0xff,
    0xff, 0xff, 0xf1, 0x6f, 0xff, 0xff, 0xff, 0x10,
    0x6f, 0xff, 0xff, 0xff, 0x16, 0xff, 0xff, 0xff,
    0xf1, 0x6, 0xff, 0xff, 0xff, 0xf1, 0x6f, 0xff,
    0xff, 0xff, 0x10, 0x6f, 0xff, 0xff, 0xff, 0x16,
    0xff, 0xff, 0xff, 0xf1, 0x6, 0xff, 0xff, 0xff,
    0xf1, 0x6f, 0xff, 0xff, 0xff, 0x10, 0x6f, 0xff,
    0xff, 0xff, 0x16, 0xff, 0xff, 0xff, 0xf1, 0x6,
    0xff, 0xff, 0xff, 0xf1, 0x6f, 0xff, 0xff, 0xff,
    0x10, 0x6f, 0xff, 0xff, 0xff, 0x16, 0xff, 0xff,
    0xff, 0xf1, 0x6, 0xff, 0xff, 0xff, 0xf1, 0x6f,
    0xff, 0xff, 0xff, 0x10, 0x6f, 0xff, 0xff, 0xff,
    0x16, 0xff, 0xff, 0xff, 0xf1, 0x6, 0xff, 0xff,
    0xff, 0xf1, 0x6f, 0xff, 0xff, 0xff, 0x10, 0x6f,
    0xff, 0xff, 0xff, 0x16, 0xff, 0xff, 0xff, 0xf1,
    0x6, 0xff, 0xff, 0xff, 0xf1, 0x6f, 0xff, 0xff,
    0xff, 0x10, 0x5d, 0xdd, 0xdd, 0xdd, 0x15, 0xdd,
    0xdd, 0xdd, 0xd1,

    /* U+F1901 "󱤁" */
    0x0, 0x0, 0x0, 0x0, 0x56, 0x0, 0x0, 0x0,
    0x0, 0x0, 0x0, 0x0, 0x7, 0xff, 0x90, 0x0,
    0x0, 0x0, 0x0, 0x0, 0x0, 0x8f, 0xff, 0xe1,
    0x0, 0x0, 0x0, 0x0, 0x0, 0xa, 0xff, 0xff,
    0xc0, 0x0, 0x0, 0x0, 0x0, 0x0, 0xbf, 0xff,
    0xfa, 0x0, 0x7f, 0xfe, 0x0, 0x0, 0x1c, 0xff,
    0xff, 0xf1, 0xb, 0xef, 0xff, 0xd4, 0x2, 0xdf,
    0xff, 0xff, 0xf0, 0x1f, 0xfe, 0xee, 0xf8, 0x9,
    0xaf, 0xff, 0xff, 0xf0, 0x1f, 0x80, 0x1, 0xf8,
    0x0, 0xd, 0xff, 0xff, 0xf0, 0x1f, 0x80, 0x1,
    0xf8, 0x0, 0xd, 0xff, 0xff, 0xf0, 0x1f, 0xdb,
    0xbb, 0xf8, 0x0, 0xd, 0xff, 0xff, 0xf0, 0x1f,
    0xff, 0xff, 0xf8, 0x0, 0xd, 0xff, 0xff, 0xf0,
    0x1f, 0xff, 0xff, 0xf8, 0x0, 0xd, 0xff, 0xff,
    0xf0, 0x1f, 0xff, 0xff, 0xf8, 0x0, 0xd, 0xff,
    0xff, 0xf0, 0x1f, 0xff, 0xff, 0xf8, 0x0, 0x4,
    0x55, 0x55, 0x50, 0x1f, 0xff, 0xff, 0xf8, 0x0,
    0x0, 0x0, 0x0, 0x0, 0xd, 0xff, 0xff, 0xf5,

    /* U+F1903 "󱤃" */
    0x0, 0x0, 0x0, 0x0, 0x0, 0x0, 0x0, 0x0,
    0x0, 0x0, 0x0, 0x0, 0x0, 0xb9, 0x0, 0x0,
    0x0, 0x0, 0x0, 0x0, 0x0, 0x1d, 0xff, 0xa0,
    0x0, 0x0, 0x0, 0x0, 0x0, 0x2, 0xdf, 0xff,
    0xfb, 0x0, 0x0, 0x0, 0x0, 0x0, 0x3e, 0xff,
    0xfd, 0xff, 0xd1, 0x0, 0x0, 0x0, 0x4, 0xff,
    0xff, 0xaa, 0xff, 0xfd, 0x20, 0x0, 0x0, 0x5f,
    0xff, 0xff, 0x2a, 0xff, 0xff, 0xe3, 0x0, 0x7,
    0xff, 0xff, 0xfa, 0x5, 0x8d, 0xff, 0xff, 0x40,
    0x15, 0x5f, 0xff, 0xf2, 0x0, 0x1f, 0xff, 0xd5,
    0x50, 0x0, 0xe, 0xff, 0xa0, 0x0, 0x9f, 0xff,
    0xb0, 0x0, 0x0, 0xe, 0xff, 0xff, 0x71, 0xff,
    0xff, 0xb0, 0x0, 0x0, 0xe, 0xff, 0xff, 0x79,
    0xff, 0xff, 0xb0, 0x0, 0x0, 0xe, 0xff, 0xff,
    0x9f, 0xff, 0xff, 0xb0, 0x0, 0x0, 0xe, 0xff,
    0xff, 0xff, 0xff, 0xff, 0xb0, 0x0, 0x0, 0xe,
    0xff, 0xff, 0xff, 0xff, 0xff, 0xb0, 0x0, 0x0,
    0x0, 0x0, 0x0, 0x0, 0x0, 0x0, 0x0, 0x0,

    /* U+F192C "󱤬" */
    0x0, 0x5, 0xff, 0xff, 0xff, 0xf2, 0x0, 0x0,
    0x0, 0x0, 0x0, 0xd, 0xfb, 0xbb, 0xbb, 0xfa,
    0x0, 0x0, 0x0, 0x0, 0x0, 0x7, 0x70, 0x57,
    0x40, 0x96, 0x0, 0x0, 0x0, 0x0, 0x0, 0x0,
    0x0, 0xef, 0xc0, 0x0, 0x0, 0x0, 0x0, 0x0,
    0x0, 0x0, 0x2, 0xff, 0xf0, 0x0, 0x0, 0x0,
    0x0, 0x0, 0x4, 0xff, 0xff, 0xff, 0xff, 0xff,
    0xf2, 0x0, 0x0, 0x0, 0xc, 0xfe, 0xee, 0xee,
    0xee, 0xef, 0xf9, 0x0, 0x0, 0x0, 0xb, 0xa0,
    0x3, 0x20, 0x22, 0x0, 0xc9, 0x0, 0x0, 0x0,
    0x0, 0x0, 0x2f, 0x90, 0xbf, 0x0, 0x0, 0x0,
    0x0, 0x0, 0x0, 0x0, 0x7f, 0xd1, 0xef, 0x40,
    0x0, 0x2, 0xb0, 0x0, 0x0, 0x0, 0xbf, 0x8e,
    0x8f, 0x80, 0x0, 0x2, 0xfb, 0x0, 0x0, 0x0,
    0xfc, 0x5f, 0x3e, 0xc0, 0x6d, 0xde, 0xff, 0xb0,
    0x0, 0x3, 0xf9, 0xd4, 0xcb, 0xf1, 0x6c, 0xcd,
    0xff, 0x90, 0x0, 0x7, 0xfe, 0x50, 0x7e, 0xf5,
    0x0, 0x2, 0xf9, 0x0, 0x0, 0xb, 0xfa, 0x0,
    0xc, 0xf9, 0x0, 0x2, 0xa0, 0x0, 0x0, 0xf,
    0xe1, 0x0, 0x2, 0xfd, 0x0, 0x0, 0x0, 0x0,
    0x0, 0x3f, 0x70, 0x0, 0x0, 0x9f, 0x10, 0x0,
    0x0, 0x0,

    /* U+F192D "󱤭" */
    0x0, 0x0, 0x0, 0x0, 0x2f, 0xff, 0xff, 0xff,
    0x50, 0x0, 0x0, 0x0, 0x0, 0x0, 0xaf, 0xbb,
    0xbb, 0xbf, 0xd0, 0x0, 0x0, 0x0, 0x0, 0x0,
    0x69, 0x3, 0x75, 0x7, 0x70, 0x0, 0x0, 0x0,
    0x0, 0x0, 0x0, 0xb, 0xfe, 0x0, 0x0, 0x0,
    0x0, 0x0, 0x0, 0x0, 0x0, 0xf, 0xff, 0x30,
    0x0, 0x0, 0x0, 0x0, 0x0, 0x2f, 0xff, 0xff,
    0xff, 0xff, 0xff, 0x50, 0x0, 0x0, 0x0, 0x9f,
    0xfe, 0xee, 0xee, 0xee, 0xef, 0xc0, 0x0, 0x0,
    0x0, 0x9d, 0x0, 0x22, 0x2, 0x30, 0xa, 0xb0,
    0x0, 0x0, 0x10, 0x0, 0x0, 0xfb, 0x8, 0xf2,
    0x0, 0x0, 0x0, 0x0, 0xb2, 0x0, 0x4, 0xfe,
    0x1d, 0xf7, 0x0, 0x0, 0x0, 0x0, 0xce, 0x20,
    0x8, 0xf8, 0xe8, 0xfb, 0x0, 0x0, 0x2d, 0xdd,
    0xff, 0xe2, 0xc, 0xe3, 0xf5, 0xcf, 0x0, 0x0,
    0x2c, 0xcc, 0xff, 0xd1, 0xf, 0xbc, 0x4d, 0x9f,
    0x30, 0x0, 0x0, 0x0, 0xcd, 0x10, 0x4f, 0xe7,
    0x5, 0xef, 0x70, 0x0, 0x0, 0x0, 0xa1, 0x0,
    0x9f, 0xc0, 0x0, 0xaf, 0xb0, 0x0, 0x0, 0x0,
    0x0, 0x0, 0xdf, 0x20, 0x0, 0x1e, 0xf0, 0x0,
    0x0, 0x0, 0x0, 0x1, 0xf9, 0x0, 0x0, 0x7,
    0xf4, 0x0,

    /* U+F1A43 "󱩃" */
    0x2d, 0xff, 0xff, 0xff, 0xff, 0xff, 0xff, 0xd2,
    0x9f, 0xff, 0xff, 0xff, 0xff, 0xff, 0xff, 0xf8,
    0x9f, 0xff, 0xff, 0xff, 0xff, 0xff, 0xff, 0xf9,
    0x9f, 0xff, 0xff, 0x9d, 0xd9, 0xff, 0xff, 0xf9,
    0x9f, 0xff, 0xfc, 0xb, 0xb0, 0xcf, 0xff, 0xf9,
    0x9f, 0xff, 0x6d, 0xcc, 0xcc, 0xd6, 0xff, 0xf9,
    0x9f, 0xfe, 0x24, 0xed, 0xde, 0x42, 0xef, 0xf9,
    0x9f, 0xff, 0xff, 0xf2, 0x2f, 0xff, 0xff, 0xf9,
    0x9f, 0xfe, 0x13, 0xed, 0xde, 0x31, 0xef, 0xf9,
    0x9f, 0xff, 0x6d, 0xbc, 0xcc, 0xd6, 0xff, 0xf9,
    0x9f, 0xff, 0xfc, 0xb, 0xb0, 0xcf, 0xff, 0xf9,
    0x9f, 0xff, 0xff, 0xad, 0xda, 0xff, 0xff, 0xf9,
    0x9f, 0xff, 0xff, 0xff, 0xff, 0xff, 0xff, 0xf9,
    0x9f, 0xff, 0xff, 0xff, 0xff, 0xff, 0xff, 0xf8,
    0x2d, 0xff, 0xff, 0xff, 0xff, 0xff, 0xff, 0xd2,

    /* U+F1A57 "󱩗" */
    0x0, 0x0, 0x6, 0xbe, 0xed, 0x92, 0x0, 0x0,
    0x0, 0x3, 0xef, 0xff, 0xff, 0xff, 0x80, 0x0,
    0x0, 0x4f, 0xff, 0xff, 0xff, 0xff, 0xfa, 0x0,
    0x1, 0xef, 0xff, 0xff, 0xff, 0xff, 0xff, 0x70,
    0x9, 0xff, 0xe2, 0x22, 0x22, 0x28, 0xff, 0xf1,
    0xf, 0xff, 0xe0, 0x0, 0x0, 0x7, 0xff, 0xf6,
    0x3f, 0xff, 0xff, 0xff, 0xff, 0xff, 0xff, 0xf9,
    0x4f, 0xff, 0xff, 0xff, 0x37, 0xff, 0xff, 0xfb,
    0x3f, 0xff, 0xff, 0xf3, 0x5, 0xff, 0xff, 0xfa,
    0xf, 0xff, 0xff, 0xa0, 0x9, 0xff, 0xff, 0xf7,
    0xb, 0xff, 0xff, 0xf2, 0x4, 0xff, 0xff, 0xf2,
    0x3, 0xff, 0xff, 0x90, 0x4f, 0xff, 0xff, 0x90,
    0x0, 0x7f, 0xff, 0xf9, 0xff, 0xff, 0xfd, 0x0,
    0x0, 0x6, 0xff, 0xff, 0xff, 0xff, 0xc1, 0x0,
    0x0, 0x0, 0x2a, 0xff, 0xff, 0xe5, 0x0, 0x0,
    0x0, 0x0, 0x4, 0xf7, 0x2f, 0xb0, 0x0, 0x0,
    0x0, 0x0, 0x3, 0xd5, 0xc, 0x90, 0x0, 0x0,

    /* U+F1A71 "󱩱" */
    0x0, 0x0, 0x0, 0x23, 0x15, 0x0, 0x0, 0x0,
    0x0, 0x0, 0x0, 0x0, 0xd, 0xfd, 0xf3, 0x0,
    0x0, 0x0, 0x0, 0x0, 0x0, 0x0, 0x3e, 0xf8,
    0x0, 0x0, 0x0, 0x0, 0x0, 0x3a, 0x20, 0x0,
    0xaf, 0x0, 0x0, 0x8, 0xdc, 0x10, 0x4, 0xf7,
    0x0, 0xc, 0xf2, 0x0, 0x0, 0xd0, 0x85, 0x7,
    0xff, 0xfa, 0x7e, 0xff, 0xf9, 0x10, 0xf, 0xff,
    0x50, 0x28, 0x59, 0xff, 0xd5, 0x2b, 0xfe, 0x0,
    0xff, 0xf5, 0x0, 0x0, 0x9, 0xf1, 0x0, 0xb,
    0xe0, 0xf, 0xff, 0x50, 0x0, 0x0, 0x8f, 0x10,
    0x0, 0xae, 0x0, 0xff, 0xf5, 0x0, 0x0, 0xb,
    0xf3, 0x0, 0xc, 0xe0, 0xf, 0xff, 0x50, 0x4d,
    0x9d, 0xff, 0xf9, 0x6e, 0xfb, 0x7, 0xff, 0xfc,
    0x5, 0xef, 0xf7, 0x3b, 0xff, 0xe5, 0x0, 0xcf,
    0xff, 0xf1, 0x3, 0xf7, 0x0, 0xb, 0xf1, 0x0,
    0xa, 0xff, 0xff, 0x0, 0x3b, 0x30, 0x0, 0xaf,
    0x0, 0x0, 0x2d, 0xff, 0x50, 0x0, 0x0, 0x0,
    0x2e, 0xf6, 0x0, 0x0, 0x2, 0x0, 0x0, 0x0,
    0x0, 0xd, 0xfe, 0xf3, 0x0, 0x0, 0x0, 0x0,
    0x0, 0x0, 0x0, 0x24, 0x16, 0x0, 0x0, 0x0,
    0x0, 0x0,

    /* U+F1A73 "󱩳" */
    0x7, 0xff, 0x1f, 0xff, 0xff, 0xff, 0xf1, 0xff,
    0x70, 0x7, 0xff, 0xd, 0xff, 0xff, 0xff, 0xd0,
    0xff, 0x70, 0x0, 0x0, 0x5, 0xff, 0xff, 0xff,
    0x50, 0x0, 0x0, 0x0, 0x0, 0x61, 0x5d, 0xff,
    0xd5, 0x16, 0x0, 0x0, 0x0, 0x8, 0xf9, 0x0,
    0x22, 0x0, 0x9f, 0x90, 0x0, 0x0, 0x9, 0xc0,
    0x0, 0xcc, 0x0, 0xc, 0x90, 0x0, 0x0, 0x0,
    0x0, 0x0, 0xdd, 0x0, 0x0, 0x0, 0x0, 0x0,
    0x0, 0x0, 0x0, 0x99, 0x0, 0x0, 0x0, 0x0,
    0x0, 0x0, 0x0, 0x0, 0x0, 0x0, 0x0, 0x0,
    0x0, 0x0, 0x68, 0x88, 0x88, 0x11, 0x88, 0x88,
    0x86, 0x0, 0x0, 0xef, 0xff, 0xff, 0x22, 0xff,
    0xff, 0xfe, 0x0, 0x1, 0xff, 0xff, 0xff, 0x22,
    0xff, 0xff, 0xff, 0x10, 0x0, 0x0, 0x0, 0x0,
    0x0, 0x0, 0x0, 0x0, 0x0, 0x3, 0x55, 0x55,
    0x55, 0x11, 0x55, 0x55, 0x55, 0x30, 0xc, 0xff,
    0xff, 0xff, 0x22, 0xff, 0xff, 0xff, 0xc0, 0xf,
    0xff, 0xff, 0xff, 0x22, 0xff, 0xff, 0xff, 0xf0,
    0x3f, 0xff, 0xff, 0xff, 0x22, 0xff, 0xff, 0xff,
    0xf3
};


/*---------------------
 *  GLYPH DESCRIPTION
 *--------------------*/

static const lv_font_fmt_txt_glyph_dsc_t glyph_dsc[] = {
    {.bitmap_index = 0, .adv_w = 0, .box_w = 0, .box_h = 0, .ofs_x = 0, .ofs_y = 0} /* id = 0 reserved */,
    {.bitmap_index = 0, .adv_w = 320, .box_w = 18, .box_h = 17, .ofs_x = 1, .ofs_y = -2},
    {.bitmap_index = 153, .adv_w = 320, .box_w = 14, .box_h = 15, .ofs_x = 3, .ofs_y = 0},
    {.bitmap_index = 258, .adv_w = 320, .box_w = 18, .box_h = 14, .ofs_x = 1, .ofs_y = 1},
    {.bitmap_index = 384, .adv_w = 320, .box_w = 16, .box_h = 21, .ofs_x = 2, .ofs_y = -3},
    {.bitmap_index = 552, .adv_w = 320, .box_w = 20, .box_h = 16, .ofs_x = 0, .ofs_y = 0},
    {.bitmap_index = 712, .adv_w = 320, .box_w = 20, .box_h = 16, .ofs_x = 0, .ofs_y = 0},
    {.bitmap_index = 872, .adv_w = 320, .box_w = 14, .box_h = 15, .ofs_x = 3, .ofs_y = 0},
    {.bitmap_index = 977, .adv_w = 320, .box_w = 14, .box_h = 14, .ofs_x = 3, .ofs_y = 1},
    {.bitmap_index = 1075, .adv_w = 320, .box_w = 14, .box_h = 14, .ofs_x = 3, .ofs_y = 1},
    {.bitmap_index = 1173, .adv_w = 320, .box_w = 14, .box_h = 15, .ofs_x = 3, .ofs_y = 0},
    {.bitmap_index = 1278, .adv_w = 320, .box_w = 10, .box_h = 17, .ofs_x = 5, .ofs_y = -1},
    {.bitmap_index = 1363, .adv_w = 320, .box_w = 10, .box_h = 17, .ofs_x = 5, .ofs_y = -1},
    {.bitmap_index = 1448, .adv_w = 320, .box_w = 10, .box_h = 17, .ofs_x = 5, .ofs_y = -1},
    {.bitmap_index = 1533, .adv_w = 320, .box_w = 10, .box_h = 17, .ofs_x = 5, .ofs_y = -1},
    {.bitmap_index = 1618, .adv_w = 320, .box_w = 10, .box_h = 17, .ofs_x = 5, .ofs_y = -1},
    {.bitmap_index = 1703, .adv_w = 320, .box_w = 16, .box_h = 18, .ofs_x = 2, .ofs_y = -2},
    {.bitmap_index = 1847, .adv_w = 320, .box_w = 19, .box_h = 19, .ofs_x = 0, .ofs_y = -2},
    {.bitmap_index = 2028, .adv_w = 320, .box_w = 19, .box_h = 18, .ofs_x = 0, .ofs_y = -2},
    {.bitmap_index = 2199, .adv_w = 320, .box_w = 18, .box_h = 17, .ofs_x = 1, .ofs_y = -1},
    {.bitmap_index = 2352, .adv_w = 320, .box_w = 20, .box_h = 19, .ofs_x = 0, .ofs_y = -2},
    {.bitmap_index = 2542, .adv_w = 320, .box_w = 20, .box_h = 19, .ofs_x = 0, .ofs_y = -2},
    {.bitmap_index = 2732, .adv_w = 320, .box_w = 16, .box_h = 17, .ofs_x = 2, .ofs_y = 0},
    {.bitmap_index = 2868, .adv_w = 320, .box_w = 18, .box_h = 19, .ofs_x = 2, .ofs_y = -2},
    {.bitmap_index = 3039, .adv_w = 320, .box_w = 16, .box_h = 17, .ofs_x = 2, .ofs_y = 0},
    {.bitmap_index = 3175, .adv_w = 320, .box_w = 16, .box_h = 11, .ofs_x = 2, .ofs_y = 2},
    {.bitmap_index = 3263, .adv_w = 320, .box_w = 20, .box_h = 15, .ofs_x = 0, .ofs_y = 0},
    {.bitmap_index = 3413, .adv_w = 320, .box_w = 12, .box_h = 19, .ofs_x = 4, .ofs_y = -2},
    {.bitmap_index = 3527, .adv_w = 320, .box_w = 18, .box_h = 16, .ofs_x = 1, .ofs_y = 0},
    {.bitmap_index = 3671, .adv_w = 320, .box_w = 18, .box_h = 15, .ofs_x = 1, .ofs_y = 0},
    {.bitmap_index = 3806, .adv_w = 320, .box_w = 18, .box_h = 15, .ofs_x = 1, .ofs_y = 0},
    {.bitmap_index = 3941, .adv_w = 320, .box_w = 16, .box_h = 12, .ofs_x = 2, .ofs_y = 1},
    {.bitmap_index = 4037, .adv_w = 320, .box_w = 16, .box_h = 15, .ofs_x = 2, .ofs_y = 0},
    {.bitmap_index = 4157, .adv_w = 320, .box_w = 16, .box_h = 15, .ofs_x = 2, .ofs_y = 0},
    {.bitmap_index = 4277, .adv_w = 320, .box_w = 10, .box_h = 7, .ofs_x = 5, .ofs_y = 4},
    {.bitmap_index = 4312, .adv_w = 320, .box_w = 7, .box_h = 11, .ofs_x = 6, .ofs_y = 2},
    {.bitmap_index = 4351, .adv_w = 320, .box_w = 7, .box_h = 11, .ofs_x = 7, .ofs_y = 2},
    {.bitmap_index = 4390, .adv_w = 320, .box_w = 10, .box_h = 7, .ofs_x = 5, .ofs_y = 4},
    {.bitmap_index = 4425, .adv_w = 320, .box_w = 18, .box_h = 17, .ofs_x = 1, .ofs_y = -1},
    {.bitmap_index = 4578, .adv_w = 320, .box_w = 12, .box_h = 13, .ofs_x = 4, .ofs_y = 1},
    {.bitmap_index = 4656, .adv_w = 320, .box_w = 18, .box_h = 17, .ofs_x = 1, .ofs_y = -1},
    {.bitmap_index = 4809, .adv_w = 320, .box_w = 20, .box_h = 15, .ofs_x = 0, .ofs_y = 0},
    {.bitmap_index = 4959, .adv_w = 320, .box_w = 18, .box_h = 15, .ofs_x = 1, .ofs_y = 0},
    {.bitmap_index = 5094, .adv_w = 320, .box_w = 16, .box_h = 15, .ofs_x = 2, .ofs_y = 0},
    {.bitmap_index = 5214, .adv_w = 320, .box_w = 18, .box_h = 15, .ofs_x = 1, .ofs_y = 0},
    {.bitmap_index = 5349, .adv_w = 320, .box_w = 20, .box_h = 19, .ofs_x = 0, .ofs_y = -2},
    {.bitmap_index = 5539, .adv_w = 320, .box_w = 17, .box_h = 15, .ofs_x = 1, .ofs_y = 0},
    {.bitmap_index = 5667, .adv_w = 320, .box_w = 12, .box_h = 15, .ofs_x = 4, .ofs_y = 0},
    {.bitmap_index = 5757, .adv_w = 320, .box_w = 14, .box_h = 15, .ofs_x = 3, .ofs_y = 0},
    {.bitmap_index = 5862, .adv_w = 320, .box_w = 10, .box_h = 17, .ofs_x = 5, .ofs_y = -1},
    {.bitmap_index = 5947, .adv_w = 320, .box_w = 14, .box_h = 5, .ofs_x = 3, .ofs_y = 5},
    {.bitmap_index = 5982, .adv_w = 320, .box_w = 12, .box_h = 16, .ofs_x = 4, .ofs_y = 0},
    {.bitmap_index = 6078, .adv_w = 320, .box_w = 19, .box_h = 13, .ofs_x = 0, .ofs_y = 1},
    {.bitmap_index = 6202, .adv_w = 320, .box_w = 19, .box_h = 17, .ofs_x = 0, .ofs_y = -1},
    {.bitmap_index = 6364, .adv_w = 320, .box_w = 18, .box_h = 17, .ofs_x = 1, .ofs_y = -1},
    {.bitmap_index = 6517, .adv_w = 320, .box_w = 13, .box_h = 16, .ofs_x = 4, .ofs_y = -1},
    {.bitmap_index = 6621, .adv_w = 320, .box_w = 10, .box_h = 17, .ofs_x = 5, .ofs_y = -1},
    {.bitmap_index = 6706, .adv_w = 320, .box_w = 15, .box_h = 17, .ofs_x = 1, .ofs_y = -1},
    {.bitmap_index = 6834, .adv_w = 320, .box_w = 16, .box_h = 18, .ofs_x = 2, .ofs_y = -1},
    {.bitmap_index = 6978, .adv_w = 320, .box_w = 18, .box_h = 15, .ofs_x = 1, .ofs_y = 0},
    {.bitmap_index = 7113, .adv_w = 320, .box_w = 16, .box_h = 13, .ofs_x = 2, .ofs_y = 1},
    {.bitmap_index = 7217, .adv_w = 320, .box_w = 12, .box_h = 17, .ofs_x = 4, .ofs_y = -1},
    {.bitmap_index = 7319, .adv_w = 320, .box_w = 20, .box_h = 13, .ofs_x = 0, .ofs_y = 0},
    {.bitmap_index = 7449, .adv_w = 320, .box_w = 18, .box_h = 17, .ofs_x = 1, .ofs_y = -1},
    {.bitmap_index = 7602, .adv_w = 320, .box_w = 14, .box_h = 17, .ofs_x = 3, .ofs_y = -1},
    {.bitmap_index = 7721, .adv_w = 320, .box_w = 16, .box_h = 17, .ofs_x = 2, .ofs_y = 0},
    {.bitmap_index = 7857, .adv_w = 320, .box_w = 18, .box_h = 15, .ofs_x = 1, .ofs_y = 0},
    {.bitmap_index = 7992, .adv_w = 320, .box_w = 20, .box_h = 14, .ofs_x = 0, .ofs_y = 0},
    {.bitmap_index = 8132, .adv_w = 320, .box_w = 18, .box_h = 17, .ofs_x = 1, .ofs_y = -1},
    {.bitmap_index = 8285, .adv_w = 320, .box_w = 20, .box_h = 11, .ofs_x = 0, .ofs_y = 2},
    {.bitmap_index = 8395, .adv_w = 320, .box_w = 18, .box_h = 17, .ofs_x = 1, .ofs_y = -1},
    {.bitmap_index = 8548, .adv_w = 320, .box_w = 20, .box_h = 19, .ofs_x = 0, .ofs_y = -2},
    {.bitmap_index = 8738, .adv_w = 320, .box_w = 20, .box_h = 19, .ofs_x = 0, .ofs_y = -2},
    {.bitmap_index = 8928, .adv_w = 320, .box_w = 20, .box_h = 15, .ofs_x = 0, .ofs_y = 0},
    {.bitmap_index = 9078, .adv_w = 320, .box_w = 18, .box_h = 16, .ofs_x = 1, .ofs_y = -1},
    {.bitmap_index = 9222, .adv_w = 320, .box_w = 12, .box_h = 17, .ofs_x = 4, .ofs_y = -1},
    {.bitmap_index = 9324, .adv_w = 320, .box_w = 12, .box_h = 17, .ofs_x = 4, .ofs_y = -1},
    {.bitmap_index = 9426, .adv_w = 320, .box_w = 14, .box_h = 18, .ofs_x = 3, .ofs_y = -1},
    {.bitmap_index = 9552, .adv_w = 320, .box_w = 14, .box_h = 18, .ofs_x = 3, .ofs_y = -1},
    {.bitmap_index = 9678, .adv_w = 320, .box_w = 16, .box_h = 15, .ofs_x = 2, .ofs_y = 0},
    {.bitmap_index = 9798, .adv_w = 320, .box_w = 12, .box_h = 17, .ofs_x = 4, .ofs_y = -1},
    {.bitmap_index = 9900, .adv_w = 320, .box_w = 16, .box_h = 17, .ofs_x = 1, .ofs_y = -1},
    {.bitmap_index = 10036, .adv_w = 320, .box_w = 16, .box_h = 16, .ofs_x = 2, .ofs_y = 0},
    {.bitmap_index = 10164, .adv_w = 320, .box_w = 16, .box_h = 11, .ofs_x = 2, .ofs_y = 2},
    {.bitmap_index = 10252, .adv_w = 320, .box_w = 12, .box_h = 16, .ofs_x = 4, .ofs_y = 0},
    {.bitmap_index = 10348, .adv_w = 320, .box_w = 12, .box_h = 3, .ofs_x = 4, .ofs_y = 6},
    {.bitmap_index = 10366, .adv_w = 320, .box_w = 16, .box_h = 15, .ofs_x = 2, .ofs_y = 0},
    {.bitmap_index = 10486, .adv_w = 320, .box_w = 18, .box_h = 17, .ofs_x = 1, .ofs_y = -1},
    {.bitmap_index = 10639, .adv_w = 320, .box_w = 16, .box_h = 15, .ofs_x = 2, .ofs_y = 0},
    {.bitmap_index = 10759, .adv_w = 320, .box_w = 10, .box_h = 13, .ofs_x = 5, .ofs_y = 1},
    {.bitmap_index = 10824, .adv_w = 320, .box_w = 16, .box_h = 15, .ofs_x = 2, .ofs_y = 0},
    {.bitmap_index = 10944, .adv_w = 320, .box_w = 10, .box_h = 13, .ofs_x = 6, .ofs_y = 1},
    {.bitmap_index = 11009, .adv_w = 320, .box_w = 12, .box_h = 13, .ofs_x = 4, .ofs_y = 1},
    {.bitmap_index = 11087, .adv_w = 320, .box_w = 14, .box_h = 15, .ofs_x = 3, .ofs_y = 0},
    {.bitmap_index = 11192, .adv_w = 320, .box_w = 18, .box_h = 16, .ofs_x = 1, .ofs_y = 0},
    {.bitmap_index = 11336, .adv_w = 320, .box_w = 18, .box_h = 17, .ofs_x = 1, .ofs_y = -1},
    {.bitmap_index = 11489, .adv_w = 320, .box_w = 18, .box_h = 18, .ofs_x = 1, .ofs_y = -1},
    {.bitmap_index = 11651, .adv_w = 320, .box_w = 14, .box_h = 15, .ofs_x = 3, .ofs_y = 0},
    {.bitmap_index = 11756, .adv_w = 320, .box_w = 16, .box_h = 15, .ofs_x = 2, .ofs_y = 0},
    {.bitmap_index = 11876, .adv_w = 320, .box_w = 16, .box_h = 19, .ofs_x = 2, .ofs_y = -2},
    {.bitmap_index = 12028, .adv_w = 320, .box_w = 16, .box_h = 19, .ofs_x = 2, .ofs_y = -2},
    {.bitmap_index = 12180, .adv_w = 320, .box_w = 18, .box_h = 17, .ofs_x = 1, .ofs_y = -1},
    {.bitmap_index = 12333, .adv_w = 320, .box_w = 16, .box_h = 15, .ofs_x = 2, .ofs_y = 0},
    {.bitmap_index = 12453, .adv_w = 320, .box_w = 10, .box_h = 11, .ofs_x = 5, .ofs_y = 2},
    {.bitmap_index = 12508, .adv_w = 320, .box_w = 10, .box_h = 11, .ofs_x = 5, .ofs_y = 2},
    {.bitmap_index = 12563, .adv_w = 320, .box_w = 20, .box_h = 15, .ofs_x = 0, .ofs_y = 0},
    {.bitmap_index = 12713, .adv_w = 320, .box_w = 20, .box_h = 15, .ofs_x = 0, .ofs_y = -1},
    {.bitmap_index = 12863, .adv_w = 320, .box_w = 12, .box_h = 17, .ofs_x = 4, .ofs_y = -1},
    {.bitmap_index = 12965, .adv_w = 320, .box_w = 18, .box_h = 15, .ofs_x = 1, .ofs_y = 0},
    {.bitmap_index = 13100, .adv_w = 320, .box_w = 10, .box_h = 11, .ofs_x = 5, .ofs_y = 2},
    {.bitmap_index = 13155, .adv_w = 320, .box_w = 18, .box_h = 17, .ofs_x = 1, .ofs_y = -1},
    {.bitmap_index = 13308, .adv_w = 320, .box_w = 14, .box_h = 19, .ofs_x = 3, .ofs_y = -2},
    {.bitmap_index = 13441, .adv_w = 320, .box_w = 20, .box_h = 15, .ofs_x = 0, .ofs_y = 0},
    {.bitmap_index = 13591, .adv_w = 320, .box_w = 20, .box_h = 15, .ofs_x = 0, .ofs_y = 0},
    {.bitmap_index = 13741, .adv_w = 320, .box_w = 10, .box_h = 17, .ofs_x = 5, .ofs_y = -1},
    {.bitmap_index = 13826, .adv_w = 320, .box_w = 16, .box_h = 18, .ofs_x = 2, .ofs_y = -1},
    {.bitmap_index = 13970, .adv_w = 320, .box_w = 18, .box_h = 9, .ofs_x = 1, .ofs_y = 3},
    {.bitmap_index = 14051, .adv_w = 320, .box_w = 18, .box_h = 9, .ofs_x = 1, .ofs_y = 3},
    {.bitmap_index = 14132, .adv_w = 320, .box_w = 13, .box_h = 15, .ofs_x = 4, .ofs_y = 0},
    {.bitmap_index = 14230, .adv_w = 320, .box_w = 16, .box_h = 17, .ofs_x = 2, .ofs_y = -1},
    {.bitmap_index = 14366, .adv_w = 320, .box_w = 12, .box_h = 16, .ofs_x = 4, .ofs_y = 0},
    {.bitmap_index = 14462, .adv_w = 320, .box_w = 16, .box_h = 15, .ofs_x = 2, .ofs_y = 0},
    {.bitmap_index = 14582, .adv_w = 320, .box_w = 9, .box_h = 15, .ofs_x = 5, .ofs_y = 0},
    {.bitmap_index = 14650, .adv_w = 320, .box_w = 12, .box_h = 15, .ofs_x = 4, .ofs_y = 0},
    {.bitmap_index = 14740, .adv_w = 320, .box_w = 16, .box_h = 15, .ofs_x = 2, .ofs_y = 0},
    {.bitmap_index = 14860, .adv_w = 320, .box_w = 11, .box_h = 19, .ofs_x = 5, .ofs_y = -1},
    {.bitmap_index = 14965, .adv_w = 320, .box_w = 10, .box_h = 15, .ofs_x = 5, .ofs_y = 0},
    {.bitmap_index = 15040, .adv_w = 320, .box_w = 19, .box_h = 19, .ofs_x = 0, .ofs_y = -2},
    {.bitmap_index = 15221, .adv_w = 320, .box_w = 10, .box_h = 15, .ofs_x = 5, .ofs_y = 0},
    {.bitmap_index = 15296, .adv_w = 320, .box_w = 20, .box_h = 13, .ofs_x = 0, .ofs_y = 1},
    {.bitmap_index = 15426, .adv_w = 320, .box_w = 20, .box_h = 15, .ofs_x = 0, .ofs_y = 0},
    {.bitmap_index = 15576, .adv_w = 320, .box_w = 20, .box_h = 17, .ofs_x = 0, .ofs_y = -1},
    {.bitmap_index = 15746, .adv_w = 320, .box_w = 20, .box_h = 17, .ofs_x = 0, .ofs_y = -1},
    {.bitmap_index = 15916, .adv_w = 320, .box_w = 17, .box_h = 19, .ofs_x = 1, .ofs_y = -2},
    {.bitmap_index = 16078, .adv_w = 320, .box_w = 19, .box_h = 17, .ofs_x = 0, .ofs_y = -1},
    {.bitmap_index = 16240, .adv_w = 320, .box_w = 20, .box_h = 17, .ofs_x = 0, .ofs_y = -1},
    {.bitmap_index = 16410, .adv_w = 320, .box_w = 20, .box_h = 17, .ofs_x = 0, .ofs_y = -1},
    {.bitmap_index = 16580, .adv_w = 320, .box_w = 20, .box_h = 18, .ofs_x = 0, .ofs_y = -2},
    {.bitmap_index = 16760, .adv_w = 320, .box_w = 16, .box_h = 17, .ofs_x = 2, .ofs_y = -1},
    {.bitmap_index = 16896, .adv_w = 320, .box_w = 18, .box_h = 17, .ofs_x = 1, .ofs_y = -1},
    {.bitmap_index = 17049, .adv_w = 320, .box_w = 18, .box_h = 16, .ofs_x = 1, .ofs_y = 0},
    {.bitmap_index = 17193, .adv_w = 320, .box_w = 18, .box_h = 16, .ofs_x = 1, .ofs_y = 0},
    {.bitmap_index = 17337, .adv_w = 320, .box_w = 17, .box_h = 17, .ofs_x = 2, .ofs_y = -1},
    {.bitmap_index = 17482, .adv_w = 320, .box_w = 18, .box_h = 17, .ofs_x = 1, .ofs_y = -1},
    {.bitmap_index = 17635, .adv_w = 320, .box_w = 18, .box_h = 15, .ofs_x = 1, .ofs_y = 0},
    {.bitmap_index = 17770, .adv_w = 320, .box_w = 19, .box_h = 15, .ofs_x = 0, .ofs_y = 0},
    {.bitmap_index = 17913, .adv_w = 320, .box_w = 14, .box_h = 17, .ofs_x = 3, .ofs_y = -1},
    {.bitmap_index = 18032, .adv_w = 320, .box_w = 14, .box_h = 17, .ofs_x = 3, .ofs_y = -1},
    {.bitmap_index = 18151, .adv_w = 320, .box_w = 20, .box_h = 19, .ofs_x = 0, .ofs_y = -2},
    {.bitmap_index = 18341, .adv_w = 320, .box_w = 18, .box_h = 13, .ofs_x = 2, .ofs_y = 0},
    {.bitmap_index = 18458, .adv_w = 320, .box_w = 18, .box_h = 17, .ofs_x = 1, .ofs_y = -1},
    {.bitmap_index = 18611, .adv_w = 320, .box_w = 18, .box_h = 17, .ofs_x = 1, .ofs_y = -1},
    {.bitmap_index = 18764, .adv_w = 320, .box_w = 15, .box_h = 15, .ofs_x = 3, .ofs_y = 0},
    {.bitmap_index = 18877, .adv_w = 320, .box_w = 18, .box_h = 16, .ofs_x = 1, .ofs_y = 0},
    {.bitmap_index = 19021, .adv_w = 320, .box_w = 16, .box_h = 15, .ofs_x = 2, .ofs_y = 0},
    {.bitmap_index = 19141, .adv_w = 320, .box_w = 18, .box_h = 17, .ofs_x = 1, .ofs_y = -1},
    {.bitmap_index = 19294, .adv_w = 320, .box_w = 8, .box_h = 17, .ofs_x = 6, .ofs_y = -1},
    {.bitmap_index = 19362, .adv_w = 320, .box_w = 20, .box_h = 17, .ofs_x = 0, .ofs_y = -1},
    {.bitmap_index = 19532, .adv_w = 320, .box_w = 20, .box_h = 17, .ofs_x = 0, .ofs_y = -1},
    {.bitmap_index = 19702, .adv_w = 320, .box_w = 16, .box_h = 19, .ofs_x = 2, .ofs_y = -2},
    {.bitmap_index = 19854, .adv_w = 320, .box_w = 18, .box_h = 16, .ofs_x = 1, .ofs_y = 0},
    {.bitmap_index = 19998, .adv_w = 320, .box_w = 10, .box_h = 15, .ofs_x = 5, .ofs_y = 0},
    {.bitmap_index = 20073, .adv_w = 320, .box_w = 19, .box_h = 19, .ofs_x = 0, .ofs_y = -2},
    {.bitmap_index = 20254, .adv_w = 320, .box_w = 16, .box_h = 17, .ofs_x = 2, .ofs_y = -1},
    {.bitmap_index = 20390, .adv_w = 320, .box_w = 14, .box_h = 17, .ofs_x = 3, .ofs_y = -1},
    {.bitmap_index = 20509, .adv_w = 320, .box_w = 12, .box_h = 14, .ofs_x = 4, .ofs_y = 0},
    {.bitmap_index = 20593, .adv_w = 320, .box_w = 12, .box_h = 14, .ofs_x = 4, .ofs_y = 0},
    {.bitmap_index = 20677, .adv_w = 320, .box_w = 20, .box_h = 19, .ofs_x = 0, .ofs_y = -2},
    {.bitmap_index = 20867, .adv_w = 320, .box_w = 20, .box_h = 19, .ofs_x = 0, .ofs_y = -2},
    {.bitmap_index = 21057, .adv_w = 320, .box_w = 14, .box_h = 17, .ofs_x = 3, .ofs_y = 0},
    {.bitmap_index = 21176, .adv_w = 320, .box_w = 18, .box_h = 17, .ofs_x = 1, .ofs_y = -1},
    {.bitmap_index = 21329, .adv_w = 320, .box_w = 14, .box_h = 19, .ofs_x = 2, .ofs_y = -2},
    {.bitmap_index = 21462, .adv_w = 320, .box_w = 16, .box_h = 17, .ofs_x = 2, .ofs_y = -1},
    {.bitmap_index = 21598, .adv_w = 320, .box_w = 14, .box_h = 17, .ofs_x = 3, .ofs_y = -1},
    {.bitmap_index = 21717, .adv_w = 320, .box_w = 17, .box_h = 15, .ofs_x = 1, .ofs_y = 0},
    {.bitmap_index = 21845, .adv_w = 320, .box_w = 14, .box_h = 15, .ofs_x = 3, .ofs_y = 0},
    {.bitmap_index = 21950, .adv_w = 320, .box_w = 18, .box_h = 14, .ofs_x = 1, .ofs_y = 0},
    {.bitmap_index = 22076, .adv_w = 320, .box_w = 18, .box_h = 15, .ofs_x = 1, .ofs_y = 0},
    {.bitmap_index = 22211, .adv_w = 320, .box_w = 15, .box_h = 10, .ofs_x = 2, .ofs_y = 2},
    {.bitmap_index = 22286, .adv_w = 320, .box_w = 18, .box_h = 17, .ofs_x = 1, .ofs_y = -1},
    {.bitmap_index = 22439, .adv_w = 320, .box_w = 18, .box_h = 15, .ofs_x = 1, .ofs_y = 0},
    {.bitmap_index = 22574, .adv_w = 320, .box_w = 11, .box_h = 15, .ofs_x = 5, .ofs_y = 0},
    {.bitmap_index = 22657, .adv_w = 320, .box_w = 18, .box_h = 15, .ofs_x = 1, .ofs_y = 0},
    {.bitmap_index = 22792, .adv_w = 320, .box_w = 18, .box_h = 15, .ofs_x = 1, .ofs_y = 0},
    {.bitmap_index = 22927, .adv_w = 320, .box_w = 18, .box_h = 17, .ofs_x = 1, .ofs_y = -1},
    {.bitmap_index = 23080, .adv_w = 320, .box_w = 17, .box_h = 16, .ofs_x = 2, .ofs_y = -1},
    {.bitmap_index = 23216, .adv_w = 320, .box_w = 20, .box_h = 13, .ofs_x = 0, .ofs_y = 0},
    {.bitmap_index = 23346, .adv_w = 320, .box_w = 18, .box_h = 17, .ofs_x = 1, .ofs_y = -1},
    {.bitmap_index = 23499, .adv_w = 320, .box_w = 18, .box_h = 17, .ofs_x = 1, .ofs_y = -1},
    {.bitmap_index = 23652, .adv_w = 320, .box_w = 10, .box_h = 17, .ofs_x = 5, .ofs_y = -1},
    {.bitmap_index = 23737, .adv_w = 320, .box_w = 9, .box_h = 17, .ofs_x = 6, .ofs_y = -1},
    {.bitmap_index = 23814, .adv_w = 320, .box_w = 18, .box_h = 18, .ofs_x = 1, .ofs_y = -1},
    {.bitmap_index = 23976, .adv_w = 320, .box_w = 13, .box_h = 16, .ofs_x = 3, .ofs_y = -1},
    {.bitmap_index = 24080, .adv_w = 320, .box_w = 16, .box_h = 19, .ofs_x = 2, .ofs_y = -2},
    {.bitmap_index = 24232, .adv_w = 320, .box_w = 18, .box_h = 17, .ofs_x = 1, .ofs_y = -1},
    {.bitmap_index = 24385, .adv_w = 320, .box_w = 16, .box_h = 15, .ofs_x = 2, .ofs_y = 0},
    {.bitmap_index = 24505, .adv_w = 320, .box_w = 14, .box_h = 17, .ofs_x = 3, .ofs_y = -1},
    {.bitmap_index = 24624, .adv_w = 320, .box_w = 16, .box_h = 17, .ofs_x = 2, .ofs_y = -1},
    {.bitmap_index = 24760, .adv_w = 320, .box_w = 18, .box_h = 17, .ofs_x = 1, .ofs_y = -1},
    {.bitmap_index = 24913, .adv_w = 320, .box_w = 14, .box_h = 17, .ofs_x = 3, .ofs_y = -1},
    {.bitmap_index = 25032, .adv_w = 320, .box_w = 18, .box_h = 9, .ofs_x = 1, .ofs_y = -1},
    {.bitmap_index = 25113, .adv_w = 320, .box_w = 18, .box_h = 17, .ofs_x = 1, .ofs_y = -1},
    {.bitmap_index = 25266, .adv_w = 320, .box_w = 16, .box_h = 19, .ofs_x = 2, .ofs_y = -2},
    {.bitmap_index = 25418, .adv_w = 320, .box_w = 18, .box_h = 17, .ofs_x = 1, .ofs_y = -1},
    {.bitmap_index = 25571, .adv_w = 320, .box_w = 16, .box_h = 21, .ofs_x = 2, .ofs_y = -3},
    {.bitmap_index = 25739, .adv_w = 320, .box_w = 14, .box_h = 17, .ofs_x = 3, .ofs_y = -1},
    {.bitmap_index = 25858, .adv_w = 320, .box_w = 18, .box_h = 17, .ofs_x = 1, .ofs_y = -1},
    {.bitmap_index = 26011, .adv_w = 320, .box_w = 19, .box_h = 19, .ofs_x = 1, .ofs_y = -1},
    {.bitmap_index = 26192, .adv_w = 320, .box_w = 18, .box_h = 16, .ofs_x = 1, .ofs_y = -1},
    {.bitmap_index = 26336, .adv_w = 320, .box_w = 18, .box_h = 16, .ofs_x = 1, .ofs_y = 0},
    {.bitmap_index = 26480, .adv_w = 320, .box_w = 19, .box_h = 18, .ofs_x = 1, .ofs_y = -1},
    {.bitmap_index = 26651, .adv_w = 320, .box_w = 20, .box_h = 19, .ofs_x = 0, .ofs_y = -2},
    {.bitmap_index = 26841, .adv_w = 320, .box_w = 16, .box_h = 17, .ofs_x = 2, .ofs_y = -1},
    {.bitmap_index = 26977, .adv_w = 320, .box_w = 18, .box_h = 15, .ofs_x = 1, .ofs_y = 0},
    {.bitmap_index = 27112, .adv_w = 320, .box_w = 17, .box_h = 16, .ofs_x = 1, .ofs_y = -1},
    {.bitmap_index = 27248, .adv_w = 320, .box_w = 11, .box_h = 17, .ofs_x = 5, .ofs_y = -1},
    {.bitmap_index = 27342, .adv_w = 320, .box_w = 19, .box_h = 18, .ofs_x = 1, .ofs_y = -1},
    {.bitmap_index = 27513, .adv_w = 320, .box_w = 18, .box_h = 12, .ofs_x = 1, .ofs_y = 4},
    {.bitmap_index = 27621, .adv_w = 320, .box_w = 18, .box_h = 15, .ofs_x = 1, .ofs_y = 0},
    {.bitmap_index = 27756, .adv_w = 320, .box_w = 18, .box_h = 17, .ofs_x = 1, .ofs_y = -1},
    {.bitmap_index = 27909, .adv_w = 320, .box_w = 18, .box_h = 17, .ofs_x = 1, .ofs_y = -1},
    {.bitmap_index = 28062, .adv_w = 320, .box_w = 16, .box_h = 16, .ofs_x = 2, .ofs_y = -1},
    {.bitmap_index = 28190, .adv_w = 320, .box_w = 10, .box_h = 17, .ofs_x = 5, .ofs_y = -1},
    {.bitmap_index = 28275, .adv_w = 320, .box_w = 10, .box_h = 17, .ofs_x = 5, .ofs_y = -1},
    {.bitmap_index = 28360, .adv_w = 320, .box_w = 16, .box_h = 15, .ofs_x = 2, .ofs_y = 0},
    {.bitmap_index = 28480, .adv_w = 320, .box_w = 16, .box_h = 15, .ofs_x = 2, .ofs_y = 0},
    {.bitmap_index = 28600, .adv_w = 320, .box_w = 20, .box_h = 12, .ofs_x = 0, .ofs_y = 0},
    {.bitmap_index = 28720, .adv_w = 320, .box_w = 18, .box_h = 14, .ofs_x = 1, .ofs_y = 0},
    {.bitmap_index = 28846, .adv_w = 320, .box_w = 18, .box_h = 17, .ofs_x = 1, .ofs_y = -1},
    {.bitmap_index = 28999, .adv_w = 320, .box_w = 20, .box_h = 13, .ofs_x = 0, .ofs_y = 1},
    {.bitmap_index = 29129, .adv_w = 320, .box_w = 10, .box_h = 19, .ofs_x = 5, .ofs_y = -2},
    {.bitmap_index = 29224, .adv_w = 320, .box_w = 20, .box_h = 20, .ofs_x = 0, .ofs_y = -2},
    {.bitmap_index = 29424, .adv_w = 320, .box_w = 14, .box_h = 15, .ofs_x = 3, .ofs_y = 1},
    {.bitmap_index = 29529, .adv_w = 320, .box_w = 16, .box_h = 16, .ofs_x = 2, .ofs_y = -1},
    {.bitmap_index = 29657, .adv_w = 320, .box_w = 15, .box_h = 17, .ofs_x = 3, .ofs_y = -1},
    {.bitmap_index = 29785, .adv_w = 320, .box_w = 20, .box_h = 18, .ofs_x = 0, .ofs_y = -1},
    {.bitmap_index = 29965, .adv_w = 320, .box_w = 19, .box_h = 18, .ofs_x = 0, .ofs_y = -1},
    {.bitmap_index = 30136, .adv_w = 320, .box_w = 18, .box_h = 16, .ofs_x = 1, .ofs_y = -1},
    {.bitmap_index = 30280, .adv_w = 320, .box_w = 18, .box_h = 16, .ofs_x = 1, .ofs_y = 0},
    {.bitmap_index = 30424, .adv_w = 320, .box_w = 20, .box_h = 17, .ofs_x = 0, .ofs_y = -1},
    {.bitmap_index = 30594, .adv_w = 320, .box_w = 20, .box_h = 17, .ofs_x = 0, .ofs_y = -1},
    {.bitmap_index = 30764, .adv_w = 320, .box_w = 16, .box_h = 15, .ofs_x = 2, .ofs_y = 0},
    {.bitmap_index = 30884, .adv_w = 320, .box_w = 16, .box_h = 17, .ofs_x = 2, .ofs_y = -1},
    {.bitmap_index = 31020, .adv_w = 320, .box_w = 19, .box_h = 17, .ofs_x = 0, .ofs_y = -1},
    {.bitmap_index = 31182, .adv_w = 320, .box_w = 18, .box_h = 17, .ofs_x = 1, .ofs_y = -1}
};

/*---------------------
 *  CHARACTER MAPPING
 *--------------------*/

static const uint16_t unicode_list_0[] = {
    0x0, 0x2, 0xc, 0x19, 0x24, 0x28, 0x43, 0x4b,
    0x52, 0x5b, 0x77, 0x7c, 0x81, 0x82, 0x8c, 0x98,
    0x99, 0x9c, 0xaa, 0xdc, 0xde, 0xeb, 0xee, 0xf4,
    0x112, 0x116, 0x11a, 0x125, 0x126, 0x128, 0x12a, 0x12f,
    0x133, 0x13e, 0x13f, 0x140, 0x141, 0x14e, 0x154, 0x157,
    0x15d, 0x174, 0x191, 0x197, 0x1a2, 0x1ab, 0x1b2, 0x1ba,
    0x1c3, 0x1d6, 0x1d8, 0x206, 0x207, 0x20e, 0x236, 0x23f,
    0x241, 0x248, 0x249, 0x277, 0x28e, 0x297, 0x298, 0x2c8,
    0x2c9, 0x2da, 0x2e1, 0x2fb, 0x304, 0x309, 0x316, 0x317,
    0x320, 0x328, 0x333, 0x334, 0x33c, 0x33d, 0x347, 0x34c,
    0x34f, 0x359, 0x35a, 0x36a, 0x372, 0x390, 0x391, 0x3d6,
    0x3e2, 0x3e9, 0x408, 0x413, 0x423, 0x428, 0x436, 0x437,
    0x44e, 0x467, 0x481, 0x489, 0x491, 0x4a0, 0x4ab, 0x4ac,
    0x4b0, 0x4b7, 0x4c1, 0x4c3, 0x4d9, 0x4dc, 0x4e4, 0x4f4,
    0x500, 0x50d, 0x519, 0x51f, 0x520, 0x52f, 0x548, 0x550,
    0x57c, 0x57d, 0x57e, 0x57f, 0x581, 0x58a, 0x58b, 0x58c,
    0x58e, 0x58f, 0x590, 0x591, 0x592, 0x593, 0x594, 0x595,
    0x596, 0x597, 0x598, 0x599, 0x59a, 0x59b, 0x59c, 0x5a7,
    0x5a8, 0x5ac, 0x5af, 0x5b5, 0x5c5, 0x5d4, 0x5de, 0x5ef,
    0x604, 0x618, 0x623, 0x645, 0x67c, 0x67d, 0x688, 0x69f,
    0x6a3, 0x6a4, 0x6ae, 0x6b3, 0x6d7, 0x6d8, 0x6e6, 0x6e7,
    0x707, 0x70b, 0x70c, 0x715, 0x728, 0x758, 0x767, 0x78b,
    0x7ac, 0x7e2, 0x7e5, 0x7f2, 0x818, 0x819, 0x81a, 0x81b,
    0x81d, 0x847, 0x872, 0x873, 0x896, 0x8db, 0x912, 0x91a,
    0x99b, 0x99e, 0x9eb, 0x9ec, 0xa6e, 0xa70, 0xaaa, 0xad5,
    0xad6, 0xb6a, 0xbc0, 0xd36, 0xd3c, 0xd41, 0xd8f, 0xe64,
    0xf2e, 0xf2f, 0xf34, 0xf35, 0xf36, 0xf52, 0xf90, 0xfc4,
    0x100f, 0x104f, 0x1062, 0x1064, 0x1097, 0x10c0, 0x10c1, 0x111a,
    0x111c, 0x1168, 0x1251, 0x12a6, 0x12b8, 0x1409, 0x1433, 0x1500,
    0x15d5, 0x17c2, 0x1844, 0x1845, 0x18ff, 0x1901, 0x192a, 0x192b,
    0x1a41, 0x1a55, 0x1a6f, 0x1a71
};

/*Collect the unicode lists and glyph_id offsets*/
static const lv_font_fmt_txt_cmap_t cmaps[] =
{
    {
        .range_start = 983042, .range_length = 6770, .glyph_id_start = 1,
        .unicode_list = unicode_list_0, .glyph_id_ofs_list = NULL, .list_length = 244, .type = LV_FONT_FMT_TXT_CMAP_SPARSE_TINY
    }
};



/*--------------------
 *  ALL CUSTOM DATA
 *--------------------*/

#if LVGL_VERSION_MAJOR == 8
/*Store all the custom data of the font*/
static  lv_font_fmt_txt_glyph_cache_t cache;
#endif

#if LVGL_VERSION_MAJOR >= 8
static const lv_font_fmt_txt_dsc_t font_dsc = {
#else
static lv_font_fmt_txt_dsc_t font_dsc = {
#endif
    .glyph_bitmap = glyph_bitmap,
    .glyph_dsc = glyph_dsc,
    .cmaps = cmaps,
    .kern_dsc = NULL,
    .kern_scale = 0,
    .cmap_num = 1,
    .bpp = 4,
    .kern_classes = 0,
    .bitmap_format = 0,
#if LVGL_VERSION_MAJOR == 8
    .cache = &cache
#endif
};



/*-----------------
 *  PUBLIC FONT
 *----------------*/

/*Initialize a public general font descriptor*/
#if LVGL_VERSION_MAJOR >= 8
const lv_font_t lv_font_mdi_20 = {
#else
lv_font_t lv_font_mdi_20 = {
#endif
    .get_glyph_dsc = lv_font_get_glyph_dsc_fmt_txt,    /*Function pointer to get glyph's data*/
    .get_glyph_bitmap = lv_font_get_bitmap_fmt_txt,    /*Function pointer to get glyph's bitmap*/
    .line_height = 21,          /*The maximum line height required by the font*/
    .base_line = 3,             /*Baseline measured from the bottom of the line*/
#if !(LVGL_VERSION_MAJOR == 6 && LVGL_VERSION_MINOR == 0)
    .subpx = LV_FONT_SUBPX_NONE,
#endif
#if LV_VERSION_CHECK(7, 4, 0) || LVGL_VERSION_MAJOR >= 8
    .underline_position = 0,
    .underline_thickness = 0,
#endif
    .dsc = &font_dsc,          /*The custom font data. Will be accessed by `get_glyph_bitmap/dsc` */
#if LV_VERSION_CHECK(8, 2, 0) || LVGL_VERSION_MAJOR >= 9
    .fallback = NULL,
#endif
    .user_data = NULL,
};



#endif /*#if LV_FONT_MDI_20*/

